ISO-10303-21;
HEADER;
FILE_DESCRIPTION(('FreeCAD Model'),'2;1');
FILE_NAME('Open CASCADE Shape Model','2026-06-24T16:33:36',(''),(''),
  'Open CASCADE STEP processor 7.8','FreeCAD','Unknown');
FILE_SCHEMA(('AUTOMOTIVE_DESIGN { 1 0 10303 214 1 1 1 1 }'));
ENDSEC;
DATA;
#1 = APPLICATION_PROTOCOL_DEFINITION('international standard',
  'automotive_design',2000,#2);
#2 = APPLICATION_CONTEXT(
  'core data for automotive mechanical design processes');
#3 = SHAPE_DEFINITION_REPRESENTATION(#4,#10);
#4 = PRODUCT_DEFINITION_SHAPE('','',#5);
#5 = PRODUCT_DEFINITION('design','',#6,#9);
#6 = PRODUCT_DEFINITION_FORMATION('','',#7);
#7 = PRODUCT('case','case','',(#8));
#8 = PRODUCT_CONTEXT('',#2,'mechanical');
#9 = PRODUCT_DEFINITION_CONTEXT('part definition',#2,'design');
#10 = SHAPE_REPRESENTATION('',(#11,#15,#19),#23);
#11 = AXIS2_PLACEMENT_3D('',#12,#13,#14);
#12 = CARTESIAN_POINT('',(0.,0.,0.));
#13 = DIRECTION('',(0.,0.,1.));
#14 = DIRECTION('',(1.,0.,-0.));
#15 = AXIS2_PLACEMENT_3D('',#16,#17,#18);
#16 = CARTESIAN_POINT('',(0.,0.,0.));
#17 = DIRECTION('',(0.,0.,1.));
#18 = DIRECTION('',(1.,0.,0.));
#19 = AXIS2_PLACEMENT_3D('',#20,#21,#22);
#20 = CARTESIAN_POINT('',(0.,0.,0.));
#21 = DIRECTION('',(0.,0.,1.));
#22 = DIRECTION('',(1.,0.,0.));
#23 = ( GEOMETRIC_REPRESENTATION_CONTEXT(3) 
GLOBAL_UNCERTAINTY_ASSIGNED_CONTEXT((#27)) GLOBAL_UNIT_ASSIGNED_CONTEXT(
(#24,#25,#26)) REPRESENTATION_CONTEXT('Context #1',
  '3D Context with UNIT and UNCERTAINTY') );
#24 = ( LENGTH_UNIT() NAMED_UNIT(*) SI_UNIT(.MILLI.,.METRE.) );
#25 = ( NAMED_UNIT(*) PLANE_ANGLE_UNIT() SI_UNIT($,.RADIAN.) );
#26 = ( NAMED_UNIT(*) SI_UNIT($,.STERADIAN.) SOLID_ANGLE_UNIT() );
#27 = UNCERTAINTY_MEASURE_WITH_UNIT(LENGTH_MEASURE(2.E-06),#24,
  'distance_accuracy_value','confusion accuracy');
#28 = PRODUCT_RELATED_PRODUCT_CATEGORY('part',$,(#7));
#29 = SHAPE_DEFINITION_REPRESENTATION(#30,#36);
#30 = PRODUCT_DEFINITION_SHAPE('','',#31);
#31 = PRODUCT_DEFINITION('design','',#32,#35);
#32 = PRODUCT_DEFINITION_FORMATION('','',#33);
#33 = PRODUCT('Body','Body','',(#34));
#34 = PRODUCT_CONTEXT('',#2,'mechanical');
#35 = PRODUCT_DEFINITION_CONTEXT('part definition',#2,'design');
#36 = ADVANCED_BREP_SHAPE_REPRESENTATION('',(#11,#37),#4961);
#37 = MANIFOLD_SOLID_BREP('',#38);
#38 = CLOSED_SHELL('',(#39,#143,#176,#209,#426,#468,#493,#518,#551,#585,
    #627,#652,#677,#703,#729,#753,#961,#979,#1003,#1028,#1053,#1145,
    #1170,#1195,#1220,#1245,#1296,#1322,#1348,#1391,#1434,#1460,#1486,
    #1521,#1546,#1571,#1596,#1621,#1652,#1679,#1697,#1715,#1731,#1762,
    #1789,#1822,#1833,#1851,#1869,#1887,#1913,#1938,#1956,#1982,#2008,
    #2033,#2058,#2084,#2108,#2133,#2145,#2169,#2187,#2205,#2217,#2243,
    #2269,#2303,#2328,#2362,#2396,#2421,#2446,#2472,#2497,#2506,#2515,
    #2524,#2533,#2607,#2619,#2631,#2643,#2655,#2664,#2673,#2682,#2691,
    #2708,#2725,#2737,#2754,#2778,#2803,#2827,#2852,#2869,#2894,#2913,
    #2929,#2948,#2968,#2979,#3063,#3162,#3186,#3278,#3333,#3358,#3391,
    #3517,#3542,#3590,#3623,#3671,#3689,#3714,#3762,#3802,#3826,#3844,
    #3869,#3893,#3933,#3981,#3999,#4047,#4065,#4107,#4125,#4149,#4166,
    #4178,#4195,#4213,#4239,#4265,#4282,#4299,#4325,#4343,#4367,#4403,
    #4420,#4437,#4449,#4474,#4498,#4530,#4547,#4574,#4591,#4632,#4656,
    #4673,#4715,#4727,#4744,#4756,#4781,#4806,#4831,#4843,#4855,#4880,
    #4889,#4909,#4918,#4927,#4952));
#39 = ADVANCED_FACE('',(#40),#138,.T.);
#40 = FACE_BOUND('',#41,.T.);
#41 = EDGE_LOOP('',(#42,#52,#60,#68,#76,#84,#92,#100,#108,#116,#124,#132
    ));
#42 = ORIENTED_EDGE('',*,*,#43,.F.);
#43 = EDGE_CURVE('',#44,#46,#48,.T.);
#44 = VERTEX_POINT('',#45);
#45 = CARTESIAN_POINT('',(29.5,48.,1.));
#46 = VERTEX_POINT('',#47);
#47 = CARTESIAN_POINT('',(29.5,48.,26.));
#48 = LINE('',#49,#50);
#49 = CARTESIAN_POINT('',(29.5,48.,0.));
#50 = VECTOR('',#51,1.);
#51 = DIRECTION('',(0.,0.,1.));
#52 = ORIENTED_EDGE('',*,*,#53,.T.);
#53 = EDGE_CURVE('',#44,#54,#56,.T.);
#54 = VERTEX_POINT('',#55);
#55 = CARTESIAN_POINT('',(9.5,48.,1.));
#56 = LINE('',#57,#58);
#57 = CARTESIAN_POINT('',(29.5,48.,1.));
#58 = VECTOR('',#59,1.);
#59 = DIRECTION('',(-1.,0.,0.));
#60 = ORIENTED_EDGE('',*,*,#61,.T.);
#61 = EDGE_CURVE('',#54,#62,#64,.T.);
#62 = VERTEX_POINT('',#63);
#63 = CARTESIAN_POINT('',(9.5,48.,17.035533905933));
#64 = LINE('',#65,#66);
#65 = CARTESIAN_POINT('',(9.5,48.,0.));
#66 = VECTOR('',#67,1.);
#67 = DIRECTION('',(0.,0.,1.));
#68 = ORIENTED_EDGE('',*,*,#69,.T.);
#69 = EDGE_CURVE('',#62,#70,#72,.T.);
#70 = VERTEX_POINT('',#71);
#71 = CARTESIAN_POINT('',(2.,48.,17.035533905933));
#72 = LINE('',#73,#74);
#73 = CARTESIAN_POINT('',(7.,48.,17.035533905933));
#74 = VECTOR('',#75,1.);
#75 = DIRECTION('',(-1.,-0.,-0.));
#76 = ORIENTED_EDGE('',*,*,#77,.F.);
#77 = EDGE_CURVE('',#78,#70,#80,.T.);
#78 = VERTEX_POINT('',#79);
#79 = CARTESIAN_POINT('',(2.,48.,4.5));
#80 = LINE('',#81,#82);
#81 = CARTESIAN_POINT('',(2.,48.,2.));
#82 = VECTOR('',#83,1.);
#83 = DIRECTION('',(0.,0.,1.));
#84 = ORIENTED_EDGE('',*,*,#85,.T.);
#85 = EDGE_CURVE('',#78,#86,#88,.T.);
#86 = VERTEX_POINT('',#87);
#87 = CARTESIAN_POINT('',(-2.,48.,4.5));
#88 = LINE('',#89,#90);
#89 = CARTESIAN_POINT('',(4.5,48.,4.5));
#90 = VECTOR('',#91,1.);
#91 = DIRECTION('',(-1.,0.,0.));
#92 = ORIENTED_EDGE('',*,*,#93,.T.);
#93 = EDGE_CURVE('',#86,#94,#96,.T.);
#94 = VERTEX_POINT('',#95);
#95 = CARTESIAN_POINT('',(-2.,48.,17.035533905933));
#96 = LINE('',#97,#98);
#97 = CARTESIAN_POINT('',(-2.,48.,2.));
#98 = VECTOR('',#99,1.);
#99 = DIRECTION('',(-2.2E-16,0.,1.));
#100 = ORIENTED_EDGE('',*,*,#101,.F.);
#101 = EDGE_CURVE('',#102,#94,#104,.T.);
#102 = VERTEX_POINT('',#103);
#103 = CARTESIAN_POINT('',(-9.5,48.,17.035533905933));
#104 = LINE('',#105,#106);
#105 = CARTESIAN_POINT('',(-7.,48.,17.035533905933));
#106 = VECTOR('',#107,1.);
#107 = DIRECTION('',(1.,-2.2E-16,2.2E-16));
#108 = ORIENTED_EDGE('',*,*,#109,.F.);
#109 = EDGE_CURVE('',#110,#102,#112,.T.);
#110 = VERTEX_POINT('',#111);
#111 = CARTESIAN_POINT('',(-9.5,48.,1.));
#112 = LINE('',#113,#114);
#113 = CARTESIAN_POINT('',(-9.5,48.,6.6E-16));
#114 = VECTOR('',#115,1.);
#115 = DIRECTION('',(-2.2E-16,0.,1.));
#116 = ORIENTED_EDGE('',*,*,#117,.T.);
#117 = EDGE_CURVE('',#110,#118,#120,.T.);
#118 = VERTEX_POINT('',#119);
#119 = CARTESIAN_POINT('',(-29.5,48.,1.));
#120 = LINE('',#121,#122);
#121 = CARTESIAN_POINT('',(-9.5,48.,1.));
#122 = VECTOR('',#123,1.);
#123 = DIRECTION('',(-1.,0.,0.));
#124 = ORIENTED_EDGE('',*,*,#125,.T.);
#125 = EDGE_CURVE('',#118,#126,#128,.T.);
#126 = VERTEX_POINT('',#127);
#127 = CARTESIAN_POINT('',(-29.5,48.,26.));
#128 = LINE('',#129,#130);
#129 = CARTESIAN_POINT('',(-29.5,48.,0.));
#130 = VECTOR('',#131,1.);
#131 = DIRECTION('',(0.,0.,1.));
#132 = ORIENTED_EDGE('',*,*,#133,.F.);
#133 = EDGE_CURVE('',#46,#126,#134,.T.);
#134 = LINE('',#135,#136);
#135 = CARTESIAN_POINT('',(32.,48.,26.));
#136 = VECTOR('',#137,1.);
#137 = DIRECTION('',(-1.,0.,0.));
#138 = PLANE('',#139);
#139 = AXIS2_PLACEMENT_3D('',#140,#141,#142);
#140 = CARTESIAN_POINT('',(0.,48.,12.891304347826));
#141 = DIRECTION('',(0.,1.,0.));
#142 = DIRECTION('',(0.,0.,1.));
#143 = ADVANCED_FACE('',(#144),#171,.T.);
#144 = FACE_BOUND('',#145,.F.);
#145 = EDGE_LOOP('',(#146,#147,#156,#164));
#146 = ORIENTED_EDGE('',*,*,#43,.F.);
#147 = ORIENTED_EDGE('',*,*,#148,.F.);
#148 = EDGE_CURVE('',#149,#44,#151,.T.);
#149 = VERTEX_POINT('',#150);
#150 = CARTESIAN_POINT('',(32.,45.5,1.));
#151 = CIRCLE('',#152,2.5);
#152 = AXIS2_PLACEMENT_3D('',#153,#154,#155);
#153 = CARTESIAN_POINT('',(29.5,45.5,1.));
#154 = DIRECTION('',(0.,0.,1.));
#155 = DIRECTION('',(1.,0.,0.));
#156 = ORIENTED_EDGE('',*,*,#157,.T.);
#157 = EDGE_CURVE('',#149,#158,#160,.T.);
#158 = VERTEX_POINT('',#159);
#159 = CARTESIAN_POINT('',(32.,45.5,26.));
#160 = LINE('',#161,#162);
#161 = CARTESIAN_POINT('',(32.,45.5,0.));
#162 = VECTOR('',#163,1.);
#163 = DIRECTION('',(0.,0.,1.));
#164 = ORIENTED_EDGE('',*,*,#165,.F.);
#165 = EDGE_CURVE('',#46,#158,#166,.T.);
#166 = CIRCLE('',#167,2.5);
#167 = AXIS2_PLACEMENT_3D('',#168,#169,#170);
#168 = CARTESIAN_POINT('',(29.5,45.5,26.));
#169 = DIRECTION('',(-0.,-0.,-1.));
#170 = DIRECTION('',(0.,-1.,0.));
#171 = CYLINDRICAL_SURFACE('',#172,2.5);
#172 = AXIS2_PLACEMENT_3D('',#173,#174,#175);
#173 = CARTESIAN_POINT('',(29.5,45.5,0.));
#174 = DIRECTION('',(0.,0.,1.));
#175 = DIRECTION('',(0.,1.,0.));
#176 = ADVANCED_FACE('',(#177),#204,.T.);
#177 = FACE_BOUND('',#178,.T.);
#178 = EDGE_LOOP('',(#179,#188,#196,#203));
#179 = ORIENTED_EDGE('',*,*,#180,.T.);
#180 = EDGE_CURVE('',#44,#181,#183,.T.);
#181 = VERTEX_POINT('',#182);
#182 = CARTESIAN_POINT('',(29.5,47.,0.));
#183 = CIRCLE('',#184,1.);
#184 = AXIS2_PLACEMENT_3D('',#185,#186,#187);
#185 = CARTESIAN_POINT('',(29.5,47.,1.));
#186 = DIRECTION('',(-1.,6.E-17,0.));
#187 = DIRECTION('',(6.E-17,1.,0.));
#188 = ORIENTED_EDGE('',*,*,#189,.T.);
#189 = EDGE_CURVE('',#181,#190,#192,.T.);
#190 = VERTEX_POINT('',#191);
#191 = CARTESIAN_POINT('',(9.5,47.,0.));
#192 = LINE('',#193,#194);
#193 = CARTESIAN_POINT('',(29.5,47.,-2.2E-16));
#194 = VECTOR('',#195,1.);
#195 = DIRECTION('',(-1.,0.,0.));
#196 = ORIENTED_EDGE('',*,*,#197,.F.);
#197 = EDGE_CURVE('',#54,#190,#198,.T.);
#198 = CIRCLE('',#199,1.);
#199 = AXIS2_PLACEMENT_3D('',#200,#201,#202);
#200 = CARTESIAN_POINT('',(9.5,47.,1.));
#201 = DIRECTION('',(-1.,0.,0.));
#202 = DIRECTION('',(0.,1.,0.));
#203 = ORIENTED_EDGE('',*,*,#53,.F.);
#204 = CYLINDRICAL_SURFACE('',#205,1.);
#205 = AXIS2_PLACEMENT_3D('',#206,#207,#208);
#206 = CARTESIAN_POINT('',(29.5,47.,1.));
#207 = DIRECTION('',(-1.,0.,0.));
#208 = DIRECTION('',(0.,1.,0.));
#209 = ADVANCED_FACE('',(#210,#263,#274,#285,#296,#307,#377,#388,#399,
    #410),#421,.T.);
#210 = FACE_BOUND('',#211,.T.);
#211 = EDGE_LOOP('',(#212,#213,#222,#230,#239,#247,#256,#262));
#212 = ORIENTED_EDGE('',*,*,#133,.T.);
#213 = ORIENTED_EDGE('',*,*,#214,.T.);
#214 = EDGE_CURVE('',#126,#215,#217,.T.);
#215 = VERTEX_POINT('',#216);
#216 = CARTESIAN_POINT('',(-32.,45.5,26.));
#217 = CIRCLE('',#218,2.5);
#218 = AXIS2_PLACEMENT_3D('',#219,#220,#221);
#219 = CARTESIAN_POINT('',(-29.5,45.5,26.));
#220 = DIRECTION('',(-0.,0.,1.));
#221 = DIRECTION('',(0.,-1.,0.));
#222 = ORIENTED_EDGE('',*,*,#223,.T.);
#223 = EDGE_CURVE('',#215,#224,#226,.T.);
#224 = VERTEX_POINT('',#225);
#225 = CARTESIAN_POINT('',(-32.,-37.5,26.));
#226 = LINE('',#227,#228);
#227 = CARTESIAN_POINT('',(-32.,48.,26.));
#228 = VECTOR('',#229,1.);
#229 = DIRECTION('',(0.,-1.,0.));
#230 = ORIENTED_EDGE('',*,*,#231,.F.);
#231 = EDGE_CURVE('',#232,#224,#234,.T.);
#232 = VERTEX_POINT('',#233);
#233 = CARTESIAN_POINT('',(-29.5,-40.,26.));
#234 = CIRCLE('',#235,2.5);
#235 = AXIS2_PLACEMENT_3D('',#236,#237,#238);
#236 = CARTESIAN_POINT('',(-29.5,-37.5,26.));
#237 = DIRECTION('',(-0.,-0.,-1.));
#238 = DIRECTION('',(0.,-1.,0.));
#239 = ORIENTED_EDGE('',*,*,#240,.T.);
#240 = EDGE_CURVE('',#232,#241,#243,.T.);
#241 = VERTEX_POINT('',#242);
#242 = CARTESIAN_POINT('',(29.5,-40.,26.));
#243 = LINE('',#244,#245);
#244 = CARTESIAN_POINT('',(-32.,-40.,26.));
#245 = VECTOR('',#246,1.);
#246 = DIRECTION('',(1.,0.,0.));
#247 = ORIENTED_EDGE('',*,*,#248,.F.);
#248 = EDGE_CURVE('',#249,#241,#251,.T.);
#249 = VERTEX_POINT('',#250);
#250 = CARTESIAN_POINT('',(32.,-37.5,26.));
#251 = CIRCLE('',#252,2.5);
#252 = AXIS2_PLACEMENT_3D('',#253,#254,#255);
#253 = CARTESIAN_POINT('',(29.5,-37.5,26.));
#254 = DIRECTION('',(-0.,-0.,-1.));
#255 = DIRECTION('',(0.,-1.,0.));
#256 = ORIENTED_EDGE('',*,*,#257,.T.);
#257 = EDGE_CURVE('',#249,#158,#258,.T.);
#258 = LINE('',#259,#260);
#259 = CARTESIAN_POINT('',(32.,-40.,26.));
#260 = VECTOR('',#261,1.);
#261 = DIRECTION('',(0.,1.,0.));
#262 = ORIENTED_EDGE('',*,*,#165,.F.);
#263 = FACE_BOUND('',#264,.T.);
#264 = EDGE_LOOP('',(#265));
#265 = ORIENTED_EDGE('',*,*,#266,.F.);
#266 = EDGE_CURVE('',#267,#267,#269,.T.);
#267 = VERTEX_POINT('',#268);
#268 = CARTESIAN_POINT('',(-25.7,-35.,26.));
#269 = CIRCLE('',#270,1.3);
#270 = AXIS2_PLACEMENT_3D('',#271,#272,#273);
#271 = CARTESIAN_POINT('',(-27.,-35.,26.));
#272 = DIRECTION('',(0.,0.,1.));
#273 = DIRECTION('',(1.,0.,0.));
#274 = FACE_BOUND('',#275,.T.);
#275 = EDGE_LOOP('',(#276));
#276 = ORIENTED_EDGE('',*,*,#277,.F.);
#277 = EDGE_CURVE('',#278,#278,#280,.T.);
#278 = VERTEX_POINT('',#279);
#279 = CARTESIAN_POINT('',(-27.95,4.,26.));
#280 = CIRCLE('',#281,1.3);
#281 = AXIS2_PLACEMENT_3D('',#282,#283,#284);
#282 = CARTESIAN_POINT('',(-29.25,4.,26.));
#283 = DIRECTION('',(0.,0.,1.));
#284 = DIRECTION('',(1.,0.,0.));
#285 = FACE_BOUND('',#286,.T.);
#286 = EDGE_LOOP('',(#287));
#287 = ORIENTED_EDGE('',*,*,#288,.F.);
#288 = EDGE_CURVE('',#289,#289,#291,.T.);
#289 = VERTEX_POINT('',#290);
#290 = CARTESIAN_POINT('',(1.3,-37.25,26.));
#291 = CIRCLE('',#292,1.3);
#292 = AXIS2_PLACEMENT_3D('',#293,#294,#295);
#293 = CARTESIAN_POINT('',(0.,-37.25,26.));
#294 = DIRECTION('',(0.,0.,1.));
#295 = DIRECTION('',(1.,0.,0.));
#296 = FACE_BOUND('',#297,.T.);
#297 = EDGE_LOOP('',(#298));
#298 = ORIENTED_EDGE('',*,*,#299,.F.);
#299 = EDGE_CURVE('',#300,#300,#302,.T.);
#300 = VERTEX_POINT('',#301);
#301 = CARTESIAN_POINT('',(28.3,-35.,26.));
#302 = CIRCLE('',#303,1.3);
#303 = AXIS2_PLACEMENT_3D('',#304,#305,#306);
#304 = CARTESIAN_POINT('',(27.,-35.,26.));
#305 = DIRECTION('',(0.,0.,1.));
#306 = DIRECTION('',(1.,0.,0.));
#307 = FACE_BOUND('',#308,.T.);
#308 = EDGE_LOOP('',(#309,#319,#328,#336,#345,#353,#362,#370));
#309 = ORIENTED_EDGE('',*,*,#310,.F.);
#310 = EDGE_CURVE('',#311,#313,#315,.T.);
#311 = VERTEX_POINT('',#312);
#312 = CARTESIAN_POINT('',(-27.18007011146,36.,26.));
#313 = VERTEX_POINT('',#314);
#314 = CARTESIAN_POINT('',(-27.18007011146,-28.,26.));
#315 = LINE('',#316,#317);
#316 = CARTESIAN_POINT('',(-27.18007011146,36.,26.));
#317 = VECTOR('',#318,1.);
#318 = DIRECTION('',(0.,-1.,0.));
#319 = ORIENTED_EDGE('',*,*,#320,.F.);
#320 = EDGE_CURVE('',#321,#311,#323,.T.);
#321 = VERTEX_POINT('',#322);
#322 = CARTESIAN_POINT('',(-20.,43.180070111464,26.));
#323 = CIRCLE('',#324,7.180070111464);
#324 = AXIS2_PLACEMENT_3D('',#325,#326,#327);
#325 = CARTESIAN_POINT('',(-20.,36.,26.));
#326 = DIRECTION('',(0.,0.,1.));
#327 = DIRECTION('',(1.,0.,0.));
#328 = ORIENTED_EDGE('',*,*,#329,.F.);
#329 = EDGE_CURVE('',#330,#321,#332,.T.);
#330 = VERTEX_POINT('',#331);
#331 = CARTESIAN_POINT('',(20.,43.180070111464,26.));
#332 = LINE('',#333,#334);
#333 = CARTESIAN_POINT('',(20.,43.180070111464,26.));
#334 = VECTOR('',#335,1.);
#335 = DIRECTION('',(-1.,0.,0.));
#336 = ORIENTED_EDGE('',*,*,#337,.F.);
#337 = EDGE_CURVE('',#338,#330,#340,.T.);
#338 = VERTEX_POINT('',#339);
#339 = CARTESIAN_POINT('',(27.180070111464,36.,26.));
#340 = CIRCLE('',#341,7.180070111464);
#341 = AXIS2_PLACEMENT_3D('',#342,#343,#344);
#342 = CARTESIAN_POINT('',(20.,36.,26.));
#343 = DIRECTION('',(0.,0.,1.));
#344 = DIRECTION('',(1.,0.,0.));
#345 = ORIENTED_EDGE('',*,*,#346,.F.);
#346 = EDGE_CURVE('',#347,#338,#349,.T.);
#347 = VERTEX_POINT('',#348);
#348 = CARTESIAN_POINT('',(27.180070111464,-28.,26.));
#349 = LINE('',#350,#351);
#350 = CARTESIAN_POINT('',(27.180070111464,-28.,26.));
#351 = VECTOR('',#352,1.);
#352 = DIRECTION('',(0.,1.,0.));
#353 = ORIENTED_EDGE('',*,*,#354,.F.);
#354 = EDGE_CURVE('',#355,#347,#357,.T.);
#355 = VERTEX_POINT('',#356);
#356 = CARTESIAN_POINT('',(20.,-35.18007011146,26.));
#357 = CIRCLE('',#358,7.180070111464);
#358 = AXIS2_PLACEMENT_3D('',#359,#360,#361);
#359 = CARTESIAN_POINT('',(20.,-28.,26.));
#360 = DIRECTION('',(0.,0.,1.));
#361 = DIRECTION('',(1.,0.,0.));
#362 = ORIENTED_EDGE('',*,*,#363,.F.);
#363 = EDGE_CURVE('',#364,#355,#366,.T.);
#364 = VERTEX_POINT('',#365);
#365 = CARTESIAN_POINT('',(-20.,-35.18007011146,26.));
#366 = LINE('',#367,#368);
#367 = CARTESIAN_POINT('',(-20.,-35.18007011146,26.));
#368 = VECTOR('',#369,1.);
#369 = DIRECTION('',(1.,0.,0.));
#370 = ORIENTED_EDGE('',*,*,#371,.F.);
#371 = EDGE_CURVE('',#313,#364,#372,.T.);
#372 = CIRCLE('',#373,7.180070111464);
#373 = AXIS2_PLACEMENT_3D('',#374,#375,#376);
#374 = CARTESIAN_POINT('',(-20.,-28.,26.));
#375 = DIRECTION('',(0.,0.,1.));
#376 = DIRECTION('',(1.,0.,0.));
#377 = FACE_BOUND('',#378,.T.);
#378 = EDGE_LOOP('',(#379));
#379 = ORIENTED_EDGE('',*,*,#380,.F.);
#380 = EDGE_CURVE('',#381,#381,#383,.T.);
#381 = VERTEX_POINT('',#382);
#382 = CARTESIAN_POINT('',(30.55,4.,26.));
#383 = CIRCLE('',#384,1.3);
#384 = AXIS2_PLACEMENT_3D('',#385,#386,#387);
#385 = CARTESIAN_POINT('',(29.25,4.,26.));
#386 = DIRECTION('',(0.,0.,1.));
#387 = DIRECTION('',(1.,0.,0.));
#388 = FACE_BOUND('',#389,.T.);
#389 = EDGE_LOOP('',(#390));
#390 = ORIENTED_EDGE('',*,*,#391,.F.);
#391 = EDGE_CURVE('',#392,#392,#394,.T.);
#392 = VERTEX_POINT('',#393);
#393 = CARTESIAN_POINT('',(-25.7,43.,26.));
#394 = CIRCLE('',#395,1.3);
#395 = AXIS2_PLACEMENT_3D('',#396,#397,#398);
#396 = CARTESIAN_POINT('',(-27.,43.,26.));
#397 = DIRECTION('',(0.,0.,1.));
#398 = DIRECTION('',(1.,0.,0.));
#399 = FACE_BOUND('',#400,.T.);
#400 = EDGE_LOOP('',(#401));
#401 = ORIENTED_EDGE('',*,*,#402,.F.);
#402 = EDGE_CURVE('',#403,#403,#405,.T.);
#403 = VERTEX_POINT('',#404);
#404 = CARTESIAN_POINT('',(1.3,45.25,26.));
#405 = CIRCLE('',#406,1.3);
#406 = AXIS2_PLACEMENT_3D('',#407,#408,#409);
#407 = CARTESIAN_POINT('',(0.,45.25,26.));
#408 = DIRECTION('',(0.,0.,1.));
#409 = DIRECTION('',(1.,0.,0.));
#410 = FACE_BOUND('',#411,.T.);
#411 = EDGE_LOOP('',(#412));
#412 = ORIENTED_EDGE('',*,*,#413,.F.);
#413 = EDGE_CURVE('',#414,#414,#416,.T.);
#414 = VERTEX_POINT('',#415);
#415 = CARTESIAN_POINT('',(28.3,43.,26.));
#416 = CIRCLE('',#417,1.3);
#417 = AXIS2_PLACEMENT_3D('',#418,#419,#420);
#418 = CARTESIAN_POINT('',(27.,43.,26.));
#419 = DIRECTION('',(0.,0.,1.));
#420 = DIRECTION('',(1.,0.,0.));
#421 = PLANE('',#422);
#422 = AXIS2_PLACEMENT_3D('',#423,#424,#425);
#423 = CARTESIAN_POINT('',(0.,4.,26.));
#424 = DIRECTION('',(0.,0.,1.));
#425 = DIRECTION('',(1.,0.,0.));
#426 = ADVANCED_FACE('',(#427),#463,.F.);
#427 = FACE_BOUND('',#428,.T.);
#428 = EDGE_LOOP('',(#429,#430,#439,#447,#456));
#429 = ORIENTED_EDGE('',*,*,#61,.F.);
#430 = ORIENTED_EDGE('',*,*,#431,.T.);
#431 = EDGE_CURVE('',#54,#432,#434,.T.);
#432 = VERTEX_POINT('',#433);
#433 = CARTESIAN_POINT('',(7.,50.5,1.));
#434 = CIRCLE('',#435,2.5);
#435 = AXIS2_PLACEMENT_3D('',#436,#437,#438);
#436 = CARTESIAN_POINT('',(9.5,50.5,1.));
#437 = DIRECTION('',(0.,0.,-1.));
#438 = DIRECTION('',(-7.1E-16,-1.,-0.));
#439 = ORIENTED_EDGE('',*,*,#440,.T.);
#440 = EDGE_CURVE('',#432,#441,#443,.T.);
#441 = VERTEX_POINT('',#442);
#442 = CARTESIAN_POINT('',(7.,50.5,13.5));
#443 = LINE('',#444,#445);
#444 = CARTESIAN_POINT('',(7.,50.5,0.));
#445 = VECTOR('',#446,1.);
#446 = DIRECTION('',(0.,0.,1.));
#447 = ORIENTED_EDGE('',*,*,#448,.F.);
#448 = EDGE_CURVE('',#449,#441,#451,.T.);
#449 = VERTEX_POINT('',#450);
#450 = CARTESIAN_POINT('',(7.732233047034,48.732233047034,
    15.267766952966));
#451 = ELLIPSE('',#452,3.535533905933,2.5);
#452 = AXIS2_PLACEMENT_3D('',#453,#454,#455);
#453 = CARTESIAN_POINT('',(9.5,50.5,13.5));
#454 = DIRECTION('',(-0.,-0.707106781187,-0.707106781187));
#455 = DIRECTION('',(0.,-0.707106781187,0.707106781187));
#456 = ORIENTED_EDGE('',*,*,#457,.F.);
#457 = EDGE_CURVE('',#62,#449,#458,.T.);
#458 = ELLIPSE('',#459,3.535533905933,2.5);
#459 = AXIS2_PLACEMENT_3D('',#460,#461,#462);
#460 = CARTESIAN_POINT('',(9.5,50.5,17.035533905933));
#461 = DIRECTION('',(0.707106781187,0.,-0.707106781187));
#462 = DIRECTION('',(-0.707106781187,0.,-0.707106781187));
#463 = CYLINDRICAL_SURFACE('',#464,2.5);
#464 = AXIS2_PLACEMENT_3D('',#465,#466,#467);
#465 = CARTESIAN_POINT('',(9.5,50.5,0.));
#466 = DIRECTION('',(0.,0.,1.));
#467 = DIRECTION('',(0.,-1.,0.));
#468 = ADVANCED_FACE('',(#469),#488,.T.);
#469 = FACE_BOUND('',#470,.T.);
#470 = EDGE_LOOP('',(#471,#472,#481,#487));
#471 = ORIENTED_EDGE('',*,*,#125,.F.);
#472 = ORIENTED_EDGE('',*,*,#473,.T.);
#473 = EDGE_CURVE('',#118,#474,#476,.T.);
#474 = VERTEX_POINT('',#475);
#475 = CARTESIAN_POINT('',(-32.,45.5,1.));
#476 = CIRCLE('',#477,2.5);
#477 = AXIS2_PLACEMENT_3D('',#478,#479,#480);
#478 = CARTESIAN_POINT('',(-29.5,45.5,1.));
#479 = DIRECTION('',(0.,-0.,1.));
#480 = DIRECTION('',(0.,1.,0.));
#481 = ORIENTED_EDGE('',*,*,#482,.T.);
#482 = EDGE_CURVE('',#474,#215,#483,.T.);
#483 = LINE('',#484,#485);
#484 = CARTESIAN_POINT('',(-32.,45.5,0.));
#485 = VECTOR('',#486,1.);
#486 = DIRECTION('',(0.,0.,1.));
#487 = ORIENTED_EDGE('',*,*,#214,.F.);
#488 = CYLINDRICAL_SURFACE('',#489,2.5);
#489 = AXIS2_PLACEMENT_3D('',#490,#491,#492);
#490 = CARTESIAN_POINT('',(-29.5,45.5,0.));
#491 = DIRECTION('',(0.,0.,1.));
#492 = DIRECTION('',(0.,1.,0.));
#493 = ADVANCED_FACE('',(#494),#513,.F.);
#494 = FACE_BOUND('',#495,.T.);
#495 = EDGE_LOOP('',(#496,#497,#505,#512));
#496 = ORIENTED_EDGE('',*,*,#457,.T.);
#497 = ORIENTED_EDGE('',*,*,#498,.T.);
#498 = EDGE_CURVE('',#449,#499,#501,.T.);
#499 = VERTEX_POINT('',#500);
#500 = CARTESIAN_POINT('',(3.767766952966,48.732233047034,
    15.267766952966));
#501 = LINE('',#502,#503);
#502 = CARTESIAN_POINT('',(7.,48.732233047034,15.267766952966));
#503 = VECTOR('',#504,1.);
#504 = DIRECTION('',(-1.,-0.,-0.));
#505 = ORIENTED_EDGE('',*,*,#506,.F.);
#506 = EDGE_CURVE('',#70,#499,#507,.T.);
#507 = ELLIPSE('',#508,3.535533905933,2.5);
#508 = AXIS2_PLACEMENT_3D('',#509,#510,#511);
#509 = CARTESIAN_POINT('',(2.,50.5,17.035533905933));
#510 = DIRECTION('',(0.707106781187,0.,0.707106781187));
#511 = DIRECTION('',(-0.707106781187,0.,0.707106781187));
#512 = ORIENTED_EDGE('',*,*,#69,.F.);
#513 = CYLINDRICAL_SURFACE('',#514,2.5);
#514 = AXIS2_PLACEMENT_3D('',#515,#516,#517);
#515 = CARTESIAN_POINT('',(7.,50.5,17.035533905933));
#516 = DIRECTION('',(-1.,-0.,-0.));
#517 = DIRECTION('',(0.,-1.,0.));
#518 = ADVANCED_FACE('',(#519),#546,.T.);
#519 = FACE_BOUND('',#520,.T.);
#520 = EDGE_LOOP('',(#521,#530,#538,#545));
#521 = ORIENTED_EDGE('',*,*,#522,.T.);
#522 = EDGE_CURVE('',#110,#523,#525,.T.);
#523 = VERTEX_POINT('',#524);
#524 = CARTESIAN_POINT('',(-9.5,47.,0.));
#525 = CIRCLE('',#526,1.);
#526 = AXIS2_PLACEMENT_3D('',#527,#528,#529);
#527 = CARTESIAN_POINT('',(-9.5,47.,1.));
#528 = DIRECTION('',(-1.,-6.E-17,0.));
#529 = DIRECTION('',(6.E-17,-1.,0.));
#530 = ORIENTED_EDGE('',*,*,#531,.T.);
#531 = EDGE_CURVE('',#523,#532,#534,.T.);
#532 = VERTEX_POINT('',#533);
#533 = CARTESIAN_POINT('',(-29.5,47.,0.));
#534 = LINE('',#535,#536);
#535 = CARTESIAN_POINT('',(-9.5,47.,-2.2E-16));
#536 = VECTOR('',#537,1.);
#537 = DIRECTION('',(-1.,0.,0.));
#538 = ORIENTED_EDGE('',*,*,#539,.F.);
#539 = EDGE_CURVE('',#118,#532,#540,.T.);
#540 = CIRCLE('',#541,1.);
#541 = AXIS2_PLACEMENT_3D('',#542,#543,#544);
#542 = CARTESIAN_POINT('',(-29.5,47.,1.));
#543 = DIRECTION('',(-1.,0.,0.));
#544 = DIRECTION('',(0.,1.,0.));
#545 = ORIENTED_EDGE('',*,*,#117,.F.);
#546 = CYLINDRICAL_SURFACE('',#547,1.);
#547 = AXIS2_PLACEMENT_3D('',#548,#549,#550);
#548 = CARTESIAN_POINT('',(-9.5,47.,1.));
#549 = DIRECTION('',(-1.,0.,0.));
#550 = DIRECTION('',(0.,1.,0.));
#551 = ADVANCED_FACE('',(#552),#580,.F.);
#552 = FACE_BOUND('',#553,.F.);
#553 = EDGE_LOOP('',(#554,#555,#556,#565,#573));
#554 = ORIENTED_EDGE('',*,*,#506,.F.);
#555 = ORIENTED_EDGE('',*,*,#77,.F.);
#556 = ORIENTED_EDGE('',*,*,#557,.T.);
#557 = EDGE_CURVE('',#78,#558,#560,.T.);
#558 = VERTEX_POINT('',#559);
#559 = CARTESIAN_POINT('',(4.5,50.5,2.));
#560 = ELLIPSE('',#561,3.535533905933,2.5);
#561 = AXIS2_PLACEMENT_3D('',#562,#563,#564);
#562 = CARTESIAN_POINT('',(2.,50.5,4.5));
#563 = DIRECTION('',(0.707106781187,0.,0.707106781187));
#564 = DIRECTION('',(-0.707106781187,0.,0.707106781187));
#565 = ORIENTED_EDGE('',*,*,#566,.T.);
#566 = EDGE_CURVE('',#558,#567,#569,.T.);
#567 = VERTEX_POINT('',#568);
#568 = CARTESIAN_POINT('',(4.5,50.5,13.5));
#569 = LINE('',#570,#571);
#570 = CARTESIAN_POINT('',(4.5,50.5,2.));
#571 = VECTOR('',#572,1.);
#572 = DIRECTION('',(0.,0.,1.));
#573 = ORIENTED_EDGE('',*,*,#574,.F.);
#574 = EDGE_CURVE('',#499,#567,#575,.T.);
#575 = ELLIPSE('',#576,3.535533905933,2.5);
#576 = AXIS2_PLACEMENT_3D('',#577,#578,#579);
#577 = CARTESIAN_POINT('',(2.,50.5,13.5));
#578 = DIRECTION('',(-0.,0.707106781187,0.707106781187));
#579 = DIRECTION('',(0.,-0.707106781187,0.707106781187));
#580 = CYLINDRICAL_SURFACE('',#581,2.5);
#581 = AXIS2_PLACEMENT_3D('',#582,#583,#584);
#582 = CARTESIAN_POINT('',(2.,50.5,2.));
#583 = DIRECTION('',(0.,0.,1.));
#584 = DIRECTION('',(0.,-1.,0.));
#585 = ADVANCED_FACE('',(#586),#622,.F.);
#586 = FACE_BOUND('',#587,.F.);
#587 = EDGE_LOOP('',(#588,#589,#598,#606,#615));
#588 = ORIENTED_EDGE('',*,*,#109,.F.);
#589 = ORIENTED_EDGE('',*,*,#590,.F.);
#590 = EDGE_CURVE('',#591,#110,#593,.T.);
#591 = VERTEX_POINT('',#592);
#592 = CARTESIAN_POINT('',(-7.,50.5,1.));
#593 = CIRCLE('',#594,2.5);
#594 = AXIS2_PLACEMENT_3D('',#595,#596,#597);
#595 = CARTESIAN_POINT('',(-9.5,50.5,1.));
#596 = DIRECTION('',(0.,0.,-1.));
#597 = DIRECTION('',(1.,0.,0.));
#598 = ORIENTED_EDGE('',*,*,#599,.T.);
#599 = EDGE_CURVE('',#591,#600,#602,.T.);
#600 = VERTEX_POINT('',#601);
#601 = CARTESIAN_POINT('',(-7.,50.5,13.5));
#602 = LINE('',#603,#604);
#603 = CARTESIAN_POINT('',(-7.,50.5,1.21E-15));
#604 = VECTOR('',#605,1.);
#605 = DIRECTION('',(-2.2E-16,0.,1.));
#606 = ORIENTED_EDGE('',*,*,#607,.F.);
#607 = EDGE_CURVE('',#608,#600,#610,.T.);
#608 = VERTEX_POINT('',#609);
#609 = CARTESIAN_POINT('',(-7.732233047034,48.732233047034,
    15.267766952966));
#610 = ELLIPSE('',#611,3.535533905933,2.5);
#611 = AXIS2_PLACEMENT_3D('',#612,#613,#614);
#612 = CARTESIAN_POINT('',(-9.5,50.5,13.5));
#613 = DIRECTION('',(0.,0.707106781187,0.707106781187));
#614 = DIRECTION('',(-3.1E-16,-0.707106781187,0.707106781187));
#615 = ORIENTED_EDGE('',*,*,#616,.F.);
#616 = EDGE_CURVE('',#102,#608,#617,.T.);
#617 = ELLIPSE('',#618,3.535533905933,2.5);
#618 = AXIS2_PLACEMENT_3D('',#619,#620,#621);
#619 = CARTESIAN_POINT('',(-9.5,50.5,17.035533905933));
#620 = DIRECTION('',(0.707106781187,-1.6E-16,0.707106781187));
#621 = DIRECTION('',(0.707106781187,-1.6E-16,-0.707106781187));
#622 = CYLINDRICAL_SURFACE('',#623,2.5);
#623 = AXIS2_PLACEMENT_3D('',#624,#625,#626);
#624 = CARTESIAN_POINT('',(-9.5,50.5,6.6E-16));
#625 = DIRECTION('',(-2.2E-16,0.,1.));
#626 = DIRECTION('',(0.,-1.,0.));
#627 = ADVANCED_FACE('',(#628),#647,.F.);
#628 = FACE_BOUND('',#629,.T.);
#629 = EDGE_LOOP('',(#630,#631,#639,#646));
#630 = ORIENTED_EDGE('',*,*,#557,.T.);
#631 = ORIENTED_EDGE('',*,*,#632,.T.);
#632 = EDGE_CURVE('',#558,#633,#635,.T.);
#633 = VERTEX_POINT('',#634);
#634 = CARTESIAN_POINT('',(-4.5,50.5,2.));
#635 = LINE('',#636,#637);
#636 = CARTESIAN_POINT('',(4.5,50.5,2.));
#637 = VECTOR('',#638,1.);
#638 = DIRECTION('',(-1.,0.,0.));
#639 = ORIENTED_EDGE('',*,*,#640,.F.);
#640 = EDGE_CURVE('',#86,#633,#641,.T.);
#641 = ELLIPSE('',#642,3.535533905933,2.5);
#642 = AXIS2_PLACEMENT_3D('',#643,#644,#645);
#643 = CARTESIAN_POINT('',(-2.,50.5,4.5));
#644 = DIRECTION('',(0.707106781187,0.,-0.707106781187));
#645 = DIRECTION('',(-0.707106781187,-0.,-0.707106781187));
#646 = ORIENTED_EDGE('',*,*,#85,.F.);
#647 = CYLINDRICAL_SURFACE('',#648,2.5);
#648 = AXIS2_PLACEMENT_3D('',#649,#650,#651);
#649 = CARTESIAN_POINT('',(4.5,50.5,4.5));
#650 = DIRECTION('',(-1.,0.,0.));
#651 = DIRECTION('',(-0.,-1.,-0.));
#652 = ADVANCED_FACE('',(#653),#672,.F.);
#653 = FACE_BOUND('',#654,.F.);
#654 = EDGE_LOOP('',(#655,#656,#664,#671));
#655 = ORIENTED_EDGE('',*,*,#616,.T.);
#656 = ORIENTED_EDGE('',*,*,#657,.T.);
#657 = EDGE_CURVE('',#608,#658,#660,.T.);
#658 = VERTEX_POINT('',#659);
#659 = CARTESIAN_POINT('',(-3.767766952966,48.732233047034,
    15.267766952966));
#660 = LINE('',#661,#662);
#661 = CARTESIAN_POINT('',(-7.,48.732233047034,15.267766952966));
#662 = VECTOR('',#663,1.);
#663 = DIRECTION('',(1.,-2.2E-16,2.2E-16));
#664 = ORIENTED_EDGE('',*,*,#665,.F.);
#665 = EDGE_CURVE('',#94,#658,#666,.T.);
#666 = ELLIPSE('',#667,3.535533905933,2.5);
#667 = AXIS2_PLACEMENT_3D('',#668,#669,#670);
#668 = CARTESIAN_POINT('',(-2.,50.5,17.035533905933));
#669 = DIRECTION('',(0.707106781187,-1.6E-16,-0.707106781187));
#670 = DIRECTION('',(0.707106781187,-1.6E-16,0.707106781187));
#671 = ORIENTED_EDGE('',*,*,#101,.F.);
#672 = CYLINDRICAL_SURFACE('',#673,2.5);
#673 = AXIS2_PLACEMENT_3D('',#674,#675,#676);
#674 = CARTESIAN_POINT('',(-7.,50.5,17.035533905933));
#675 = DIRECTION('',(1.,-2.2E-16,2.2E-16));
#676 = DIRECTION('',(-2.2E-16,-1.,0.));
#677 = ADVANCED_FACE('',(#678),#698,.F.);
#678 = FACE_BOUND('',#679,.T.);
#679 = EDGE_LOOP('',(#680,#681,#682,#683,#691));
#680 = ORIENTED_EDGE('',*,*,#665,.F.);
#681 = ORIENTED_EDGE('',*,*,#93,.F.);
#682 = ORIENTED_EDGE('',*,*,#640,.T.);
#683 = ORIENTED_EDGE('',*,*,#684,.T.);
#684 = EDGE_CURVE('',#633,#685,#687,.T.);
#685 = VERTEX_POINT('',#686);
#686 = CARTESIAN_POINT('',(-4.5,50.5,13.5));
#687 = LINE('',#688,#689);
#688 = CARTESIAN_POINT('',(-4.5,50.5,2.));
#689 = VECTOR('',#690,1.);
#690 = DIRECTION('',(-2.2E-16,0.,1.));
#691 = ORIENTED_EDGE('',*,*,#692,.F.);
#692 = EDGE_CURVE('',#658,#685,#693,.T.);
#693 = ELLIPSE('',#694,3.535533905933,2.5);
#694 = AXIS2_PLACEMENT_3D('',#695,#696,#697);
#695 = CARTESIAN_POINT('',(-2.,50.5,13.5));
#696 = DIRECTION('',(0.,-0.707106781187,-0.707106781187));
#697 = DIRECTION('',(-3.1E-16,-0.707106781187,0.707106781187));
#698 = CYLINDRICAL_SURFACE('',#699,2.5);
#699 = AXIS2_PLACEMENT_3D('',#700,#701,#702);
#700 = CARTESIAN_POINT('',(-2.,50.5,2.));
#701 = DIRECTION('',(-2.2E-16,0.,1.));
#702 = DIRECTION('',(0.,-1.,0.));
#703 = ADVANCED_FACE('',(#704),#724,.T.);
#704 = FACE_BOUND('',#705,.F.);
#705 = EDGE_LOOP('',(#706,#715,#716,#717));
#706 = ORIENTED_EDGE('',*,*,#707,.F.);
#707 = EDGE_CURVE('',#149,#708,#710,.T.);
#708 = VERTEX_POINT('',#709);
#709 = CARTESIAN_POINT('',(31.,45.5,0.));
#710 = CIRCLE('',#711,1.);
#711 = AXIS2_PLACEMENT_3D('',#712,#713,#714);
#712 = CARTESIAN_POINT('',(31.,45.5,1.));
#713 = DIRECTION('',(-0.,1.,0.));
#714 = DIRECTION('',(1.,0.,0.));
#715 = ORIENTED_EDGE('',*,*,#148,.T.);
#716 = ORIENTED_EDGE('',*,*,#180,.T.);
#717 = ORIENTED_EDGE('',*,*,#718,.F.);
#718 = EDGE_CURVE('',#708,#181,#719,.T.);
#719 = CIRCLE('',#720,1.5);
#720 = AXIS2_PLACEMENT_3D('',#721,#722,#723);
#721 = CARTESIAN_POINT('',(29.5,45.5,0.));
#722 = DIRECTION('',(0.,0.,1.));
#723 = DIRECTION('',(1.,0.,0.));
#724 = TOROIDAL_SURFACE('',#725,1.5,1.);
#725 = AXIS2_PLACEMENT_3D('',#726,#727,#728);
#726 = CARTESIAN_POINT('',(29.5,45.5,1.));
#727 = DIRECTION('',(0.,0.,-1.));
#728 = DIRECTION('',(1.,0.,0.));
#729 = ADVANCED_FACE('',(#730),#748,.T.);
#730 = FACE_BOUND('',#731,.T.);
#731 = EDGE_LOOP('',(#732,#740,#746,#747));
#732 = ORIENTED_EDGE('',*,*,#733,.F.);
#733 = EDGE_CURVE('',#734,#249,#736,.T.);
#734 = VERTEX_POINT('',#735);
#735 = CARTESIAN_POINT('',(32.,-37.5,1.));
#736 = LINE('',#737,#738);
#737 = CARTESIAN_POINT('',(32.,-37.5,0.));
#738 = VECTOR('',#739,1.);
#739 = DIRECTION('',(0.,0.,1.));
#740 = ORIENTED_EDGE('',*,*,#741,.T.);
#741 = EDGE_CURVE('',#734,#149,#742,.T.);
#742 = LINE('',#743,#744);
#743 = CARTESIAN_POINT('',(32.,-37.5,1.));
#744 = VECTOR('',#745,1.);
#745 = DIRECTION('',(0.,1.,0.));
#746 = ORIENTED_EDGE('',*,*,#157,.T.);
#747 = ORIENTED_EDGE('',*,*,#257,.F.);
#748 = PLANE('',#749);
#749 = AXIS2_PLACEMENT_3D('',#750,#751,#752);
#750 = CARTESIAN_POINT('',(32.,4.,13.));
#751 = DIRECTION('',(1.,0.,0.));
#752 = DIRECTION('',(0.,0.,1.));
#753 = ADVANCED_FACE('',(#754,#934,#945),#956,.T.);
#754 = FACE_BOUND('',#755,.T.);
#755 = EDGE_LOOP('',(#756,#764,#773,#781,#790,#798,#807,#815,#824,#832,
    #841,#849,#858,#866,#873,#874,#883,#891,#900,#908,#917,#925,#932,
    #933));
#756 = ORIENTED_EDGE('',*,*,#757,.F.);
#757 = EDGE_CURVE('',#758,#708,#760,.T.);
#758 = VERTEX_POINT('',#759);
#759 = CARTESIAN_POINT('',(31.,-37.5,0.));
#760 = LINE('',#761,#762);
#761 = CARTESIAN_POINT('',(31.,-37.5,-2.2E-16));
#762 = VECTOR('',#763,1.);
#763 = DIRECTION('',(0.,1.,0.));
#764 = ORIENTED_EDGE('',*,*,#765,.F.);
#765 = EDGE_CURVE('',#766,#758,#768,.T.);
#766 = VERTEX_POINT('',#767);
#767 = CARTESIAN_POINT('',(29.5,-39.,0.));
#768 = CIRCLE('',#769,1.5);
#769 = AXIS2_PLACEMENT_3D('',#770,#771,#772);
#770 = CARTESIAN_POINT('',(29.5,-37.5,0.));
#771 = DIRECTION('',(-0.,0.,1.));
#772 = DIRECTION('',(0.,-1.,0.));
#773 = ORIENTED_EDGE('',*,*,#774,.F.);
#774 = EDGE_CURVE('',#775,#766,#777,.T.);
#775 = VERTEX_POINT('',#776);
#776 = CARTESIAN_POINT('',(9.5,-39.,0.));
#777 = LINE('',#778,#779);
#778 = CARTESIAN_POINT('',(9.5,-39.,-2.2E-16));
#779 = VECTOR('',#780,1.);
#780 = DIRECTION('',(1.,0.,0.));
#781 = ORIENTED_EDGE('',*,*,#782,.F.);
#782 = EDGE_CURVE('',#783,#775,#785,.T.);
#783 = VERTEX_POINT('',#784);
#784 = CARTESIAN_POINT('',(6.,-42.5,0.));
#785 = CIRCLE('',#786,3.5);
#786 = AXIS2_PLACEMENT_3D('',#787,#788,#789);
#787 = CARTESIAN_POINT('',(9.5,-42.5,0.));
#788 = DIRECTION('',(0.,0.,-1.));
#789 = DIRECTION('',(-1.,0.,0.));
#790 = ORIENTED_EDGE('',*,*,#791,.F.);
#791 = EDGE_CURVE('',#792,#783,#794,.T.);
#792 = VERTEX_POINT('',#793);
#793 = CARTESIAN_POINT('',(6.,-51.5,0.));
#794 = LINE('',#795,#796);
#795 = CARTESIAN_POINT('',(6.,-51.5,-2.2E-16));
#796 = VECTOR('',#797,1.);
#797 = DIRECTION('',(0.,1.,0.));
#798 = ORIENTED_EDGE('',*,*,#799,.F.);
#799 = EDGE_CURVE('',#800,#792,#802,.T.);
#800 = VERTEX_POINT('',#801);
#801 = CARTESIAN_POINT('',(4.5,-53.,0.));
#802 = CIRCLE('',#803,1.5);
#803 = AXIS2_PLACEMENT_3D('',#804,#805,#806);
#804 = CARTESIAN_POINT('',(4.5,-51.5,0.));
#805 = DIRECTION('',(-0.,0.,1.));
#806 = DIRECTION('',(3.6E-16,-1.,0.));
#807 = ORIENTED_EDGE('',*,*,#808,.F.);
#808 = EDGE_CURVE('',#809,#800,#811,.T.);
#809 = VERTEX_POINT('',#810);
#810 = CARTESIAN_POINT('',(-4.5,-53.,0.));
#811 = LINE('',#812,#813);
#812 = CARTESIAN_POINT('',(-4.5,-53.,-2.2E-16));
#813 = VECTOR('',#814,1.);
#814 = DIRECTION('',(1.,0.,0.));
#815 = ORIENTED_EDGE('',*,*,#816,.F.);
#816 = EDGE_CURVE('',#817,#809,#819,.T.);
#817 = VERTEX_POINT('',#818);
#818 = CARTESIAN_POINT('',(-6.,-51.5,-0.));
#819 = CIRCLE('',#820,1.5);
#820 = AXIS2_PLACEMENT_3D('',#821,#822,#823);
#821 = CARTESIAN_POINT('',(-4.5,-51.5,0.));
#822 = DIRECTION('',(0.,0.,1.));
#823 = DIRECTION('',(-1.,0.,0.));
#824 = ORIENTED_EDGE('',*,*,#825,.F.);
#825 = EDGE_CURVE('',#826,#817,#828,.T.);
#826 = VERTEX_POINT('',#827);
#827 = CARTESIAN_POINT('',(-6.,-42.5,0.));
#828 = LINE('',#829,#830);
#829 = CARTESIAN_POINT('',(-6.,-42.5,-2.2E-16));
#830 = VECTOR('',#831,1.);
#831 = DIRECTION('',(0.,-1.,0.));
#832 = ORIENTED_EDGE('',*,*,#833,.F.);
#833 = EDGE_CURVE('',#834,#826,#836,.T.);
#834 = VERTEX_POINT('',#835);
#835 = CARTESIAN_POINT('',(-9.5,-39.,-0.));
#836 = CIRCLE('',#837,3.5);
#837 = AXIS2_PLACEMENT_3D('',#838,#839,#840);
#838 = CARTESIAN_POINT('',(-9.5,-42.5,0.));
#839 = DIRECTION('',(0.,0.,-1.));
#840 = DIRECTION('',(0.,1.,0.));
#841 = ORIENTED_EDGE('',*,*,#842,.F.);
#842 = EDGE_CURVE('',#843,#834,#845,.T.);
#843 = VERTEX_POINT('',#844);
#844 = CARTESIAN_POINT('',(-29.5,-39.,0.));
#845 = LINE('',#846,#847);
#846 = CARTESIAN_POINT('',(-29.5,-39.,-2.2E-16));
#847 = VECTOR('',#848,1.);
#848 = DIRECTION('',(1.,0.,0.));
#849 = ORIENTED_EDGE('',*,*,#850,.F.);
#850 = EDGE_CURVE('',#851,#843,#853,.T.);
#851 = VERTEX_POINT('',#852);
#852 = CARTESIAN_POINT('',(-31.,-37.5,-0.));
#853 = CIRCLE('',#854,1.5);
#854 = AXIS2_PLACEMENT_3D('',#855,#856,#857);
#855 = CARTESIAN_POINT('',(-29.5,-37.5,0.));
#856 = DIRECTION('',(0.,0.,1.));
#857 = DIRECTION('',(-1.,0.,0.));
#858 = ORIENTED_EDGE('',*,*,#859,.F.);
#859 = EDGE_CURVE('',#860,#851,#862,.T.);
#860 = VERTEX_POINT('',#861);
#861 = CARTESIAN_POINT('',(-31.,45.5,0.));
#862 = LINE('',#863,#864);
#863 = CARTESIAN_POINT('',(-31.,45.5,-2.2E-16));
#864 = VECTOR('',#865,1.);
#865 = DIRECTION('',(0.,-1.,0.));
#866 = ORIENTED_EDGE('',*,*,#867,.F.);
#867 = EDGE_CURVE('',#532,#860,#868,.T.);
#868 = CIRCLE('',#869,1.5);
#869 = AXIS2_PLACEMENT_3D('',#870,#871,#872);
#870 = CARTESIAN_POINT('',(-29.5,45.5,0.));
#871 = DIRECTION('',(0.,-0.,1.));
#872 = DIRECTION('',(0.,1.,0.));
#873 = ORIENTED_EDGE('',*,*,#531,.F.);
#874 = ORIENTED_EDGE('',*,*,#875,.F.);
#875 = EDGE_CURVE('',#876,#523,#878,.T.);
#876 = VERTEX_POINT('',#877);
#877 = CARTESIAN_POINT('',(-6.,50.5,0.));
#878 = CIRCLE('',#879,3.5);
#879 = AXIS2_PLACEMENT_3D('',#880,#881,#882);
#880 = CARTESIAN_POINT('',(-9.5,50.5,0.));
#881 = DIRECTION('',(0.,0.,-1.));
#882 = DIRECTION('',(1.,0.,0.));
#883 = ORIENTED_EDGE('',*,*,#884,.F.);
#884 = EDGE_CURVE('',#885,#876,#887,.T.);
#885 = VERTEX_POINT('',#886);
#886 = CARTESIAN_POINT('',(-6.,59.5,0.));
#887 = LINE('',#888,#889);
#888 = CARTESIAN_POINT('',(-6.,59.5,0.));
#889 = VECTOR('',#890,1.);
#890 = DIRECTION('',(0.,-1.,0.));
#891 = ORIENTED_EDGE('',*,*,#892,.F.);
#892 = EDGE_CURVE('',#893,#885,#895,.T.);
#893 = VERTEX_POINT('',#894);
#894 = CARTESIAN_POINT('',(-4.5,61.,0.));
#895 = CIRCLE('',#896,1.5);
#896 = AXIS2_PLACEMENT_3D('',#897,#898,#899);
#897 = CARTESIAN_POINT('',(-4.5,59.5,0.));
#898 = DIRECTION('',(0.,-0.,1.));
#899 = DIRECTION('',(0.,1.,0.));
#900 = ORIENTED_EDGE('',*,*,#901,.F.);
#901 = EDGE_CURVE('',#902,#893,#904,.T.);
#902 = VERTEX_POINT('',#903);
#903 = CARTESIAN_POINT('',(4.5,61.,0.));
#904 = LINE('',#905,#906);
#905 = CARTESIAN_POINT('',(4.5,61.,-2.2E-16));
#906 = VECTOR('',#907,1.);
#907 = DIRECTION('',(-1.,0.,0.));
#908 = ORIENTED_EDGE('',*,*,#909,.F.);
#909 = EDGE_CURVE('',#910,#902,#912,.T.);
#910 = VERTEX_POINT('',#911);
#911 = CARTESIAN_POINT('',(6.,59.5,0.));
#912 = CIRCLE('',#913,1.5);
#913 = AXIS2_PLACEMENT_3D('',#914,#915,#916);
#914 = CARTESIAN_POINT('',(4.5,59.5,0.));
#915 = DIRECTION('',(0.,0.,1.));
#916 = DIRECTION('',(1.,0.,0.));
#917 = ORIENTED_EDGE('',*,*,#918,.F.);
#918 = EDGE_CURVE('',#919,#910,#921,.T.);
#919 = VERTEX_POINT('',#920);
#920 = CARTESIAN_POINT('',(6.,50.5,0.));
#921 = LINE('',#922,#923);
#922 = CARTESIAN_POINT('',(6.,50.5,-2.2E-16));
#923 = VECTOR('',#924,1.);
#924 = DIRECTION('',(0.,1.,0.));
#925 = ORIENTED_EDGE('',*,*,#926,.F.);
#926 = EDGE_CURVE('',#190,#919,#927,.T.);
#927 = CIRCLE('',#928,3.5);
#928 = AXIS2_PLACEMENT_3D('',#929,#930,#931);
#929 = CARTESIAN_POINT('',(9.5,50.5,0.));
#930 = DIRECTION('',(0.,0.,-1.));
#931 = DIRECTION('',(-7.1E-16,-1.,-0.));
#932 = ORIENTED_EDGE('',*,*,#189,.F.);
#933 = ORIENTED_EDGE('',*,*,#718,.F.);
#934 = FACE_BOUND('',#935,.T.);
#935 = EDGE_LOOP('',(#936));
#936 = ORIENTED_EDGE('',*,*,#937,.T.);
#937 = EDGE_CURVE('',#938,#938,#940,.T.);
#938 = VERTEX_POINT('',#939);
#939 = CARTESIAN_POINT('',(3.2,-47.,0.));
#940 = CIRCLE('',#941,3.2);
#941 = AXIS2_PLACEMENT_3D('',#942,#943,#944);
#942 = CARTESIAN_POINT('',(-4.2E-15,-47.,0.));
#943 = DIRECTION('',(0.,0.,1.));
#944 = DIRECTION('',(1.,0.,0.));
#945 = FACE_BOUND('',#946,.T.);
#946 = EDGE_LOOP('',(#947));
#947 = ORIENTED_EDGE('',*,*,#948,.T.);
#948 = EDGE_CURVE('',#949,#949,#951,.T.);
#949 = VERTEX_POINT('',#950);
#950 = CARTESIAN_POINT('',(3.2,55.,0.));
#951 = CIRCLE('',#952,3.2);
#952 = AXIS2_PLACEMENT_3D('',#953,#954,#955);
#953 = CARTESIAN_POINT('',(7.5E-15,55.,0.));
#954 = DIRECTION('',(0.,0.,1.));
#955 = DIRECTION('',(1.,0.,0.));
#956 = PLANE('',#957);
#957 = AXIS2_PLACEMENT_3D('',#958,#959,#960);
#958 = CARTESIAN_POINT('',(0.,4.,0.));
#959 = DIRECTION('',(-0.,-0.,-1.));
#960 = DIRECTION('',(-1.,0.,0.));
#961 = ADVANCED_FACE('',(#962),#974,.T.);
#962 = FACE_BOUND('',#963,.F.);
#963 = EDGE_LOOP('',(#964,#965,#966,#973));
#964 = ORIENTED_EDGE('',*,*,#197,.F.);
#965 = ORIENTED_EDGE('',*,*,#431,.T.);
#966 = ORIENTED_EDGE('',*,*,#967,.T.);
#967 = EDGE_CURVE('',#432,#919,#968,.T.);
#968 = CIRCLE('',#969,1.);
#969 = AXIS2_PLACEMENT_3D('',#970,#971,#972);
#970 = CARTESIAN_POINT('',(6.,50.5,1.));
#971 = DIRECTION('',(-2.E-17,1.,0.));
#972 = DIRECTION('',(-1.,-2.E-17,-0.));
#973 = ORIENTED_EDGE('',*,*,#926,.F.);
#974 = TOROIDAL_SURFACE('',#975,3.5,1.);
#975 = AXIS2_PLACEMENT_3D('',#976,#977,#978);
#976 = CARTESIAN_POINT('',(9.5,50.5,1.));
#977 = DIRECTION('',(0.,0.,1.));
#978 = DIRECTION('',(-7.1E-16,-1.,0.));
#979 = ADVANCED_FACE('',(#980),#998,.T.);
#980 = FACE_BOUND('',#981,.T.);
#981 = EDGE_LOOP('',(#982,#983,#991,#997));
#982 = ORIENTED_EDGE('',*,*,#482,.F.);
#983 = ORIENTED_EDGE('',*,*,#984,.T.);
#984 = EDGE_CURVE('',#474,#985,#987,.T.);
#985 = VERTEX_POINT('',#986);
#986 = CARTESIAN_POINT('',(-32.,-37.5,1.));
#987 = LINE('',#988,#989);
#988 = CARTESIAN_POINT('',(-32.,45.5,1.));
#989 = VECTOR('',#990,1.);
#990 = DIRECTION('',(0.,-1.,0.));
#991 = ORIENTED_EDGE('',*,*,#992,.T.);
#992 = EDGE_CURVE('',#985,#224,#993,.T.);
#993 = LINE('',#994,#995);
#994 = CARTESIAN_POINT('',(-32.,-37.5,0.));
#995 = VECTOR('',#996,1.);
#996 = DIRECTION('',(0.,0.,1.));
#997 = ORIENTED_EDGE('',*,*,#223,.F.);
#998 = PLANE('',#999);
#999 = AXIS2_PLACEMENT_3D('',#1000,#1001,#1002);
#1000 = CARTESIAN_POINT('',(-32.,4.,13.));
#1001 = DIRECTION('',(-1.,-0.,-0.));
#1002 = DIRECTION('',(0.,0.,-1.));
#1003 = ADVANCED_FACE('',(#1004),#1023,.T.);
#1004 = FACE_BOUND('',#1005,.F.);
#1005 = EDGE_LOOP('',(#1006,#1007,#1016,#1022));
#1006 = ORIENTED_EDGE('',*,*,#733,.F.);
#1007 = ORIENTED_EDGE('',*,*,#1008,.F.);
#1008 = EDGE_CURVE('',#1009,#734,#1011,.T.);
#1009 = VERTEX_POINT('',#1010);
#1010 = CARTESIAN_POINT('',(29.5,-40.,1.));
#1011 = CIRCLE('',#1012,2.5);
#1012 = AXIS2_PLACEMENT_3D('',#1013,#1014,#1015);
#1013 = CARTESIAN_POINT('',(29.5,-37.5,1.));
#1014 = DIRECTION('',(-0.,0.,1.));
#1015 = DIRECTION('',(0.,-1.,0.));
#1016 = ORIENTED_EDGE('',*,*,#1017,.T.);
#1017 = EDGE_CURVE('',#1009,#241,#1018,.T.);
#1018 = LINE('',#1019,#1020);
#1019 = CARTESIAN_POINT('',(29.5,-40.,0.));
#1020 = VECTOR('',#1021,1.);
#1021 = DIRECTION('',(0.,0.,1.));
#1022 = ORIENTED_EDGE('',*,*,#248,.F.);
#1023 = CYLINDRICAL_SURFACE('',#1024,2.5);
#1024 = AXIS2_PLACEMENT_3D('',#1025,#1026,#1027);
#1025 = CARTESIAN_POINT('',(29.5,-37.5,0.));
#1026 = DIRECTION('',(0.,0.,1.));
#1027 = DIRECTION('',(1.,0.,0.));
#1028 = ADVANCED_FACE('',(#1029),#1048,.T.);
#1029 = FACE_BOUND('',#1030,.F.);
#1030 = EDGE_LOOP('',(#1031,#1039,#1046,#1047));
#1031 = ORIENTED_EDGE('',*,*,#1032,.F.);
#1032 = EDGE_CURVE('',#1033,#232,#1035,.T.);
#1033 = VERTEX_POINT('',#1034);
#1034 = CARTESIAN_POINT('',(-29.5,-40.,1.));
#1035 = LINE('',#1036,#1037);
#1036 = CARTESIAN_POINT('',(-29.5,-40.,0.));
#1037 = VECTOR('',#1038,1.);
#1038 = DIRECTION('',(0.,0.,1.));
#1039 = ORIENTED_EDGE('',*,*,#1040,.F.);
#1040 = EDGE_CURVE('',#985,#1033,#1041,.T.);
#1041 = CIRCLE('',#1042,2.5);
#1042 = AXIS2_PLACEMENT_3D('',#1043,#1044,#1045);
#1043 = CARTESIAN_POINT('',(-29.5,-37.5,1.));
#1044 = DIRECTION('',(0.,0.,1.));
#1045 = DIRECTION('',(-1.,0.,0.));
#1046 = ORIENTED_EDGE('',*,*,#992,.T.);
#1047 = ORIENTED_EDGE('',*,*,#231,.F.);
#1048 = CYLINDRICAL_SURFACE('',#1049,2.5);
#1049 = AXIS2_PLACEMENT_3D('',#1050,#1051,#1052);
#1050 = CARTESIAN_POINT('',(-29.5,-37.5,0.));
#1051 = DIRECTION('',(0.,0.,1.));
#1052 = DIRECTION('',(0.,-1.,0.));
#1053 = ADVANCED_FACE('',(#1054,#1129),#1140,.T.);
#1054 = FACE_BOUND('',#1055,.T.);
#1055 = EDGE_LOOP('',(#1056,#1057,#1065,#1073,#1081,#1089,#1097,#1105,
    #1113,#1121,#1127,#1128));
#1056 = ORIENTED_EDGE('',*,*,#1032,.F.);
#1057 = ORIENTED_EDGE('',*,*,#1058,.T.);
#1058 = EDGE_CURVE('',#1033,#1059,#1061,.T.);
#1059 = VERTEX_POINT('',#1060);
#1060 = CARTESIAN_POINT('',(-9.5,-40.,1.));
#1061 = LINE('',#1062,#1063);
#1062 = CARTESIAN_POINT('',(-29.5,-40.,1.));
#1063 = VECTOR('',#1064,1.);
#1064 = DIRECTION('',(1.,0.,0.));
#1065 = ORIENTED_EDGE('',*,*,#1066,.T.);
#1066 = EDGE_CURVE('',#1059,#1067,#1069,.T.);
#1067 = VERTEX_POINT('',#1068);
#1068 = CARTESIAN_POINT('',(-9.5,-40.,17.035533905933));
#1069 = LINE('',#1070,#1071);
#1070 = CARTESIAN_POINT('',(-9.5,-40.,-1.62E-15));
#1071 = VECTOR('',#1072,1.);
#1072 = DIRECTION('',(0.,0.,1.));
#1073 = ORIENTED_EDGE('',*,*,#1074,.T.);
#1074 = EDGE_CURVE('',#1067,#1075,#1077,.T.);
#1075 = VERTEX_POINT('',#1076);
#1076 = CARTESIAN_POINT('',(-2.,-40.,17.035533905933));
#1077 = LINE('',#1078,#1079);
#1078 = CARTESIAN_POINT('',(-7.,-40.,17.035533905933));
#1079 = VECTOR('',#1080,1.);
#1080 = DIRECTION('',(1.,-2.2E-16,2.2E-16));
#1081 = ORIENTED_EDGE('',*,*,#1082,.F.);
#1082 = EDGE_CURVE('',#1083,#1075,#1085,.T.);
#1083 = VERTEX_POINT('',#1084);
#1084 = CARTESIAN_POINT('',(-2.,-40.,4.5));
#1085 = LINE('',#1086,#1087);
#1086 = CARTESIAN_POINT('',(-2.,-40.,2.));
#1087 = VECTOR('',#1088,1.);
#1088 = DIRECTION('',(-2.2E-16,0.,1.));
#1089 = ORIENTED_EDGE('',*,*,#1090,.T.);
#1090 = EDGE_CURVE('',#1083,#1091,#1093,.T.);
#1091 = VERTEX_POINT('',#1092);
#1092 = CARTESIAN_POINT('',(2.,-40.,4.5));
#1093 = LINE('',#1094,#1095);
#1094 = CARTESIAN_POINT('',(-4.5,-40.,4.5));
#1095 = VECTOR('',#1096,1.);
#1096 = DIRECTION('',(1.,0.,0.));
#1097 = ORIENTED_EDGE('',*,*,#1098,.T.);
#1098 = EDGE_CURVE('',#1091,#1099,#1101,.T.);
#1099 = VERTEX_POINT('',#1100);
#1100 = CARTESIAN_POINT('',(2.,-40.,17.035533905933));
#1101 = LINE('',#1102,#1103);
#1102 = CARTESIAN_POINT('',(2.,-40.,2.));
#1103 = VECTOR('',#1104,1.);
#1104 = DIRECTION('',(0.,0.,1.));
#1105 = ORIENTED_EDGE('',*,*,#1106,.F.);
#1106 = EDGE_CURVE('',#1107,#1099,#1109,.T.);
#1107 = VERTEX_POINT('',#1108);
#1108 = CARTESIAN_POINT('',(9.5,-40.,17.035533905933));
#1109 = LINE('',#1110,#1111);
#1110 = CARTESIAN_POINT('',(7.,-40.,17.035533905933));
#1111 = VECTOR('',#1112,1.);
#1112 = DIRECTION('',(-1.,-0.,-0.));
#1113 = ORIENTED_EDGE('',*,*,#1114,.F.);
#1114 = EDGE_CURVE('',#1115,#1107,#1117,.T.);
#1115 = VERTEX_POINT('',#1116);
#1116 = CARTESIAN_POINT('',(9.5,-40.,1.));
#1117 = LINE('',#1118,#1119);
#1118 = CARTESIAN_POINT('',(9.5,-40.,0.));
#1119 = VECTOR('',#1120,1.);
#1120 = DIRECTION('',(0.,0.,1.));
#1121 = ORIENTED_EDGE('',*,*,#1122,.T.);
#1122 = EDGE_CURVE('',#1115,#1009,#1123,.T.);
#1123 = LINE('',#1124,#1125);
#1124 = CARTESIAN_POINT('',(9.5,-40.,1.));
#1125 = VECTOR('',#1126,1.);
#1126 = DIRECTION('',(1.,0.,0.));
#1127 = ORIENTED_EDGE('',*,*,#1017,.T.);
#1128 = ORIENTED_EDGE('',*,*,#240,.F.);
#1129 = FACE_BOUND('',#1130,.T.);
#1130 = EDGE_LOOP('',(#1131));
#1131 = ORIENTED_EDGE('',*,*,#1132,.F.);
#1132 = EDGE_CURVE('',#1133,#1133,#1135,.T.);
#1133 = VERTEX_POINT('',#1134);
#1134 = CARTESIAN_POINT('',(-14.5,-40.,20.));
#1135 = CIRCLE('',#1136,3.);
#1136 = AXIS2_PLACEMENT_3D('',#1137,#1138,#1139);
#1137 = CARTESIAN_POINT('',(-17.5,-40.,20.));
#1138 = DIRECTION('',(0.,-1.,0.));
#1139 = DIRECTION('',(1.,0.,0.));
#1140 = PLANE('',#1141);
#1141 = AXIS2_PLACEMENT_3D('',#1142,#1143,#1144);
#1142 = CARTESIAN_POINT('',(0.,-40.,12.891304347826));
#1143 = DIRECTION('',(-0.,-1.,-0.));
#1144 = DIRECTION('',(0.,0.,-1.));
#1145 = ADVANCED_FACE('',(#1146),#1165,.F.);
#1146 = FACE_BOUND('',#1147,.F.);
#1147 = EDGE_LOOP('',(#1148,#1156,#1163,#1164));
#1148 = ORIENTED_EDGE('',*,*,#1149,.T.);
#1149 = EDGE_CURVE('',#267,#1150,#1152,.T.);
#1150 = VERTEX_POINT('',#1151);
#1151 = CARTESIAN_POINT('',(-25.7,-35.,16.));
#1152 = LINE('',#1153,#1154);
#1153 = CARTESIAN_POINT('',(-25.7,-35.,26.));
#1154 = VECTOR('',#1155,1.);
#1155 = DIRECTION('',(-0.,-0.,-1.));
#1156 = ORIENTED_EDGE('',*,*,#1157,.T.);
#1157 = EDGE_CURVE('',#1150,#1150,#1158,.T.);
#1158 = CIRCLE('',#1159,1.3);
#1159 = AXIS2_PLACEMENT_3D('',#1160,#1161,#1162);
#1160 = CARTESIAN_POINT('',(-27.,-35.,16.));
#1161 = DIRECTION('',(0.,0.,1.));
#1162 = DIRECTION('',(1.,0.,0.));
#1163 = ORIENTED_EDGE('',*,*,#1149,.F.);
#1164 = ORIENTED_EDGE('',*,*,#266,.F.);
#1165 = CYLINDRICAL_SURFACE('',#1166,1.3);
#1166 = AXIS2_PLACEMENT_3D('',#1167,#1168,#1169);
#1167 = CARTESIAN_POINT('',(-27.,-35.,26.));
#1168 = DIRECTION('',(0.,0.,1.));
#1169 = DIRECTION('',(1.,0.,-0.));
#1170 = ADVANCED_FACE('',(#1171),#1190,.F.);
#1171 = FACE_BOUND('',#1172,.F.);
#1172 = EDGE_LOOP('',(#1173,#1181,#1188,#1189));
#1173 = ORIENTED_EDGE('',*,*,#1174,.T.);
#1174 = EDGE_CURVE('',#278,#1175,#1177,.T.);
#1175 = VERTEX_POINT('',#1176);
#1176 = CARTESIAN_POINT('',(-27.95,4.,16.));
#1177 = LINE('',#1178,#1179);
#1178 = CARTESIAN_POINT('',(-27.95,4.,26.));
#1179 = VECTOR('',#1180,1.);
#1180 = DIRECTION('',(-0.,-0.,-1.));
#1181 = ORIENTED_EDGE('',*,*,#1182,.T.);
#1182 = EDGE_CURVE('',#1175,#1175,#1183,.T.);
#1183 = CIRCLE('',#1184,1.3);
#1184 = AXIS2_PLACEMENT_3D('',#1185,#1186,#1187);
#1185 = CARTESIAN_POINT('',(-29.25,4.,16.));
#1186 = DIRECTION('',(0.,0.,1.));
#1187 = DIRECTION('',(1.,0.,0.));
#1188 = ORIENTED_EDGE('',*,*,#1174,.F.);
#1189 = ORIENTED_EDGE('',*,*,#277,.F.);
#1190 = CYLINDRICAL_SURFACE('',#1191,1.3);
#1191 = AXIS2_PLACEMENT_3D('',#1192,#1193,#1194);
#1192 = CARTESIAN_POINT('',(-29.25,4.,26.));
#1193 = DIRECTION('',(0.,0.,1.));
#1194 = DIRECTION('',(1.,0.,-0.));
#1195 = ADVANCED_FACE('',(#1196),#1215,.F.);
#1196 = FACE_BOUND('',#1197,.F.);
#1197 = EDGE_LOOP('',(#1198,#1206,#1213,#1214));
#1198 = ORIENTED_EDGE('',*,*,#1199,.T.);
#1199 = EDGE_CURVE('',#289,#1200,#1202,.T.);
#1200 = VERTEX_POINT('',#1201);
#1201 = CARTESIAN_POINT('',(1.3,-37.25,16.));
#1202 = LINE('',#1203,#1204);
#1203 = CARTESIAN_POINT('',(1.3,-37.25,26.));
#1204 = VECTOR('',#1205,1.);
#1205 = DIRECTION('',(-0.,-0.,-1.));
#1206 = ORIENTED_EDGE('',*,*,#1207,.T.);
#1207 = EDGE_CURVE('',#1200,#1200,#1208,.T.);
#1208 = CIRCLE('',#1209,1.3);
#1209 = AXIS2_PLACEMENT_3D('',#1210,#1211,#1212);
#1210 = CARTESIAN_POINT('',(0.,-37.25,16.));
#1211 = DIRECTION('',(0.,0.,1.));
#1212 = DIRECTION('',(1.,0.,0.));
#1213 = ORIENTED_EDGE('',*,*,#1199,.F.);
#1214 = ORIENTED_EDGE('',*,*,#288,.F.);
#1215 = CYLINDRICAL_SURFACE('',#1216,1.3);
#1216 = AXIS2_PLACEMENT_3D('',#1217,#1218,#1219);
#1217 = CARTESIAN_POINT('',(0.,-37.25,26.));
#1218 = DIRECTION('',(0.,0.,1.));
#1219 = DIRECTION('',(1.,0.,-0.));
#1220 = ADVANCED_FACE('',(#1221),#1240,.F.);
#1221 = FACE_BOUND('',#1222,.F.);
#1222 = EDGE_LOOP('',(#1223,#1231,#1238,#1239));
#1223 = ORIENTED_EDGE('',*,*,#1224,.T.);
#1224 = EDGE_CURVE('',#300,#1225,#1227,.T.);
#1225 = VERTEX_POINT('',#1226);
#1226 = CARTESIAN_POINT('',(28.3,-35.,16.));
#1227 = LINE('',#1228,#1229);
#1228 = CARTESIAN_POINT('',(28.3,-35.,26.));
#1229 = VECTOR('',#1230,1.);
#1230 = DIRECTION('',(-0.,-0.,-1.));
#1231 = ORIENTED_EDGE('',*,*,#1232,.T.);
#1232 = EDGE_CURVE('',#1225,#1225,#1233,.T.);
#1233 = CIRCLE('',#1234,1.3);
#1234 = AXIS2_PLACEMENT_3D('',#1235,#1236,#1237);
#1235 = CARTESIAN_POINT('',(27.,-35.,16.));
#1236 = DIRECTION('',(0.,0.,1.));
#1237 = DIRECTION('',(1.,0.,0.));
#1238 = ORIENTED_EDGE('',*,*,#1224,.F.);
#1239 = ORIENTED_EDGE('',*,*,#299,.F.);
#1240 = CYLINDRICAL_SURFACE('',#1241,1.3);
#1241 = AXIS2_PLACEMENT_3D('',#1242,#1243,#1244);
#1242 = CARTESIAN_POINT('',(27.,-35.,26.));
#1243 = DIRECTION('',(0.,0.,1.));
#1244 = DIRECTION('',(1.,0.,-0.));
#1245 = ADVANCED_FACE('',(#1246),#1291,.F.);
#1246 = FACE_BOUND('',#1247,.F.);
#1247 = EDGE_LOOP('',(#1248,#1258,#1267,#1274,#1275,#1284));
#1248 = ORIENTED_EDGE('',*,*,#1249,.T.);
#1249 = EDGE_CURVE('',#1250,#1252,#1254,.T.);
#1250 = VERTEX_POINT('',#1251);
#1251 = CARTESIAN_POINT('',(-24.92184071656,36.,26.));
#1252 = VERTEX_POINT('',#1253);
#1253 = CARTESIAN_POINT('',(-24.92184071656,-28.,26.));
#1254 = LINE('',#1255,#1256);
#1255 = CARTESIAN_POINT('',(-24.92184071656,36.,26.));
#1256 = VECTOR('',#1257,1.);
#1257 = DIRECTION('',(0.,-1.,0.));
#1258 = ORIENTED_EDGE('',*,*,#1259,.F.);
#1259 = EDGE_CURVE('',#1260,#1252,#1262,.T.);
#1260 = VERTEX_POINT('',#1261);
#1261 = CARTESIAN_POINT('',(-27.40095541401,-28.,25.26));
#1262 = CIRCLE('',#1263,1.35);
#1263 = AXIS2_PLACEMENT_3D('',#1264,#1265,#1266);
#1264 = CARTESIAN_POINT('',(-26.05095541401,-28.,25.26));
#1265 = DIRECTION('',(0.,-1.,0.));
#1266 = DIRECTION('',(-1.,0.,0.));
#1267 = ORIENTED_EDGE('',*,*,#1268,.F.);
#1268 = EDGE_CURVE('',#313,#1260,#1269,.T.);
#1269 = CIRCLE('',#1270,1.35);
#1270 = AXIS2_PLACEMENT_3D('',#1271,#1272,#1273);
#1271 = CARTESIAN_POINT('',(-26.05095541401,-28.,25.26));
#1272 = DIRECTION('',(0.,-1.,0.));
#1273 = DIRECTION('',(-1.,0.,0.));
#1274 = ORIENTED_EDGE('',*,*,#310,.F.);
#1275 = ORIENTED_EDGE('',*,*,#1276,.T.);
#1276 = EDGE_CURVE('',#311,#1277,#1279,.T.);
#1277 = VERTEX_POINT('',#1278);
#1278 = CARTESIAN_POINT('',(-27.40095541401,36.,25.26));
#1279 = CIRCLE('',#1280,1.35);
#1280 = AXIS2_PLACEMENT_3D('',#1281,#1282,#1283);
#1281 = CARTESIAN_POINT('',(-26.05095541401,36.,25.26));
#1282 = DIRECTION('',(0.,-1.,0.));
#1283 = DIRECTION('',(-1.,0.,0.));
#1284 = ORIENTED_EDGE('',*,*,#1285,.T.);
#1285 = EDGE_CURVE('',#1277,#1250,#1286,.T.);
#1286 = CIRCLE('',#1287,1.35);
#1287 = AXIS2_PLACEMENT_3D('',#1288,#1289,#1290);
#1288 = CARTESIAN_POINT('',(-26.05095541401,36.,25.26));
#1289 = DIRECTION('',(0.,-1.,0.));
#1290 = DIRECTION('',(-1.,0.,0.));
#1291 = CYLINDRICAL_SURFACE('',#1292,1.35);
#1292 = AXIS2_PLACEMENT_3D('',#1293,#1294,#1295);
#1293 = CARTESIAN_POINT('',(-26.05095541401,36.,25.26));
#1294 = DIRECTION('',(0.,-1.,0.));
#1295 = DIRECTION('',(-1.,0.,0.));
#1296 = ADVANCED_FACE('',(#1297),#1317,.F.);
#1297 = FACE_BOUND('',#1298,.F.);
#1298 = EDGE_LOOP('',(#1299,#1308,#1315,#1316));
#1299 = ORIENTED_EDGE('',*,*,#1300,.T.);
#1300 = EDGE_CURVE('',#321,#1301,#1303,.T.);
#1301 = VERTEX_POINT('',#1302);
#1302 = CARTESIAN_POINT('',(-20.,43.400955414013,25.26));
#1303 = CIRCLE('',#1304,1.35);
#1304 = AXIS2_PLACEMENT_3D('',#1305,#1306,#1307);
#1305 = CARTESIAN_POINT('',(-20.,42.050955414013,25.26));
#1306 = DIRECTION('',(-1.,0.,0.));
#1307 = DIRECTION('',(0.,1.,0.));
#1308 = ORIENTED_EDGE('',*,*,#1309,.T.);
#1309 = EDGE_CURVE('',#1301,#1277,#1310,.T.);
#1310 = CIRCLE('',#1311,7.400955414013);
#1311 = AXIS2_PLACEMENT_3D('',#1312,#1313,#1314);
#1312 = CARTESIAN_POINT('',(-20.,36.,25.26));
#1313 = DIRECTION('',(0.,0.,1.));
#1314 = DIRECTION('',(1.,0.,0.));
#1315 = ORIENTED_EDGE('',*,*,#1276,.F.);
#1316 = ORIENTED_EDGE('',*,*,#320,.F.);
#1317 = TOROIDAL_SURFACE('',#1318,6.050955414013,1.35);
#1318 = AXIS2_PLACEMENT_3D('',#1319,#1320,#1321);
#1319 = CARTESIAN_POINT('',(-20.,36.,25.26));
#1320 = DIRECTION('',(0.,0.,1.));
#1321 = DIRECTION('',(1.,0.,0.));
#1322 = ADVANCED_FACE('',(#1323),#1343,.F.);
#1323 = FACE_BOUND('',#1324,.F.);
#1324 = EDGE_LOOP('',(#1325,#1326,#1335,#1342));
#1325 = ORIENTED_EDGE('',*,*,#1268,.T.);
#1326 = ORIENTED_EDGE('',*,*,#1327,.T.);
#1327 = EDGE_CURVE('',#1260,#1328,#1330,.T.);
#1328 = VERTEX_POINT('',#1329);
#1329 = CARTESIAN_POINT('',(-20.,-35.40095541401,25.26));
#1330 = CIRCLE('',#1331,7.400955414013);
#1331 = AXIS2_PLACEMENT_3D('',#1332,#1333,#1334);
#1332 = CARTESIAN_POINT('',(-20.,-28.,25.26));
#1333 = DIRECTION('',(0.,0.,1.));
#1334 = DIRECTION('',(1.,0.,0.));
#1335 = ORIENTED_EDGE('',*,*,#1336,.T.);
#1336 = EDGE_CURVE('',#1328,#364,#1337,.T.);
#1337 = CIRCLE('',#1338,1.35);
#1338 = AXIS2_PLACEMENT_3D('',#1339,#1340,#1341);
#1339 = CARTESIAN_POINT('',(-20.,-34.05095541401,25.26));
#1340 = DIRECTION('',(-1.,1.8E-16,0.));
#1341 = DIRECTION('',(-1.8E-16,-1.,-0.));
#1342 = ORIENTED_EDGE('',*,*,#371,.F.);
#1343 = TOROIDAL_SURFACE('',#1344,6.050955414013,1.35);
#1344 = AXIS2_PLACEMENT_3D('',#1345,#1346,#1347);
#1345 = CARTESIAN_POINT('',(-20.,-28.,25.26));
#1346 = DIRECTION('',(0.,0.,1.));
#1347 = DIRECTION('',(1.,0.,0.));
#1348 = ADVANCED_FACE('',(#1349),#1386,.F.);
#1349 = FACE_BOUND('',#1350,.F.);
#1350 = EDGE_LOOP('',(#1351,#1361,#1368,#1369,#1370,#1379));
#1351 = ORIENTED_EDGE('',*,*,#1352,.T.);
#1352 = EDGE_CURVE('',#1353,#1355,#1357,.T.);
#1353 = VERTEX_POINT('',#1354);
#1354 = CARTESIAN_POINT('',(20.,40.921840716562,26.));
#1355 = VERTEX_POINT('',#1356);
#1356 = CARTESIAN_POINT('',(-20.,40.921840716562,26.));
#1357 = LINE('',#1358,#1359);
#1358 = CARTESIAN_POINT('',(20.,40.921840716562,26.));
#1359 = VECTOR('',#1360,1.);
#1360 = DIRECTION('',(-1.,0.,0.));
#1361 = ORIENTED_EDGE('',*,*,#1362,.F.);
#1362 = EDGE_CURVE('',#1301,#1355,#1363,.T.);
#1363 = CIRCLE('',#1364,1.35);
#1364 = AXIS2_PLACEMENT_3D('',#1365,#1366,#1367);
#1365 = CARTESIAN_POINT('',(-20.,42.050955414013,25.26));
#1366 = DIRECTION('',(-1.,0.,0.));
#1367 = DIRECTION('',(0.,1.,0.));
#1368 = ORIENTED_EDGE('',*,*,#1300,.F.);
#1369 = ORIENTED_EDGE('',*,*,#329,.F.);
#1370 = ORIENTED_EDGE('',*,*,#1371,.F.);
#1371 = EDGE_CURVE('',#1372,#330,#1374,.T.);
#1372 = VERTEX_POINT('',#1373);
#1373 = CARTESIAN_POINT('',(20.,43.400955414013,25.26));
#1374 = CIRCLE('',#1375,1.35);
#1375 = AXIS2_PLACEMENT_3D('',#1376,#1377,#1378);
#1376 = CARTESIAN_POINT('',(20.,42.050955414013,25.26));
#1377 = DIRECTION('',(1.,-6.E-17,0.));
#1378 = DIRECTION('',(6.E-17,1.,0.));
#1379 = ORIENTED_EDGE('',*,*,#1380,.F.);
#1380 = EDGE_CURVE('',#1353,#1372,#1381,.T.);
#1381 = CIRCLE('',#1382,1.35);
#1382 = AXIS2_PLACEMENT_3D('',#1383,#1384,#1385);
#1383 = CARTESIAN_POINT('',(20.,42.050955414013,25.26));
#1384 = DIRECTION('',(1.,-6.E-17,0.));
#1385 = DIRECTION('',(6.E-17,1.,0.));
#1386 = CYLINDRICAL_SURFACE('',#1387,1.35);
#1387 = AXIS2_PLACEMENT_3D('',#1388,#1389,#1390);
#1388 = CARTESIAN_POINT('',(20.,42.050955414013,25.26));
#1389 = DIRECTION('',(-1.,0.,0.));
#1390 = DIRECTION('',(0.,1.,0.));
#1391 = ADVANCED_FACE('',(#1392),#1429,.F.);
#1392 = FACE_BOUND('',#1393,.F.);
#1393 = EDGE_LOOP('',(#1394,#1404,#1413,#1420,#1421,#1422));
#1394 = ORIENTED_EDGE('',*,*,#1395,.T.);
#1395 = EDGE_CURVE('',#1396,#1398,#1400,.T.);
#1396 = VERTEX_POINT('',#1397);
#1397 = CARTESIAN_POINT('',(-20.,-32.92184071656,26.));
#1398 = VERTEX_POINT('',#1399);
#1399 = CARTESIAN_POINT('',(20.,-32.92184071656,26.));
#1400 = LINE('',#1401,#1402);
#1401 = CARTESIAN_POINT('',(-20.,-32.92184071656,26.));
#1402 = VECTOR('',#1403,1.);
#1403 = DIRECTION('',(1.,0.,0.));
#1404 = ORIENTED_EDGE('',*,*,#1405,.F.);
#1405 = EDGE_CURVE('',#1406,#1398,#1408,.T.);
#1406 = VERTEX_POINT('',#1407);
#1407 = CARTESIAN_POINT('',(20.,-35.40095541401,25.26));
#1408 = CIRCLE('',#1409,1.35);
#1409 = AXIS2_PLACEMENT_3D('',#1410,#1411,#1412);
#1410 = CARTESIAN_POINT('',(20.,-34.05095541401,25.26));
#1411 = DIRECTION('',(1.,0.,0.));
#1412 = DIRECTION('',(0.,-1.,0.));
#1413 = ORIENTED_EDGE('',*,*,#1414,.F.);
#1414 = EDGE_CURVE('',#355,#1406,#1415,.T.);
#1415 = CIRCLE('',#1416,1.35);
#1416 = AXIS2_PLACEMENT_3D('',#1417,#1418,#1419);
#1417 = CARTESIAN_POINT('',(20.,-34.05095541401,25.26));
#1418 = DIRECTION('',(1.,0.,0.));
#1419 = DIRECTION('',(0.,-1.,0.));
#1420 = ORIENTED_EDGE('',*,*,#363,.F.);
#1421 = ORIENTED_EDGE('',*,*,#1336,.F.);
#1422 = ORIENTED_EDGE('',*,*,#1423,.F.);
#1423 = EDGE_CURVE('',#1396,#1328,#1424,.T.);
#1424 = CIRCLE('',#1425,1.35);
#1425 = AXIS2_PLACEMENT_3D('',#1426,#1427,#1428);
#1426 = CARTESIAN_POINT('',(-20.,-34.05095541401,25.26));
#1427 = DIRECTION('',(-1.,1.8E-16,0.));
#1428 = DIRECTION('',(-1.8E-16,-1.,-0.));
#1429 = CYLINDRICAL_SURFACE('',#1430,1.35);
#1430 = AXIS2_PLACEMENT_3D('',#1431,#1432,#1433);
#1431 = CARTESIAN_POINT('',(-20.,-34.05095541401,25.26));
#1432 = DIRECTION('',(1.,0.,0.));
#1433 = DIRECTION('',(0.,-1.,0.));
#1434 = ADVANCED_FACE('',(#1435),#1455,.F.);
#1435 = FACE_BOUND('',#1436,.F.);
#1436 = EDGE_LOOP('',(#1437,#1446,#1453,#1454));
#1437 = ORIENTED_EDGE('',*,*,#1438,.T.);
#1438 = EDGE_CURVE('',#338,#1439,#1441,.T.);
#1439 = VERTEX_POINT('',#1440);
#1440 = CARTESIAN_POINT('',(27.400955414013,36.,25.26));
#1441 = CIRCLE('',#1442,1.35);
#1442 = AXIS2_PLACEMENT_3D('',#1443,#1444,#1445);
#1443 = CARTESIAN_POINT('',(26.050955414013,36.,25.26));
#1444 = DIRECTION('',(-0.,1.,0.));
#1445 = DIRECTION('',(1.,0.,0.));
#1446 = ORIENTED_EDGE('',*,*,#1447,.T.);
#1447 = EDGE_CURVE('',#1439,#1372,#1448,.T.);
#1448 = CIRCLE('',#1449,7.400955414013);
#1449 = AXIS2_PLACEMENT_3D('',#1450,#1451,#1452);
#1450 = CARTESIAN_POINT('',(20.,36.,25.26));
#1451 = DIRECTION('',(0.,0.,1.));
#1452 = DIRECTION('',(1.,0.,0.));
#1453 = ORIENTED_EDGE('',*,*,#1371,.T.);
#1454 = ORIENTED_EDGE('',*,*,#337,.F.);
#1455 = TOROIDAL_SURFACE('',#1456,6.050955414013,1.35);
#1456 = AXIS2_PLACEMENT_3D('',#1457,#1458,#1459);
#1457 = CARTESIAN_POINT('',(20.,36.,25.26));
#1458 = DIRECTION('',(0.,0.,1.));
#1459 = DIRECTION('',(1.,0.,0.));
#1460 = ADVANCED_FACE('',(#1461),#1481,.F.);
#1461 = FACE_BOUND('',#1462,.F.);
#1462 = EDGE_LOOP('',(#1463,#1464,#1473,#1480));
#1463 = ORIENTED_EDGE('',*,*,#1414,.T.);
#1464 = ORIENTED_EDGE('',*,*,#1465,.T.);
#1465 = EDGE_CURVE('',#1406,#1466,#1468,.T.);
#1466 = VERTEX_POINT('',#1467);
#1467 = CARTESIAN_POINT('',(27.400955414013,-28.,25.26));
#1468 = CIRCLE('',#1469,7.400955414013);
#1469 = AXIS2_PLACEMENT_3D('',#1470,#1471,#1472);
#1470 = CARTESIAN_POINT('',(20.,-28.,25.26));
#1471 = DIRECTION('',(0.,0.,1.));
#1472 = DIRECTION('',(1.,0.,0.));
#1473 = ORIENTED_EDGE('',*,*,#1474,.T.);
#1474 = EDGE_CURVE('',#1466,#347,#1475,.T.);
#1475 = CIRCLE('',#1476,1.35);
#1476 = AXIS2_PLACEMENT_3D('',#1477,#1478,#1479);
#1477 = CARTESIAN_POINT('',(26.050955414013,-28.,25.26));
#1478 = DIRECTION('',(-2.4E-16,-1.,0.));
#1479 = DIRECTION('',(1.,-2.4E-16,0.));
#1480 = ORIENTED_EDGE('',*,*,#354,.F.);
#1481 = TOROIDAL_SURFACE('',#1482,6.050955414013,1.35);
#1482 = AXIS2_PLACEMENT_3D('',#1483,#1484,#1485);
#1483 = CARTESIAN_POINT('',(20.,-28.,25.26));
#1484 = DIRECTION('',(0.,0.,1.));
#1485 = DIRECTION('',(1.,0.,0.));
#1486 = ADVANCED_FACE('',(#1487),#1516,.F.);
#1487 = FACE_BOUND('',#1488,.F.);
#1488 = EDGE_LOOP('',(#1489,#1499,#1506,#1507,#1508,#1509));
#1489 = ORIENTED_EDGE('',*,*,#1490,.T.);
#1490 = EDGE_CURVE('',#1491,#1493,#1495,.T.);
#1491 = VERTEX_POINT('',#1492);
#1492 = CARTESIAN_POINT('',(24.921840716562,-28.,26.));
#1493 = VERTEX_POINT('',#1494);
#1494 = CARTESIAN_POINT('',(24.921840716562,36.,26.));
#1495 = LINE('',#1496,#1497);
#1496 = CARTESIAN_POINT('',(24.921840716562,-28.,26.));
#1497 = VECTOR('',#1498,1.);
#1498 = DIRECTION('',(0.,1.,0.));
#1499 = ORIENTED_EDGE('',*,*,#1500,.F.);
#1500 = EDGE_CURVE('',#1439,#1493,#1501,.T.);
#1501 = CIRCLE('',#1502,1.35);
#1502 = AXIS2_PLACEMENT_3D('',#1503,#1504,#1505);
#1503 = CARTESIAN_POINT('',(26.050955414013,36.,25.26));
#1504 = DIRECTION('',(-0.,1.,0.));
#1505 = DIRECTION('',(1.,0.,0.));
#1506 = ORIENTED_EDGE('',*,*,#1438,.F.);
#1507 = ORIENTED_EDGE('',*,*,#346,.F.);
#1508 = ORIENTED_EDGE('',*,*,#1474,.F.);
#1509 = ORIENTED_EDGE('',*,*,#1510,.F.);
#1510 = EDGE_CURVE('',#1491,#1466,#1511,.T.);
#1511 = CIRCLE('',#1512,1.35);
#1512 = AXIS2_PLACEMENT_3D('',#1513,#1514,#1515);
#1513 = CARTESIAN_POINT('',(26.050955414013,-28.,25.26));
#1514 = DIRECTION('',(-2.4E-16,-1.,0.));
#1515 = DIRECTION('',(1.,-2.4E-16,0.));
#1516 = CYLINDRICAL_SURFACE('',#1517,1.35);
#1517 = AXIS2_PLACEMENT_3D('',#1518,#1519,#1520);
#1518 = CARTESIAN_POINT('',(26.050955414013,-28.,25.26));
#1519 = DIRECTION('',(0.,1.,0.));
#1520 = DIRECTION('',(1.,0.,0.));
#1521 = ADVANCED_FACE('',(#1522),#1541,.F.);
#1522 = FACE_BOUND('',#1523,.F.);
#1523 = EDGE_LOOP('',(#1524,#1532,#1539,#1540));
#1524 = ORIENTED_EDGE('',*,*,#1525,.T.);
#1525 = EDGE_CURVE('',#381,#1526,#1528,.T.);
#1526 = VERTEX_POINT('',#1527);
#1527 = CARTESIAN_POINT('',(30.55,4.,16.));
#1528 = LINE('',#1529,#1530);
#1529 = CARTESIAN_POINT('',(30.55,4.,26.));
#1530 = VECTOR('',#1531,1.);
#1531 = DIRECTION('',(-0.,-0.,-1.));
#1532 = ORIENTED_EDGE('',*,*,#1533,.T.);
#1533 = EDGE_CURVE('',#1526,#1526,#1534,.T.);
#1534 = CIRCLE('',#1535,1.3);
#1535 = AXIS2_PLACEMENT_3D('',#1536,#1537,#1538);
#1536 = CARTESIAN_POINT('',(29.25,4.,16.));
#1537 = DIRECTION('',(0.,0.,1.));
#1538 = DIRECTION('',(1.,0.,0.));
#1539 = ORIENTED_EDGE('',*,*,#1525,.F.);
#1540 = ORIENTED_EDGE('',*,*,#380,.F.);
#1541 = CYLINDRICAL_SURFACE('',#1542,1.3);
#1542 = AXIS2_PLACEMENT_3D('',#1543,#1544,#1545);
#1543 = CARTESIAN_POINT('',(29.25,4.,26.));
#1544 = DIRECTION('',(0.,0.,1.));
#1545 = DIRECTION('',(1.,0.,-0.));
#1546 = ADVANCED_FACE('',(#1547),#1566,.F.);
#1547 = FACE_BOUND('',#1548,.F.);
#1548 = EDGE_LOOP('',(#1549,#1557,#1564,#1565));
#1549 = ORIENTED_EDGE('',*,*,#1550,.T.);
#1550 = EDGE_CURVE('',#392,#1551,#1553,.T.);
#1551 = VERTEX_POINT('',#1552);
#1552 = CARTESIAN_POINT('',(-25.7,43.,16.));
#1553 = LINE('',#1554,#1555);
#1554 = CARTESIAN_POINT('',(-25.7,43.,26.));
#1555 = VECTOR('',#1556,1.);
#1556 = DIRECTION('',(-0.,-0.,-1.));
#1557 = ORIENTED_EDGE('',*,*,#1558,.T.);
#1558 = EDGE_CURVE('',#1551,#1551,#1559,.T.);
#1559 = CIRCLE('',#1560,1.3);
#1560 = AXIS2_PLACEMENT_3D('',#1561,#1562,#1563);
#1561 = CARTESIAN_POINT('',(-27.,43.,16.));
#1562 = DIRECTION('',(0.,0.,1.));
#1563 = DIRECTION('',(1.,0.,0.));
#1564 = ORIENTED_EDGE('',*,*,#1550,.F.);
#1565 = ORIENTED_EDGE('',*,*,#391,.F.);
#1566 = CYLINDRICAL_SURFACE('',#1567,1.3);
#1567 = AXIS2_PLACEMENT_3D('',#1568,#1569,#1570);
#1568 = CARTESIAN_POINT('',(-27.,43.,26.));
#1569 = DIRECTION('',(0.,0.,1.));
#1570 = DIRECTION('',(1.,0.,-0.));
#1571 = ADVANCED_FACE('',(#1572),#1591,.F.);
#1572 = FACE_BOUND('',#1573,.F.);
#1573 = EDGE_LOOP('',(#1574,#1582,#1589,#1590));
#1574 = ORIENTED_EDGE('',*,*,#1575,.T.);
#1575 = EDGE_CURVE('',#403,#1576,#1578,.T.);
#1576 = VERTEX_POINT('',#1577);
#1577 = CARTESIAN_POINT('',(1.3,45.25,16.));
#1578 = LINE('',#1579,#1580);
#1579 = CARTESIAN_POINT('',(1.3,45.25,26.));
#1580 = VECTOR('',#1581,1.);
#1581 = DIRECTION('',(-0.,-0.,-1.));
#1582 = ORIENTED_EDGE('',*,*,#1583,.T.);
#1583 = EDGE_CURVE('',#1576,#1576,#1584,.T.);
#1584 = CIRCLE('',#1585,1.3);
#1585 = AXIS2_PLACEMENT_3D('',#1586,#1587,#1588);
#1586 = CARTESIAN_POINT('',(0.,45.25,16.));
#1587 = DIRECTION('',(0.,0.,1.));
#1588 = DIRECTION('',(1.,0.,0.));
#1589 = ORIENTED_EDGE('',*,*,#1575,.F.);
#1590 = ORIENTED_EDGE('',*,*,#402,.F.);
#1591 = CYLINDRICAL_SURFACE('',#1592,1.3);
#1592 = AXIS2_PLACEMENT_3D('',#1593,#1594,#1595);
#1593 = CARTESIAN_POINT('',(0.,45.25,26.));
#1594 = DIRECTION('',(0.,0.,1.));
#1595 = DIRECTION('',(1.,0.,-0.));
#1596 = ADVANCED_FACE('',(#1597),#1616,.F.);
#1597 = FACE_BOUND('',#1598,.F.);
#1598 = EDGE_LOOP('',(#1599,#1607,#1614,#1615));
#1599 = ORIENTED_EDGE('',*,*,#1600,.T.);
#1600 = EDGE_CURVE('',#414,#1601,#1603,.T.);
#1601 = VERTEX_POINT('',#1602);
#1602 = CARTESIAN_POINT('',(28.3,43.,16.));
#1603 = LINE('',#1604,#1605);
#1604 = CARTESIAN_POINT('',(28.3,43.,26.));
#1605 = VECTOR('',#1606,1.);
#1606 = DIRECTION('',(-0.,-0.,-1.));
#1607 = ORIENTED_EDGE('',*,*,#1608,.T.);
#1608 = EDGE_CURVE('',#1601,#1601,#1609,.T.);
#1609 = CIRCLE('',#1610,1.3);
#1610 = AXIS2_PLACEMENT_3D('',#1611,#1612,#1613);
#1611 = CARTESIAN_POINT('',(27.,43.,16.));
#1612 = DIRECTION('',(0.,0.,1.));
#1613 = DIRECTION('',(1.,0.,0.));
#1614 = ORIENTED_EDGE('',*,*,#1600,.F.);
#1615 = ORIENTED_EDGE('',*,*,#413,.F.);
#1616 = CYLINDRICAL_SURFACE('',#1617,1.3);
#1617 = AXIS2_PLACEMENT_3D('',#1618,#1619,#1620);
#1618 = CARTESIAN_POINT('',(27.,43.,26.));
#1619 = DIRECTION('',(0.,0.,1.));
#1620 = DIRECTION('',(1.,0.,-0.));
#1621 = ADVANCED_FACE('',(#1622),#1647,.T.);
#1622 = FACE_BOUND('',#1623,.T.);
#1623 = EDGE_LOOP('',(#1624,#1625,#1633,#1641));
#1624 = ORIENTED_EDGE('',*,*,#440,.F.);
#1625 = ORIENTED_EDGE('',*,*,#1626,.T.);
#1626 = EDGE_CURVE('',#432,#1627,#1629,.T.);
#1627 = VERTEX_POINT('',#1628);
#1628 = CARTESIAN_POINT('',(7.,59.5,1.));
#1629 = LINE('',#1630,#1631);
#1630 = CARTESIAN_POINT('',(7.,50.5,1.));
#1631 = VECTOR('',#1632,1.);
#1632 = DIRECTION('',(0.,1.,0.));
#1633 = ORIENTED_EDGE('',*,*,#1634,.T.);
#1634 = EDGE_CURVE('',#1627,#1635,#1637,.T.);
#1635 = VERTEX_POINT('',#1636);
#1636 = CARTESIAN_POINT('',(7.,59.5,4.5));
#1637 = LINE('',#1638,#1639);
#1638 = CARTESIAN_POINT('',(7.,59.5,0.));
#1639 = VECTOR('',#1640,1.);
#1640 = DIRECTION('',(0.,0.,1.));
#1641 = ORIENTED_EDGE('',*,*,#1642,.F.);
#1642 = EDGE_CURVE('',#441,#1635,#1643,.T.);
#1643 = LINE('',#1644,#1645);
#1644 = CARTESIAN_POINT('',(7.,48.,16.));
#1645 = VECTOR('',#1646,1.);
#1646 = DIRECTION('',(0.,0.707106781187,-0.707106781187));
#1647 = PLANE('',#1648);
#1648 = AXIS2_PLACEMENT_3D('',#1649,#1650,#1651);
#1649 = CARTESIAN_POINT('',(7.,53.108071214519,5.949747468306));
#1650 = DIRECTION('',(1.,0.,0.));
#1651 = DIRECTION('',(0.,0.,1.));
#1652 = ADVANCED_FACE('',(#1653),#1674,.F.);
#1653 = FACE_BOUND('',#1654,.F.);
#1654 = EDGE_LOOP('',(#1655,#1656,#1657,#1658,#1659,#1667));
#1655 = ORIENTED_EDGE('',*,*,#1642,.F.);
#1656 = ORIENTED_EDGE('',*,*,#448,.F.);
#1657 = ORIENTED_EDGE('',*,*,#498,.T.);
#1658 = ORIENTED_EDGE('',*,*,#574,.T.);
#1659 = ORIENTED_EDGE('',*,*,#1660,.T.);
#1660 = EDGE_CURVE('',#567,#1661,#1663,.T.);
#1661 = VERTEX_POINT('',#1662);
#1662 = CARTESIAN_POINT('',(4.5,62.,2.));
#1663 = LINE('',#1664,#1665);
#1664 = CARTESIAN_POINT('',(4.5,48.,16.));
#1665 = VECTOR('',#1666,1.);
#1666 = DIRECTION('',(0.,0.707106781187,-0.707106781187));
#1667 = ORIENTED_EDGE('',*,*,#1668,.F.);
#1668 = EDGE_CURVE('',#1635,#1661,#1669,.T.);
#1669 = ELLIPSE('',#1670,3.535533905933,2.5);
#1670 = AXIS2_PLACEMENT_3D('',#1671,#1672,#1673);
#1671 = CARTESIAN_POINT('',(4.5,59.5,4.5));
#1672 = DIRECTION('',(-0.,0.707106781187,0.707106781187));
#1673 = DIRECTION('',(0.,-0.707106781187,0.707106781187));
#1674 = PLANE('',#1675);
#1675 = AXIS2_PLACEMENT_3D('',#1676,#1677,#1678);
#1676 = CARTESIAN_POINT('',(7.,48.,16.));
#1677 = DIRECTION('',(0.,-0.707106781187,-0.707106781187));
#1678 = DIRECTION('',(0.,0.707106781187,-0.707106781187));
#1679 = ADVANCED_FACE('',(#1680),#1692,.T.);
#1680 = FACE_BOUND('',#1681,.F.);
#1681 = EDGE_LOOP('',(#1682,#1683,#1684,#1691));
#1682 = ORIENTED_EDGE('',*,*,#539,.F.);
#1683 = ORIENTED_EDGE('',*,*,#473,.T.);
#1684 = ORIENTED_EDGE('',*,*,#1685,.T.);
#1685 = EDGE_CURVE('',#474,#860,#1686,.T.);
#1686 = CIRCLE('',#1687,1.);
#1687 = AXIS2_PLACEMENT_3D('',#1688,#1689,#1690);
#1688 = CARTESIAN_POINT('',(-31.,45.5,1.));
#1689 = DIRECTION('',(-6.E-17,-1.,-0.));
#1690 = DIRECTION('',(-1.,6.E-17,0.));
#1691 = ORIENTED_EDGE('',*,*,#867,.F.);
#1692 = TOROIDAL_SURFACE('',#1693,1.5,1.);
#1693 = AXIS2_PLACEMENT_3D('',#1694,#1695,#1696);
#1694 = CARTESIAN_POINT('',(-29.5,45.5,1.));
#1695 = DIRECTION('',(0.,0.,-1.));
#1696 = DIRECTION('',(0.,1.,0.));
#1697 = ADVANCED_FACE('',(#1698),#1710,.T.);
#1698 = FACE_BOUND('',#1699,.F.);
#1699 = EDGE_LOOP('',(#1700,#1707,#1708,#1709));
#1700 = ORIENTED_EDGE('',*,*,#1701,.F.);
#1701 = EDGE_CURVE('',#591,#876,#1702,.T.);
#1702 = CIRCLE('',#1703,1.);
#1703 = AXIS2_PLACEMENT_3D('',#1704,#1705,#1706);
#1704 = CARTESIAN_POINT('',(-6.,50.5,1.));
#1705 = DIRECTION('',(0.,-1.,0.));
#1706 = DIRECTION('',(-1.,0.,2.6E-16));
#1707 = ORIENTED_EDGE('',*,*,#590,.T.);
#1708 = ORIENTED_EDGE('',*,*,#522,.T.);
#1709 = ORIENTED_EDGE('',*,*,#875,.F.);
#1710 = TOROIDAL_SURFACE('',#1711,3.5,1.);
#1711 = AXIS2_PLACEMENT_3D('',#1712,#1713,#1714);
#1712 = CARTESIAN_POINT('',(-9.5,50.5,1.));
#1713 = DIRECTION('',(0.,0.,1.));
#1714 = DIRECTION('',(1.,0.,0.));
#1715 = ADVANCED_FACE('',(#1716),#1726,.F.);
#1716 = FACE_BOUND('',#1717,.F.);
#1717 = EDGE_LOOP('',(#1718,#1719,#1720));
#1718 = ORIENTED_EDGE('',*,*,#1660,.F.);
#1719 = ORIENTED_EDGE('',*,*,#566,.F.);
#1720 = ORIENTED_EDGE('',*,*,#1721,.T.);
#1721 = EDGE_CURVE('',#558,#1661,#1722,.T.);
#1722 = LINE('',#1723,#1724);
#1723 = CARTESIAN_POINT('',(4.5,48.,2.));
#1724 = VECTOR('',#1725,1.);
#1725 = DIRECTION('',(0.,1.,0.));
#1726 = PLANE('',#1727);
#1727 = AXIS2_PLACEMENT_3D('',#1728,#1729,#1730);
#1728 = CARTESIAN_POINT('',(4.5,4.,6.949747468306));
#1729 = DIRECTION('',(1.,0.,0.));
#1730 = DIRECTION('',(0.,0.,1.));
#1731 = ADVANCED_FACE('',(#1732),#1757,.T.);
#1732 = FACE_BOUND('',#1733,.T.);
#1733 = EDGE_LOOP('',(#1734,#1744,#1750,#1751));
#1734 = ORIENTED_EDGE('',*,*,#1735,.F.);
#1735 = EDGE_CURVE('',#1736,#1738,#1740,.T.);
#1736 = VERTEX_POINT('',#1737);
#1737 = CARTESIAN_POINT('',(-7.,59.5,1.));
#1738 = VERTEX_POINT('',#1739);
#1739 = CARTESIAN_POINT('',(-7.,59.5,4.5));
#1740 = LINE('',#1741,#1742);
#1741 = CARTESIAN_POINT('',(-7.,59.5,-6.6E-16));
#1742 = VECTOR('',#1743,1.);
#1743 = DIRECTION('',(0.,0.,1.));
#1744 = ORIENTED_EDGE('',*,*,#1745,.T.);
#1745 = EDGE_CURVE('',#1736,#591,#1746,.T.);
#1746 = LINE('',#1747,#1748);
#1747 = CARTESIAN_POINT('',(-7.,59.5,1.));
#1748 = VECTOR('',#1749,1.);
#1749 = DIRECTION('',(0.,-1.,0.));
#1750 = ORIENTED_EDGE('',*,*,#599,.T.);
#1751 = ORIENTED_EDGE('',*,*,#1752,.T.);
#1752 = EDGE_CURVE('',#600,#1738,#1753,.T.);
#1753 = LINE('',#1754,#1755);
#1754 = CARTESIAN_POINT('',(-7.,48.,16.));
#1755 = VECTOR('',#1756,1.);
#1756 = DIRECTION('',(3.1E-16,0.707106781187,-0.707106781187));
#1757 = PLANE('',#1758);
#1758 = AXIS2_PLACEMENT_3D('',#1759,#1760,#1761);
#1759 = CARTESIAN_POINT('',(-7.,53.108071214519,5.949747468306));
#1760 = DIRECTION('',(-1.,2.5E-16,2.6E-16));
#1761 = DIRECTION('',(-2.6E-16,0.,-1.));
#1762 = ADVANCED_FACE('',(#1763),#1784,.F.);
#1763 = FACE_BOUND('',#1764,.T.);
#1764 = EDGE_LOOP('',(#1765,#1766,#1767,#1768,#1769,#1777));
#1765 = ORIENTED_EDGE('',*,*,#1752,.F.);
#1766 = ORIENTED_EDGE('',*,*,#607,.F.);
#1767 = ORIENTED_EDGE('',*,*,#657,.T.);
#1768 = ORIENTED_EDGE('',*,*,#692,.T.);
#1769 = ORIENTED_EDGE('',*,*,#1770,.T.);
#1770 = EDGE_CURVE('',#685,#1771,#1773,.T.);
#1771 = VERTEX_POINT('',#1772);
#1772 = CARTESIAN_POINT('',(-4.5,62.,2.));
#1773 = LINE('',#1774,#1775);
#1774 = CARTESIAN_POINT('',(-4.5,48.,16.));
#1775 = VECTOR('',#1776,1.);
#1776 = DIRECTION('',(3.1E-16,0.707106781187,-0.707106781187));
#1777 = ORIENTED_EDGE('',*,*,#1778,.F.);
#1778 = EDGE_CURVE('',#1738,#1771,#1779,.T.);
#1779 = ELLIPSE('',#1780,3.535533905933,2.5);
#1780 = AXIS2_PLACEMENT_3D('',#1781,#1782,#1783);
#1781 = CARTESIAN_POINT('',(-4.5,59.5,4.5));
#1782 = DIRECTION('',(-0.,-0.707106781187,-0.707106781187));
#1783 = DIRECTION('',(0.,-0.707106781187,0.707106781187));
#1784 = PLANE('',#1785);
#1785 = AXIS2_PLACEMENT_3D('',#1786,#1787,#1788);
#1786 = CARTESIAN_POINT('',(-7.,48.,16.));
#1787 = DIRECTION('',(-0.,-0.707106781187,-0.707106781187));
#1788 = DIRECTION('',(-3.1E-16,-0.707106781187,0.707106781187));
#1789 = ADVANCED_FACE('',(#1790,#1806),#1817,.T.);
#1790 = FACE_BOUND('',#1791,.T.);
#1791 = EDGE_LOOP('',(#1792,#1793,#1799,#1805));
#1792 = ORIENTED_EDGE('',*,*,#1721,.T.);
#1793 = ORIENTED_EDGE('',*,*,#1794,.T.);
#1794 = EDGE_CURVE('',#1661,#1771,#1795,.T.);
#1795 = LINE('',#1796,#1797);
#1796 = CARTESIAN_POINT('',(7.,62.,2.));
#1797 = VECTOR('',#1798,1.);
#1798 = DIRECTION('',(-1.,0.,0.));
#1799 = ORIENTED_EDGE('',*,*,#1800,.F.);
#1800 = EDGE_CURVE('',#633,#1771,#1801,.T.);
#1801 = LINE('',#1802,#1803);
#1802 = CARTESIAN_POINT('',(-4.5,48.,2.));
#1803 = VECTOR('',#1804,1.);
#1804 = DIRECTION('',(2.2E-16,1.,0.));
#1805 = ORIENTED_EDGE('',*,*,#632,.F.);
#1806 = FACE_BOUND('',#1807,.T.);
#1807 = EDGE_LOOP('',(#1808));
#1808 = ORIENTED_EDGE('',*,*,#1809,.F.);
#1809 = EDGE_CURVE('',#1810,#1810,#1812,.T.);
#1810 = VERTEX_POINT('',#1811);
#1811 = CARTESIAN_POINT('',(2.2,55.,2.));
#1812 = CIRCLE('',#1813,2.2);
#1813 = AXIS2_PLACEMENT_3D('',#1814,#1815,#1816);
#1814 = CARTESIAN_POINT('',(7.5E-15,55.,2.));
#1815 = DIRECTION('',(0.,0.,1.));
#1816 = DIRECTION('',(1.,0.,0.));
#1817 = PLANE('',#1818);
#1818 = AXIS2_PLACEMENT_3D('',#1819,#1820,#1821);
#1819 = CARTESIAN_POINT('',(0.,4.,2.));
#1820 = DIRECTION('',(0.,0.,1.));
#1821 = DIRECTION('',(1.,0.,0.));
#1822 = ADVANCED_FACE('',(#1823),#1828,.F.);
#1823 = FACE_BOUND('',#1824,.T.);
#1824 = EDGE_LOOP('',(#1825,#1826,#1827));
#1825 = ORIENTED_EDGE('',*,*,#1770,.F.);
#1826 = ORIENTED_EDGE('',*,*,#684,.F.);
#1827 = ORIENTED_EDGE('',*,*,#1800,.T.);
#1828 = PLANE('',#1829);
#1829 = AXIS2_PLACEMENT_3D('',#1830,#1831,#1832);
#1830 = CARTESIAN_POINT('',(-4.5,4.,6.949747468306));
#1831 = DIRECTION('',(-1.,2.2E-16,-2.2E-16));
#1832 = DIRECTION('',(2.2E-16,0.,-1.));
#1833 = ADVANCED_FACE('',(#1834),#1846,.T.);
#1834 = FACE_BOUND('',#1835,.T.);
#1835 = EDGE_LOOP('',(#1836,#1843,#1844,#1845));
#1836 = ORIENTED_EDGE('',*,*,#1837,.T.);
#1837 = EDGE_CURVE('',#734,#758,#1838,.T.);
#1838 = CIRCLE('',#1839,1.);
#1839 = AXIS2_PLACEMENT_3D('',#1840,#1841,#1842);
#1840 = CARTESIAN_POINT('',(31.,-37.5,1.));
#1841 = DIRECTION('',(-0.,1.,0.));
#1842 = DIRECTION('',(1.,0.,0.));
#1843 = ORIENTED_EDGE('',*,*,#757,.T.);
#1844 = ORIENTED_EDGE('',*,*,#707,.F.);
#1845 = ORIENTED_EDGE('',*,*,#741,.F.);
#1846 = CYLINDRICAL_SURFACE('',#1847,1.);
#1847 = AXIS2_PLACEMENT_3D('',#1848,#1849,#1850);
#1848 = CARTESIAN_POINT('',(31.,-37.5,1.));
#1849 = DIRECTION('',(0.,1.,0.));
#1850 = DIRECTION('',(1.,0.,0.));
#1851 = ADVANCED_FACE('',(#1852),#1864,.T.);
#1852 = FACE_BOUND('',#1853,.F.);
#1853 = EDGE_LOOP('',(#1854,#1861,#1862,#1863));
#1854 = ORIENTED_EDGE('',*,*,#1855,.F.);
#1855 = EDGE_CURVE('',#1009,#766,#1856,.T.);
#1856 = CIRCLE('',#1857,1.);
#1857 = AXIS2_PLACEMENT_3D('',#1858,#1859,#1860);
#1858 = CARTESIAN_POINT('',(29.5,-39.,1.));
#1859 = DIRECTION('',(1.,0.,0.));
#1860 = DIRECTION('',(0.,-1.,0.));
#1861 = ORIENTED_EDGE('',*,*,#1008,.T.);
#1862 = ORIENTED_EDGE('',*,*,#1837,.T.);
#1863 = ORIENTED_EDGE('',*,*,#765,.F.);
#1864 = TOROIDAL_SURFACE('',#1865,1.5,1.);
#1865 = AXIS2_PLACEMENT_3D('',#1866,#1867,#1868);
#1866 = CARTESIAN_POINT('',(29.5,-37.5,1.));
#1867 = DIRECTION('',(0.,0.,-1.));
#1868 = DIRECTION('',(0.,-1.,0.));
#1869 = ADVANCED_FACE('',(#1870),#1882,.T.);
#1870 = FACE_BOUND('',#1871,.T.);
#1871 = EDGE_LOOP('',(#1872,#1879,#1880,#1881));
#1872 = ORIENTED_EDGE('',*,*,#1873,.T.);
#1873 = EDGE_CURVE('',#1115,#775,#1874,.T.);
#1874 = CIRCLE('',#1875,1.);
#1875 = AXIS2_PLACEMENT_3D('',#1876,#1877,#1878);
#1876 = CARTESIAN_POINT('',(9.5,-39.,1.));
#1877 = DIRECTION('',(1.,6.E-17,-0.));
#1878 = DIRECTION('',(-6.E-17,1.,0.));
#1879 = ORIENTED_EDGE('',*,*,#774,.T.);
#1880 = ORIENTED_EDGE('',*,*,#1855,.F.);
#1881 = ORIENTED_EDGE('',*,*,#1122,.F.);
#1882 = CYLINDRICAL_SURFACE('',#1883,1.);
#1883 = AXIS2_PLACEMENT_3D('',#1884,#1885,#1886);
#1884 = CARTESIAN_POINT('',(9.5,-39.,1.));
#1885 = DIRECTION('',(1.,0.,0.));
#1886 = DIRECTION('',(0.,-1.,0.));
#1887 = ADVANCED_FACE('',(#1888),#1908,.T.);
#1888 = FACE_BOUND('',#1889,.F.);
#1889 = EDGE_LOOP('',(#1890,#1899,#1906,#1907));
#1890 = ORIENTED_EDGE('',*,*,#1891,.F.);
#1891 = EDGE_CURVE('',#1892,#783,#1894,.T.);
#1892 = VERTEX_POINT('',#1893);
#1893 = CARTESIAN_POINT('',(7.,-42.5,1.));
#1894 = CIRCLE('',#1895,1.);
#1895 = AXIS2_PLACEMENT_3D('',#1896,#1897,#1898);
#1896 = CARTESIAN_POINT('',(6.,-42.5,1.));
#1897 = DIRECTION('',(-0.,1.,0.));
#1898 = DIRECTION('',(1.,0.,0.));
#1899 = ORIENTED_EDGE('',*,*,#1900,.T.);
#1900 = EDGE_CURVE('',#1892,#1115,#1901,.T.);
#1901 = CIRCLE('',#1902,2.5);
#1902 = AXIS2_PLACEMENT_3D('',#1903,#1904,#1905);
#1903 = CARTESIAN_POINT('',(9.5,-42.5,1.));
#1904 = DIRECTION('',(0.,0.,-1.));
#1905 = DIRECTION('',(-1.,0.,0.));
#1906 = ORIENTED_EDGE('',*,*,#1873,.T.);
#1907 = ORIENTED_EDGE('',*,*,#782,.F.);
#1908 = TOROIDAL_SURFACE('',#1909,3.5,1.);
#1909 = AXIS2_PLACEMENT_3D('',#1910,#1911,#1912);
#1910 = CARTESIAN_POINT('',(9.5,-42.5,1.));
#1911 = DIRECTION('',(0.,0.,1.));
#1912 = DIRECTION('',(-1.,0.,0.));
#1913 = ADVANCED_FACE('',(#1914),#1933,.T.);
#1914 = FACE_BOUND('',#1915,.T.);
#1915 = EDGE_LOOP('',(#1916,#1925,#1926,#1927));
#1916 = ORIENTED_EDGE('',*,*,#1917,.T.);
#1917 = EDGE_CURVE('',#1918,#792,#1920,.T.);
#1918 = VERTEX_POINT('',#1919);
#1919 = CARTESIAN_POINT('',(7.,-51.5,1.));
#1920 = CIRCLE('',#1921,1.);
#1921 = AXIS2_PLACEMENT_3D('',#1922,#1923,#1924);
#1922 = CARTESIAN_POINT('',(6.,-51.5,1.));
#1923 = DIRECTION('',(-7.E-17,1.,0.));
#1924 = DIRECTION('',(1.,7.E-17,0.));
#1925 = ORIENTED_EDGE('',*,*,#791,.T.);
#1926 = ORIENTED_EDGE('',*,*,#1891,.F.);
#1927 = ORIENTED_EDGE('',*,*,#1928,.F.);
#1928 = EDGE_CURVE('',#1918,#1892,#1929,.T.);
#1929 = LINE('',#1930,#1931);
#1930 = CARTESIAN_POINT('',(7.,-51.5,1.));
#1931 = VECTOR('',#1932,1.);
#1932 = DIRECTION('',(0.,1.,0.));
#1933 = CYLINDRICAL_SURFACE('',#1934,1.);
#1934 = AXIS2_PLACEMENT_3D('',#1935,#1936,#1937);
#1935 = CARTESIAN_POINT('',(6.,-51.5,1.));
#1936 = DIRECTION('',(0.,1.,0.));
#1937 = DIRECTION('',(1.,0.,0.));
#1938 = ADVANCED_FACE('',(#1939),#1951,.T.);
#1939 = FACE_BOUND('',#1940,.T.);
#1940 = EDGE_LOOP('',(#1941,#1942,#1943,#1950));
#1941 = ORIENTED_EDGE('',*,*,#967,.T.);
#1942 = ORIENTED_EDGE('',*,*,#918,.T.);
#1943 = ORIENTED_EDGE('',*,*,#1944,.F.);
#1944 = EDGE_CURVE('',#1627,#910,#1945,.T.);
#1945 = CIRCLE('',#1946,1.);
#1946 = AXIS2_PLACEMENT_3D('',#1947,#1948,#1949);
#1947 = CARTESIAN_POINT('',(6.,59.5,1.));
#1948 = DIRECTION('',(-0.,1.,0.));
#1949 = DIRECTION('',(1.,0.,0.));
#1950 = ORIENTED_EDGE('',*,*,#1626,.F.);
#1951 = CYLINDRICAL_SURFACE('',#1952,1.);
#1952 = AXIS2_PLACEMENT_3D('',#1953,#1954,#1955);
#1953 = CARTESIAN_POINT('',(6.,50.5,1.));
#1954 = DIRECTION('',(0.,1.,0.));
#1955 = DIRECTION('',(1.,0.,0.));
#1956 = ADVANCED_FACE('',(#1957),#1977,.T.);
#1957 = FACE_BOUND('',#1958,.F.);
#1958 = EDGE_LOOP('',(#1959,#1968,#1975,#1976));
#1959 = ORIENTED_EDGE('',*,*,#1960,.F.);
#1960 = EDGE_CURVE('',#1961,#800,#1963,.T.);
#1961 = VERTEX_POINT('',#1962);
#1962 = CARTESIAN_POINT('',(4.5,-54.,1.));
#1963 = CIRCLE('',#1964,1.);
#1964 = AXIS2_PLACEMENT_3D('',#1965,#1966,#1967);
#1965 = CARTESIAN_POINT('',(4.5,-53.,1.));
#1966 = DIRECTION('',(1.,0.,0.));
#1967 = DIRECTION('',(0.,-1.,0.));
#1968 = ORIENTED_EDGE('',*,*,#1969,.T.);
#1969 = EDGE_CURVE('',#1961,#1918,#1970,.T.);
#1970 = CIRCLE('',#1971,2.5);
#1971 = AXIS2_PLACEMENT_3D('',#1972,#1973,#1974);
#1972 = CARTESIAN_POINT('',(4.5,-51.5,1.));
#1973 = DIRECTION('',(-0.,0.,1.));
#1974 = DIRECTION('',(3.6E-16,-1.,0.));
#1975 = ORIENTED_EDGE('',*,*,#1917,.T.);
#1976 = ORIENTED_EDGE('',*,*,#799,.F.);
#1977 = TOROIDAL_SURFACE('',#1978,1.5,1.);
#1978 = AXIS2_PLACEMENT_3D('',#1979,#1980,#1981);
#1979 = CARTESIAN_POINT('',(4.5,-51.5,1.));
#1980 = DIRECTION('',(0.,0.,-1.));
#1981 = DIRECTION('',(3.6E-16,-1.,0.));
#1982 = ADVANCED_FACE('',(#1983),#2003,.T.);
#1983 = FACE_BOUND('',#1984,.F.);
#1984 = EDGE_LOOP('',(#1985,#1986,#1995,#2002));
#1985 = ORIENTED_EDGE('',*,*,#1944,.F.);
#1986 = ORIENTED_EDGE('',*,*,#1987,.T.);
#1987 = EDGE_CURVE('',#1627,#1988,#1990,.T.);
#1988 = VERTEX_POINT('',#1989);
#1989 = CARTESIAN_POINT('',(4.5,62.,1.));
#1990 = CIRCLE('',#1991,2.5);
#1991 = AXIS2_PLACEMENT_3D('',#1992,#1993,#1994);
#1992 = CARTESIAN_POINT('',(4.5,59.5,1.));
#1993 = DIRECTION('',(0.,0.,1.));
#1994 = DIRECTION('',(1.,0.,0.));
#1995 = ORIENTED_EDGE('',*,*,#1996,.T.);
#1996 = EDGE_CURVE('',#1988,#902,#1997,.T.);
#1997 = CIRCLE('',#1998,1.);
#1998 = AXIS2_PLACEMENT_3D('',#1999,#2000,#2001);
#1999 = CARTESIAN_POINT('',(4.5,61.,1.));
#2000 = DIRECTION('',(-1.,6.E-17,0.));
#2001 = DIRECTION('',(6.E-17,1.,0.));
#2002 = ORIENTED_EDGE('',*,*,#909,.F.);
#2003 = TOROIDAL_SURFACE('',#2004,1.5,1.);
#2004 = AXIS2_PLACEMENT_3D('',#2005,#2006,#2007);
#2005 = CARTESIAN_POINT('',(4.5,59.5,1.));
#2006 = DIRECTION('',(0.,0.,-1.));
#2007 = DIRECTION('',(1.,0.,0.));
#2008 = ADVANCED_FACE('',(#2009),#2028,.T.);
#2009 = FACE_BOUND('',#2010,.T.);
#2010 = EDGE_LOOP('',(#2011,#2020,#2021,#2022));
#2011 = ORIENTED_EDGE('',*,*,#2012,.T.);
#2012 = EDGE_CURVE('',#2013,#809,#2015,.T.);
#2013 = VERTEX_POINT('',#2014);
#2014 = CARTESIAN_POINT('',(-4.5,-54.,1.));
#2015 = CIRCLE('',#2016,1.);
#2016 = AXIS2_PLACEMENT_3D('',#2017,#2018,#2019);
#2017 = CARTESIAN_POINT('',(-4.5,-53.,1.));
#2018 = DIRECTION('',(1.,1.6E-16,0.));
#2019 = DIRECTION('',(1.6E-16,-1.,0.));
#2020 = ORIENTED_EDGE('',*,*,#808,.T.);
#2021 = ORIENTED_EDGE('',*,*,#1960,.F.);
#2022 = ORIENTED_EDGE('',*,*,#2023,.F.);
#2023 = EDGE_CURVE('',#2013,#1961,#2024,.T.);
#2024 = LINE('',#2025,#2026);
#2025 = CARTESIAN_POINT('',(-4.5,-54.,1.));
#2026 = VECTOR('',#2027,1.);
#2027 = DIRECTION('',(1.,0.,0.));
#2028 = CYLINDRICAL_SURFACE('',#2029,1.);
#2029 = AXIS2_PLACEMENT_3D('',#2030,#2031,#2032);
#2030 = CARTESIAN_POINT('',(-4.5,-53.,1.));
#2031 = DIRECTION('',(1.,0.,0.));
#2032 = DIRECTION('',(0.,-1.,0.));
#2033 = ADVANCED_FACE('',(#2034),#2053,.T.);
#2034 = FACE_BOUND('',#2035,.T.);
#2035 = EDGE_LOOP('',(#2036,#2037,#2038,#2047));
#2036 = ORIENTED_EDGE('',*,*,#1996,.T.);
#2037 = ORIENTED_EDGE('',*,*,#901,.T.);
#2038 = ORIENTED_EDGE('',*,*,#2039,.F.);
#2039 = EDGE_CURVE('',#2040,#893,#2042,.T.);
#2040 = VERTEX_POINT('',#2041);
#2041 = CARTESIAN_POINT('',(-4.5,62.,1.));
#2042 = CIRCLE('',#2043,1.);
#2043 = AXIS2_PLACEMENT_3D('',#2044,#2045,#2046);
#2044 = CARTESIAN_POINT('',(-4.5,61.,1.));
#2045 = DIRECTION('',(-1.,0.,0.));
#2046 = DIRECTION('',(0.,1.,0.));
#2047 = ORIENTED_EDGE('',*,*,#2048,.F.);
#2048 = EDGE_CURVE('',#1988,#2040,#2049,.T.);
#2049 = LINE('',#2050,#2051);
#2050 = CARTESIAN_POINT('',(4.5,62.,1.));
#2051 = VECTOR('',#2052,1.);
#2052 = DIRECTION('',(-1.,0.,0.));
#2053 = CYLINDRICAL_SURFACE('',#2054,1.);
#2054 = AXIS2_PLACEMENT_3D('',#2055,#2056,#2057);
#2055 = CARTESIAN_POINT('',(4.5,61.,1.));
#2056 = DIRECTION('',(-1.,0.,0.));
#2057 = DIRECTION('',(0.,1.,0.));
#2058 = ADVANCED_FACE('',(#2059),#2079,.T.);
#2059 = FACE_BOUND('',#2060,.F.);
#2060 = EDGE_LOOP('',(#2061,#2070,#2077,#2078));
#2061 = ORIENTED_EDGE('',*,*,#2062,.F.);
#2062 = EDGE_CURVE('',#2063,#817,#2065,.T.);
#2063 = VERTEX_POINT('',#2064);
#2064 = CARTESIAN_POINT('',(-7.,-51.5,1.));
#2065 = CIRCLE('',#2066,1.);
#2066 = AXIS2_PLACEMENT_3D('',#2067,#2068,#2069);
#2067 = CARTESIAN_POINT('',(-6.,-51.5,1.));
#2068 = DIRECTION('',(0.,-1.,0.));
#2069 = DIRECTION('',(-1.,-0.,-6.5E-16));
#2070 = ORIENTED_EDGE('',*,*,#2071,.T.);
#2071 = EDGE_CURVE('',#2063,#2013,#2072,.T.);
#2072 = CIRCLE('',#2073,2.5);
#2073 = AXIS2_PLACEMENT_3D('',#2074,#2075,#2076);
#2074 = CARTESIAN_POINT('',(-4.5,-51.5,1.));
#2075 = DIRECTION('',(0.,0.,1.));
#2076 = DIRECTION('',(-1.,0.,0.));
#2077 = ORIENTED_EDGE('',*,*,#2012,.T.);
#2078 = ORIENTED_EDGE('',*,*,#816,.F.);
#2079 = TOROIDAL_SURFACE('',#2080,1.5,1.);
#2080 = AXIS2_PLACEMENT_3D('',#2081,#2082,#2083);
#2081 = CARTESIAN_POINT('',(-4.5,-51.5,1.));
#2082 = DIRECTION('',(0.,0.,-1.));
#2083 = DIRECTION('',(-1.,0.,0.));
#2084 = ADVANCED_FACE('',(#2085),#2103,.T.);
#2085 = FACE_BOUND('',#2086,.F.);
#2086 = EDGE_LOOP('',(#2087,#2088,#2095,#2102));
#2087 = ORIENTED_EDGE('',*,*,#2039,.F.);
#2088 = ORIENTED_EDGE('',*,*,#2089,.T.);
#2089 = EDGE_CURVE('',#2040,#1736,#2090,.T.);
#2090 = CIRCLE('',#2091,2.5);
#2091 = AXIS2_PLACEMENT_3D('',#2092,#2093,#2094);
#2092 = CARTESIAN_POINT('',(-4.5,59.5,1.));
#2093 = DIRECTION('',(0.,-0.,1.));
#2094 = DIRECTION('',(0.,1.,0.));
#2095 = ORIENTED_EDGE('',*,*,#2096,.T.);
#2096 = EDGE_CURVE('',#1736,#885,#2097,.T.);
#2097 = CIRCLE('',#2098,1.);
#2098 = AXIS2_PLACEMENT_3D('',#2099,#2100,#2101);
#2099 = CARTESIAN_POINT('',(-6.,59.5,1.));
#2100 = DIRECTION('',(-2.8E-16,-1.,-0.));
#2101 = DIRECTION('',(-1.,2.8E-16,0.));
#2102 = ORIENTED_EDGE('',*,*,#892,.F.);
#2103 = TOROIDAL_SURFACE('',#2104,1.5,1.);
#2104 = AXIS2_PLACEMENT_3D('',#2105,#2106,#2107);
#2105 = CARTESIAN_POINT('',(-4.5,59.5,1.));
#2106 = DIRECTION('',(0.,0.,-1.));
#2107 = DIRECTION('',(0.,1.,0.));
#2108 = ADVANCED_FACE('',(#2109),#2128,.T.);
#2109 = FACE_BOUND('',#2110,.T.);
#2110 = EDGE_LOOP('',(#2111,#2120,#2121,#2122));
#2111 = ORIENTED_EDGE('',*,*,#2112,.T.);
#2112 = EDGE_CURVE('',#2113,#826,#2115,.T.);
#2113 = VERTEX_POINT('',#2114);
#2114 = CARTESIAN_POINT('',(-7.,-42.5,1.));
#2115 = CIRCLE('',#2116,1.);
#2116 = AXIS2_PLACEMENT_3D('',#2117,#2118,#2119);
#2117 = CARTESIAN_POINT('',(-6.,-42.5,1.));
#2118 = DIRECTION('',(-1.6E-16,-1.,0.));
#2119 = DIRECTION('',(1.,-1.6E-16,0.));
#2120 = ORIENTED_EDGE('',*,*,#825,.T.);
#2121 = ORIENTED_EDGE('',*,*,#2062,.F.);
#2122 = ORIENTED_EDGE('',*,*,#2123,.F.);
#2123 = EDGE_CURVE('',#2113,#2063,#2124,.T.);
#2124 = LINE('',#2125,#2126);
#2125 = CARTESIAN_POINT('',(-7.,-42.5,1.));
#2126 = VECTOR('',#2127,1.);
#2127 = DIRECTION('',(0.,-1.,0.));
#2128 = CYLINDRICAL_SURFACE('',#2129,1.);
#2129 = AXIS2_PLACEMENT_3D('',#2130,#2131,#2132);
#2130 = CARTESIAN_POINT('',(-6.,-42.5,1.));
#2131 = DIRECTION('',(0.,-1.,0.));
#2132 = DIRECTION('',(-1.,-0.,-6.5E-16));
#2133 = ADVANCED_FACE('',(#2134),#2140,.T.);
#2134 = FACE_BOUND('',#2135,.T.);
#2135 = EDGE_LOOP('',(#2136,#2137,#2138,#2139));
#2136 = ORIENTED_EDGE('',*,*,#2096,.T.);
#2137 = ORIENTED_EDGE('',*,*,#884,.T.);
#2138 = ORIENTED_EDGE('',*,*,#1701,.F.);
#2139 = ORIENTED_EDGE('',*,*,#1745,.F.);
#2140 = CYLINDRICAL_SURFACE('',#2141,1.);
#2141 = AXIS2_PLACEMENT_3D('',#2142,#2143,#2144);
#2142 = CARTESIAN_POINT('',(-6.,59.5,1.));
#2143 = DIRECTION('',(0.,-1.,0.));
#2144 = DIRECTION('',(-1.,0.,2.6E-16));
#2145 = ADVANCED_FACE('',(#2146),#2164,.T.);
#2146 = FACE_BOUND('',#2147,.F.);
#2147 = EDGE_LOOP('',(#2148,#2155,#2162,#2163));
#2148 = ORIENTED_EDGE('',*,*,#2149,.F.);
#2149 = EDGE_CURVE('',#1059,#834,#2150,.T.);
#2150 = CIRCLE('',#2151,1.);
#2151 = AXIS2_PLACEMENT_3D('',#2152,#2153,#2154);
#2152 = CARTESIAN_POINT('',(-9.5,-39.,1.));
#2153 = DIRECTION('',(1.,0.,0.));
#2154 = DIRECTION('',(0.,-1.,0.));
#2155 = ORIENTED_EDGE('',*,*,#2156,.T.);
#2156 = EDGE_CURVE('',#1059,#2113,#2157,.T.);
#2157 = CIRCLE('',#2158,2.5);
#2158 = AXIS2_PLACEMENT_3D('',#2159,#2160,#2161);
#2159 = CARTESIAN_POINT('',(-9.5,-42.5,1.));
#2160 = DIRECTION('',(0.,0.,-1.));
#2161 = DIRECTION('',(0.,1.,0.));
#2162 = ORIENTED_EDGE('',*,*,#2112,.T.);
#2163 = ORIENTED_EDGE('',*,*,#833,.F.);
#2164 = TOROIDAL_SURFACE('',#2165,3.5,1.);
#2165 = AXIS2_PLACEMENT_3D('',#2166,#2167,#2168);
#2166 = CARTESIAN_POINT('',(-9.5,-42.5,1.));
#2167 = DIRECTION('',(0.,0.,1.));
#2168 = DIRECTION('',(0.,1.,0.));
#2169 = ADVANCED_FACE('',(#2170),#2182,.T.);
#2170 = FACE_BOUND('',#2171,.T.);
#2171 = EDGE_LOOP('',(#2172,#2179,#2180,#2181));
#2172 = ORIENTED_EDGE('',*,*,#2173,.T.);
#2173 = EDGE_CURVE('',#1033,#843,#2174,.T.);
#2174 = CIRCLE('',#2175,1.);
#2175 = AXIS2_PLACEMENT_3D('',#2176,#2177,#2178);
#2176 = CARTESIAN_POINT('',(-29.5,-39.,1.));
#2177 = DIRECTION('',(1.,-6.E-17,0.));
#2178 = DIRECTION('',(-6.E-17,-1.,0.));
#2179 = ORIENTED_EDGE('',*,*,#842,.T.);
#2180 = ORIENTED_EDGE('',*,*,#2149,.F.);
#2181 = ORIENTED_EDGE('',*,*,#1058,.F.);
#2182 = CYLINDRICAL_SURFACE('',#2183,1.);
#2183 = AXIS2_PLACEMENT_3D('',#2184,#2185,#2186);
#2184 = CARTESIAN_POINT('',(-29.5,-39.,1.));
#2185 = DIRECTION('',(1.,0.,0.));
#2186 = DIRECTION('',(0.,-1.,0.));
#2187 = ADVANCED_FACE('',(#2188),#2200,.T.);
#2188 = FACE_BOUND('',#2189,.F.);
#2189 = EDGE_LOOP('',(#2190,#2197,#2198,#2199));
#2190 = ORIENTED_EDGE('',*,*,#2191,.F.);
#2191 = EDGE_CURVE('',#985,#851,#2192,.T.);
#2192 = CIRCLE('',#2193,1.);
#2193 = AXIS2_PLACEMENT_3D('',#2194,#2195,#2196);
#2194 = CARTESIAN_POINT('',(-31.,-37.5,1.));
#2195 = DIRECTION('',(0.,-1.,0.));
#2196 = DIRECTION('',(-1.,0.,0.));
#2197 = ORIENTED_EDGE('',*,*,#1040,.T.);
#2198 = ORIENTED_EDGE('',*,*,#2173,.T.);
#2199 = ORIENTED_EDGE('',*,*,#850,.F.);
#2200 = TOROIDAL_SURFACE('',#2201,1.5,1.);
#2201 = AXIS2_PLACEMENT_3D('',#2202,#2203,#2204);
#2202 = CARTESIAN_POINT('',(-29.5,-37.5,1.));
#2203 = DIRECTION('',(0.,0.,-1.));
#2204 = DIRECTION('',(-1.,0.,0.));
#2205 = ADVANCED_FACE('',(#2206),#2212,.T.);
#2206 = FACE_BOUND('',#2207,.T.);
#2207 = EDGE_LOOP('',(#2208,#2209,#2210,#2211));
#2208 = ORIENTED_EDGE('',*,*,#1685,.T.);
#2209 = ORIENTED_EDGE('',*,*,#859,.T.);
#2210 = ORIENTED_EDGE('',*,*,#2191,.F.);
#2211 = ORIENTED_EDGE('',*,*,#984,.F.);
#2212 = CYLINDRICAL_SURFACE('',#2213,1.);
#2213 = AXIS2_PLACEMENT_3D('',#2214,#2215,#2216);
#2214 = CARTESIAN_POINT('',(-31.,45.5,1.));
#2215 = DIRECTION('',(0.,-1.,0.));
#2216 = DIRECTION('',(-1.,0.,0.));
#2217 = ADVANCED_FACE('',(#2218),#2238,.T.);
#2218 = FACE_BOUND('',#2219,.F.);
#2219 = EDGE_LOOP('',(#2220,#2229,#2230,#2231));
#2220 = ORIENTED_EDGE('',*,*,#2221,.F.);
#2221 = EDGE_CURVE('',#938,#2222,#2224,.T.);
#2222 = VERTEX_POINT('',#2223);
#2223 = CARTESIAN_POINT('',(2.2,-47.,1.));
#2224 = CIRCLE('',#2225,1.);
#2225 = AXIS2_PLACEMENT_3D('',#2226,#2227,#2228);
#2226 = CARTESIAN_POINT('',(3.2,-47.,1.));
#2227 = DIRECTION('',(-0.,1.,0.));
#2228 = DIRECTION('',(1.,0.,0.));
#2229 = ORIENTED_EDGE('',*,*,#937,.F.);
#2230 = ORIENTED_EDGE('',*,*,#2221,.T.);
#2231 = ORIENTED_EDGE('',*,*,#2232,.T.);
#2232 = EDGE_CURVE('',#2222,#2222,#2233,.T.);
#2233 = CIRCLE('',#2234,2.2);
#2234 = AXIS2_PLACEMENT_3D('',#2235,#2236,#2237);
#2235 = CARTESIAN_POINT('',(-4.2E-15,-47.,1.));
#2236 = DIRECTION('',(0.,0.,1.));
#2237 = DIRECTION('',(1.,0.,0.));
#2238 = TOROIDAL_SURFACE('',#2239,3.2,1.);
#2239 = AXIS2_PLACEMENT_3D('',#2240,#2241,#2242);
#2240 = CARTESIAN_POINT('',(-4.2E-15,-47.,1.));
#2241 = DIRECTION('',(0.,0.,-1.));
#2242 = DIRECTION('',(1.,0.,0.));
#2243 = ADVANCED_FACE('',(#2244),#2264,.T.);
#2244 = FACE_BOUND('',#2245,.F.);
#2245 = EDGE_LOOP('',(#2246,#2255,#2256,#2257));
#2246 = ORIENTED_EDGE('',*,*,#2247,.F.);
#2247 = EDGE_CURVE('',#949,#2248,#2250,.T.);
#2248 = VERTEX_POINT('',#2249);
#2249 = CARTESIAN_POINT('',(2.2,55.,1.));
#2250 = CIRCLE('',#2251,1.);
#2251 = AXIS2_PLACEMENT_3D('',#2252,#2253,#2254);
#2252 = CARTESIAN_POINT('',(3.2,55.,1.));
#2253 = DIRECTION('',(-0.,1.,0.));
#2254 = DIRECTION('',(1.,0.,0.));
#2255 = ORIENTED_EDGE('',*,*,#948,.F.);
#2256 = ORIENTED_EDGE('',*,*,#2247,.T.);
#2257 = ORIENTED_EDGE('',*,*,#2258,.T.);
#2258 = EDGE_CURVE('',#2248,#2248,#2259,.T.);
#2259 = CIRCLE('',#2260,2.2);
#2260 = AXIS2_PLACEMENT_3D('',#2261,#2262,#2263);
#2261 = CARTESIAN_POINT('',(7.5E-15,55.,1.));
#2262 = DIRECTION('',(0.,0.,1.));
#2263 = DIRECTION('',(1.,0.,0.));
#2264 = TOROIDAL_SURFACE('',#2265,3.2,1.);
#2265 = AXIS2_PLACEMENT_3D('',#2266,#2267,#2268);
#2266 = CARTESIAN_POINT('',(7.5E-15,55.,1.));
#2267 = DIRECTION('',(0.,0.,-1.));
#2268 = DIRECTION('',(1.,0.,0.));
#2269 = ADVANCED_FACE('',(#2270),#2298,.F.);
#2270 = FACE_BOUND('',#2271,.T.);
#2271 = EDGE_LOOP('',(#2272,#2273,#2274,#2282,#2291));
#2272 = ORIENTED_EDGE('',*,*,#1066,.F.);
#2273 = ORIENTED_EDGE('',*,*,#2156,.T.);
#2274 = ORIENTED_EDGE('',*,*,#2275,.T.);
#2275 = EDGE_CURVE('',#2113,#2276,#2278,.T.);
#2276 = VERTEX_POINT('',#2277);
#2277 = CARTESIAN_POINT('',(-7.,-42.5,13.5));
#2278 = LINE('',#2279,#2280);
#2279 = CARTESIAN_POINT('',(-7.,-42.5,-1.62E-15));
#2280 = VECTOR('',#2281,1.);
#2281 = DIRECTION('',(0.,0.,1.));
#2282 = ORIENTED_EDGE('',*,*,#2283,.F.);
#2283 = EDGE_CURVE('',#2284,#2276,#2286,.T.);
#2284 = VERTEX_POINT('',#2285);
#2285 = CARTESIAN_POINT('',(-7.732233047034,-40.73223304703,
    15.267766952966));
#2286 = ELLIPSE('',#2287,3.535533905933,2.5);
#2287 = AXIS2_PLACEMENT_3D('',#2288,#2289,#2290);
#2288 = CARTESIAN_POINT('',(-9.5,-42.5,13.5));
#2289 = DIRECTION('',(3.1E-16,0.707106781187,-0.707106781187));
#2290 = DIRECTION('',(3.1E-16,0.707106781187,0.707106781187));
#2291 = ORIENTED_EDGE('',*,*,#2292,.F.);
#2292 = EDGE_CURVE('',#1067,#2284,#2293,.T.);
#2293 = ELLIPSE('',#2294,3.535533905933,2.5);
#2294 = AXIS2_PLACEMENT_3D('',#2295,#2296,#2297);
#2295 = CARTESIAN_POINT('',(-9.5,-42.5,17.035533905933));
#2296 = DIRECTION('',(-0.707106781187,1.6E-16,-0.707106781187));
#2297 = DIRECTION('',(0.707106781187,-1.6E-16,-0.707106781187));
#2298 = CYLINDRICAL_SURFACE('',#2299,2.5);
#2299 = AXIS2_PLACEMENT_3D('',#2300,#2301,#2302);
#2300 = CARTESIAN_POINT('',(-9.5,-42.5,-1.62E-15));
#2301 = DIRECTION('',(0.,0.,1.));
#2302 = DIRECTION('',(0.,1.,0.));
#2303 = ADVANCED_FACE('',(#2304),#2323,.F.);
#2304 = FACE_BOUND('',#2305,.T.);
#2305 = EDGE_LOOP('',(#2306,#2307,#2315,#2322));
#2306 = ORIENTED_EDGE('',*,*,#2292,.T.);
#2307 = ORIENTED_EDGE('',*,*,#2308,.T.);
#2308 = EDGE_CURVE('',#2284,#2309,#2311,.T.);
#2309 = VERTEX_POINT('',#2310);
#2310 = CARTESIAN_POINT('',(-3.767766952966,-40.73223304703,
    15.267766952966));
#2311 = LINE('',#2312,#2313);
#2312 = CARTESIAN_POINT('',(-7.,-40.73223304703,15.267766952966));
#2313 = VECTOR('',#2314,1.);
#2314 = DIRECTION('',(1.,-2.2E-16,2.2E-16));
#2315 = ORIENTED_EDGE('',*,*,#2316,.F.);
#2316 = EDGE_CURVE('',#1075,#2309,#2317,.T.);
#2317 = ELLIPSE('',#2318,3.535533905933,2.5);
#2318 = AXIS2_PLACEMENT_3D('',#2319,#2320,#2321);
#2319 = CARTESIAN_POINT('',(-2.,-42.5,17.035533905933));
#2320 = DIRECTION('',(-0.707106781187,1.6E-16,0.707106781187));
#2321 = DIRECTION('',(0.707106781187,-1.6E-16,0.707106781187));
#2322 = ORIENTED_EDGE('',*,*,#1074,.F.);
#2323 = CYLINDRICAL_SURFACE('',#2324,2.5);
#2324 = AXIS2_PLACEMENT_3D('',#2325,#2326,#2327);
#2325 = CARTESIAN_POINT('',(-7.,-42.5,17.035533905933));
#2326 = DIRECTION('',(1.,-2.2E-16,2.2E-16));
#2327 = DIRECTION('',(2.2E-16,1.,0.));
#2328 = ADVANCED_FACE('',(#2329),#2357,.F.);
#2329 = FACE_BOUND('',#2330,.F.);
#2330 = EDGE_LOOP('',(#2331,#2332,#2333,#2342,#2350));
#2331 = ORIENTED_EDGE('',*,*,#2316,.F.);
#2332 = ORIENTED_EDGE('',*,*,#1082,.F.);
#2333 = ORIENTED_EDGE('',*,*,#2334,.T.);
#2334 = EDGE_CURVE('',#1083,#2335,#2337,.T.);
#2335 = VERTEX_POINT('',#2336);
#2336 = CARTESIAN_POINT('',(-4.5,-42.5,2.));
#2337 = ELLIPSE('',#2338,3.535533905933,2.5);
#2338 = AXIS2_PLACEMENT_3D('',#2339,#2340,#2341);
#2339 = CARTESIAN_POINT('',(-2.,-42.5,4.5));
#2340 = DIRECTION('',(-0.707106781187,0.,0.707106781187));
#2341 = DIRECTION('',(0.707106781187,0.,0.707106781187));
#2342 = ORIENTED_EDGE('',*,*,#2343,.T.);
#2343 = EDGE_CURVE('',#2335,#2344,#2346,.T.);
#2344 = VERTEX_POINT('',#2345);
#2345 = CARTESIAN_POINT('',(-4.5,-42.5,13.5));
#2346 = LINE('',#2347,#2348);
#2347 = CARTESIAN_POINT('',(-4.5,-42.5,2.));
#2348 = VECTOR('',#2349,1.);
#2349 = DIRECTION('',(-2.2E-16,0.,1.));
#2350 = ORIENTED_EDGE('',*,*,#2351,.F.);
#2351 = EDGE_CURVE('',#2309,#2344,#2352,.T.);
#2352 = ELLIPSE('',#2353,3.535533905933,2.5);
#2353 = AXIS2_PLACEMENT_3D('',#2354,#2355,#2356);
#2354 = CARTESIAN_POINT('',(-2.,-42.5,13.5));
#2355 = DIRECTION('',(-3.1E-16,-0.707106781187,0.707106781187));
#2356 = DIRECTION('',(0.,0.707106781187,0.707106781187));
#2357 = CYLINDRICAL_SURFACE('',#2358,2.5);
#2358 = AXIS2_PLACEMENT_3D('',#2359,#2360,#2361);
#2359 = CARTESIAN_POINT('',(-2.,-42.5,2.));
#2360 = DIRECTION('',(-2.2E-16,0.,1.));
#2361 = DIRECTION('',(0.,1.,0.));
#2362 = ADVANCED_FACE('',(#2363),#2391,.F.);
#2363 = FACE_BOUND('',#2364,.F.);
#2364 = EDGE_LOOP('',(#2365,#2366,#2367,#2375,#2384));
#2365 = ORIENTED_EDGE('',*,*,#1114,.F.);
#2366 = ORIENTED_EDGE('',*,*,#1900,.F.);
#2367 = ORIENTED_EDGE('',*,*,#2368,.T.);
#2368 = EDGE_CURVE('',#1892,#2369,#2371,.T.);
#2369 = VERTEX_POINT('',#2370);
#2370 = CARTESIAN_POINT('',(7.,-42.5,13.5));
#2371 = LINE('',#2372,#2373);
#2372 = CARTESIAN_POINT('',(7.,-42.5,0.));
#2373 = VECTOR('',#2374,1.);
#2374 = DIRECTION('',(0.,0.,1.));
#2375 = ORIENTED_EDGE('',*,*,#2376,.F.);
#2376 = EDGE_CURVE('',#2377,#2369,#2379,.T.);
#2377 = VERTEX_POINT('',#2378);
#2378 = CARTESIAN_POINT('',(7.732233047034,-40.73223304703,
    15.267766952966));
#2379 = ELLIPSE('',#2380,3.535533905933,2.5);
#2380 = AXIS2_PLACEMENT_3D('',#2381,#2382,#2383);
#2381 = CARTESIAN_POINT('',(9.5,-42.5,13.5));
#2382 = DIRECTION('',(0.,-0.707106781187,0.707106781187));
#2383 = DIRECTION('',(0.,0.707106781187,0.707106781187));
#2384 = ORIENTED_EDGE('',*,*,#2385,.F.);
#2385 = EDGE_CURVE('',#1107,#2377,#2386,.T.);
#2386 = ELLIPSE('',#2387,3.535533905933,2.5);
#2387 = AXIS2_PLACEMENT_3D('',#2388,#2389,#2390);
#2388 = CARTESIAN_POINT('',(9.5,-42.5,17.035533905933));
#2389 = DIRECTION('',(-0.707106781187,0.,0.707106781187));
#2390 = DIRECTION('',(-0.707106781187,0.,-0.707106781187));
#2391 = CYLINDRICAL_SURFACE('',#2392,2.5);
#2392 = AXIS2_PLACEMENT_3D('',#2393,#2394,#2395);
#2393 = CARTESIAN_POINT('',(9.5,-42.5,0.));
#2394 = DIRECTION('',(0.,0.,1.));
#2395 = DIRECTION('',(0.,1.,0.));
#2396 = ADVANCED_FACE('',(#2397),#2416,.F.);
#2397 = FACE_BOUND('',#2398,.T.);
#2398 = EDGE_LOOP('',(#2399,#2400,#2408,#2415));
#2399 = ORIENTED_EDGE('',*,*,#2334,.T.);
#2400 = ORIENTED_EDGE('',*,*,#2401,.T.);
#2401 = EDGE_CURVE('',#2335,#2402,#2404,.T.);
#2402 = VERTEX_POINT('',#2403);
#2403 = CARTESIAN_POINT('',(4.5,-42.5,2.));
#2404 = LINE('',#2405,#2406);
#2405 = CARTESIAN_POINT('',(-4.5,-42.5,2.));
#2406 = VECTOR('',#2407,1.);
#2407 = DIRECTION('',(1.,0.,0.));
#2408 = ORIENTED_EDGE('',*,*,#2409,.F.);
#2409 = EDGE_CURVE('',#1091,#2402,#2410,.T.);
#2410 = ELLIPSE('',#2411,3.535533905933,2.5);
#2411 = AXIS2_PLACEMENT_3D('',#2412,#2413,#2414);
#2412 = CARTESIAN_POINT('',(2.,-42.5,4.5));
#2413 = DIRECTION('',(-0.707106781187,0.,-0.707106781187));
#2414 = DIRECTION('',(-0.707106781187,0.,0.707106781187));
#2415 = ORIENTED_EDGE('',*,*,#1090,.F.);
#2416 = CYLINDRICAL_SURFACE('',#2417,2.5);
#2417 = AXIS2_PLACEMENT_3D('',#2418,#2419,#2420);
#2418 = CARTESIAN_POINT('',(-4.5,-42.5,4.5));
#2419 = DIRECTION('',(1.,0.,0.));
#2420 = DIRECTION('',(0.,1.,0.));
#2421 = ADVANCED_FACE('',(#2422),#2441,.F.);
#2422 = FACE_BOUND('',#2423,.F.);
#2423 = EDGE_LOOP('',(#2424,#2425,#2433,#2440));
#2424 = ORIENTED_EDGE('',*,*,#2385,.T.);
#2425 = ORIENTED_EDGE('',*,*,#2426,.T.);
#2426 = EDGE_CURVE('',#2377,#2427,#2429,.T.);
#2427 = VERTEX_POINT('',#2428);
#2428 = CARTESIAN_POINT('',(3.767766952966,-40.73223304703,
    15.267766952966));
#2429 = LINE('',#2430,#2431);
#2430 = CARTESIAN_POINT('',(7.,-40.73223304703,15.267766952966));
#2431 = VECTOR('',#2432,1.);
#2432 = DIRECTION('',(-1.,-0.,-0.));
#2433 = ORIENTED_EDGE('',*,*,#2434,.F.);
#2434 = EDGE_CURVE('',#1099,#2427,#2435,.T.);
#2435 = ELLIPSE('',#2436,3.535533905933,2.5);
#2436 = AXIS2_PLACEMENT_3D('',#2437,#2438,#2439);
#2437 = CARTESIAN_POINT('',(2.,-42.5,17.035533905933));
#2438 = DIRECTION('',(-0.707106781187,0.,-0.707106781187));
#2439 = DIRECTION('',(-0.707106781187,0.,0.707106781187));
#2440 = ORIENTED_EDGE('',*,*,#1106,.F.);
#2441 = CYLINDRICAL_SURFACE('',#2442,2.5);
#2442 = AXIS2_PLACEMENT_3D('',#2443,#2444,#2445);
#2443 = CARTESIAN_POINT('',(7.,-42.5,17.035533905933));
#2444 = DIRECTION('',(-1.,-0.,-0.));
#2445 = DIRECTION('',(0.,1.,0.));
#2446 = ADVANCED_FACE('',(#2447),#2467,.F.);
#2447 = FACE_BOUND('',#2448,.T.);
#2448 = EDGE_LOOP('',(#2449,#2450,#2451,#2452,#2460));
#2449 = ORIENTED_EDGE('',*,*,#2434,.F.);
#2450 = ORIENTED_EDGE('',*,*,#1098,.F.);
#2451 = ORIENTED_EDGE('',*,*,#2409,.T.);
#2452 = ORIENTED_EDGE('',*,*,#2453,.T.);
#2453 = EDGE_CURVE('',#2402,#2454,#2456,.T.);
#2454 = VERTEX_POINT('',#2455);
#2455 = CARTESIAN_POINT('',(4.5,-42.5,13.5));
#2456 = LINE('',#2457,#2458);
#2457 = CARTESIAN_POINT('',(4.5,-42.5,2.));
#2458 = VECTOR('',#2459,1.);
#2459 = DIRECTION('',(0.,0.,1.));
#2460 = ORIENTED_EDGE('',*,*,#2461,.F.);
#2461 = EDGE_CURVE('',#2427,#2454,#2462,.T.);
#2462 = ELLIPSE('',#2463,3.535533905933,2.5);
#2463 = AXIS2_PLACEMENT_3D('',#2464,#2465,#2466);
#2464 = CARTESIAN_POINT('',(2.,-42.5,13.5));
#2465 = DIRECTION('',(0.,0.707106781187,-0.707106781187));
#2466 = DIRECTION('',(0.,0.707106781187,0.707106781187));
#2467 = CYLINDRICAL_SURFACE('',#2468,2.5);
#2468 = AXIS2_PLACEMENT_3D('',#2469,#2470,#2471);
#2469 = CARTESIAN_POINT('',(2.,-42.5,2.));
#2470 = DIRECTION('',(0.,0.,1.));
#2471 = DIRECTION('',(0.,1.,0.));
#2472 = ADVANCED_FACE('',(#2473),#2492,.F.);
#2473 = FACE_BOUND('',#2474,.F.);
#2474 = EDGE_LOOP('',(#2475,#2476,#2484,#2491));
#2475 = ORIENTED_EDGE('',*,*,#1132,.F.);
#2476 = ORIENTED_EDGE('',*,*,#2477,.T.);
#2477 = EDGE_CURVE('',#1133,#2478,#2480,.T.);
#2478 = VERTEX_POINT('',#2479);
#2479 = CARTESIAN_POINT('',(-14.5,-30.,20.));
#2480 = LINE('',#2481,#2482);
#2481 = CARTESIAN_POINT('',(-14.5,-40.,20.));
#2482 = VECTOR('',#2483,1.);
#2483 = DIRECTION('',(0.,1.,-2.2E-16));
#2484 = ORIENTED_EDGE('',*,*,#2485,.T.);
#2485 = EDGE_CURVE('',#2478,#2478,#2486,.T.);
#2486 = CIRCLE('',#2487,3.);
#2487 = AXIS2_PLACEMENT_3D('',#2488,#2489,#2490);
#2488 = CARTESIAN_POINT('',(-17.5,-30.,20.));
#2489 = DIRECTION('',(0.,-1.,2.2E-16));
#2490 = DIRECTION('',(1.,0.,0.));
#2491 = ORIENTED_EDGE('',*,*,#2477,.F.);
#2492 = CYLINDRICAL_SURFACE('',#2493,3.);
#2493 = AXIS2_PLACEMENT_3D('',#2494,#2495,#2496);
#2494 = CARTESIAN_POINT('',(-17.5,-40.,20.));
#2495 = DIRECTION('',(0.,-1.,2.2E-16));
#2496 = DIRECTION('',(1.,0.,0.));
#2497 = ADVANCED_FACE('',(#2498),#2501,.T.);
#2498 = FACE_BOUND('',#2499,.T.);
#2499 = EDGE_LOOP('',(#2500));
#2500 = ORIENTED_EDGE('',*,*,#1157,.T.);
#2501 = PLANE('',#2502);
#2502 = AXIS2_PLACEMENT_3D('',#2503,#2504,#2505);
#2503 = CARTESIAN_POINT('',(-1.45E-15,4.,16.));
#2504 = DIRECTION('',(0.,0.,1.));
#2505 = DIRECTION('',(1.,0.,0.));
#2506 = ADVANCED_FACE('',(#2507),#2510,.T.);
#2507 = FACE_BOUND('',#2508,.T.);
#2508 = EDGE_LOOP('',(#2509));
#2509 = ORIENTED_EDGE('',*,*,#1182,.T.);
#2510 = PLANE('',#2511);
#2511 = AXIS2_PLACEMENT_3D('',#2512,#2513,#2514);
#2512 = CARTESIAN_POINT('',(-1.45E-15,4.,16.));
#2513 = DIRECTION('',(0.,0.,1.));
#2514 = DIRECTION('',(1.,0.,0.));
#2515 = ADVANCED_FACE('',(#2516),#2519,.T.);
#2516 = FACE_BOUND('',#2517,.T.);
#2517 = EDGE_LOOP('',(#2518));
#2518 = ORIENTED_EDGE('',*,*,#1207,.T.);
#2519 = PLANE('',#2520);
#2520 = AXIS2_PLACEMENT_3D('',#2521,#2522,#2523);
#2521 = CARTESIAN_POINT('',(-1.45E-15,4.,16.));
#2522 = DIRECTION('',(0.,0.,1.));
#2523 = DIRECTION('',(1.,0.,0.));
#2524 = ADVANCED_FACE('',(#2525),#2528,.T.);
#2525 = FACE_BOUND('',#2526,.T.);
#2526 = EDGE_LOOP('',(#2527));
#2527 = ORIENTED_EDGE('',*,*,#1232,.T.);
#2528 = PLANE('',#2529);
#2529 = AXIS2_PLACEMENT_3D('',#2530,#2531,#2532);
#2530 = CARTESIAN_POINT('',(-1.45E-15,4.,16.));
#2531 = DIRECTION('',(0.,0.,1.));
#2532 = DIRECTION('',(1.,0.,0.));
#2533 = ADVANCED_FACE('',(#2534,#2568),#2602,.T.);
#2534 = FACE_BOUND('',#2535,.T.);
#2535 = EDGE_LOOP('',(#2536,#2543,#2544,#2551,#2552,#2559,#2560,#2567));
#2536 = ORIENTED_EDGE('',*,*,#2537,.T.);
#2537 = EDGE_CURVE('',#1355,#1250,#2538,.T.);
#2538 = CIRCLE('',#2539,4.921840716562);
#2539 = AXIS2_PLACEMENT_3D('',#2540,#2541,#2542);
#2540 = CARTESIAN_POINT('',(-20.,36.,26.));
#2541 = DIRECTION('',(0.,0.,1.));
#2542 = DIRECTION('',(1.,0.,0.));
#2543 = ORIENTED_EDGE('',*,*,#1249,.T.);
#2544 = ORIENTED_EDGE('',*,*,#2545,.T.);
#2545 = EDGE_CURVE('',#1252,#1396,#2546,.T.);
#2546 = CIRCLE('',#2547,4.921840716562);
#2547 = AXIS2_PLACEMENT_3D('',#2548,#2549,#2550);
#2548 = CARTESIAN_POINT('',(-20.,-28.,26.));
#2549 = DIRECTION('',(0.,0.,1.));
#2550 = DIRECTION('',(1.,0.,0.));
#2551 = ORIENTED_EDGE('',*,*,#1395,.T.);
#2552 = ORIENTED_EDGE('',*,*,#2553,.T.);
#2553 = EDGE_CURVE('',#1398,#1491,#2554,.T.);
#2554 = CIRCLE('',#2555,4.921840716562);
#2555 = AXIS2_PLACEMENT_3D('',#2556,#2557,#2558);
#2556 = CARTESIAN_POINT('',(20.,-28.,26.));
#2557 = DIRECTION('',(0.,0.,1.));
#2558 = DIRECTION('',(1.,0.,0.));
#2559 = ORIENTED_EDGE('',*,*,#1490,.T.);
#2560 = ORIENTED_EDGE('',*,*,#2561,.T.);
#2561 = EDGE_CURVE('',#1493,#1353,#2562,.T.);
#2562 = CIRCLE('',#2563,4.921840716562);
#2563 = AXIS2_PLACEMENT_3D('',#2564,#2565,#2566);
#2564 = CARTESIAN_POINT('',(20.,36.,26.));
#2565 = DIRECTION('',(0.,0.,1.));
#2566 = DIRECTION('',(1.,0.,0.));
#2567 = ORIENTED_EDGE('',*,*,#1352,.T.);
#2568 = FACE_BOUND('',#2569,.T.);
#2569 = EDGE_LOOP('',(#2570,#2580,#2588,#2596));
#2570 = ORIENTED_EDGE('',*,*,#2571,.F.);
#2571 = EDGE_CURVE('',#2572,#2574,#2576,.T.);
#2572 = VERTEX_POINT('',#2573);
#2573 = CARTESIAN_POINT('',(22.,-30.,26.));
#2574 = VERTEX_POINT('',#2575);
#2575 = CARTESIAN_POINT('',(22.,38.,26.));
#2576 = LINE('',#2577,#2578);
#2577 = CARTESIAN_POINT('',(22.,-30.,26.));
#2578 = VECTOR('',#2579,1.);
#2579 = DIRECTION('',(0.,1.,0.));
#2580 = ORIENTED_EDGE('',*,*,#2581,.F.);
#2581 = EDGE_CURVE('',#2582,#2572,#2584,.T.);
#2582 = VERTEX_POINT('',#2583);
#2583 = CARTESIAN_POINT('',(-22.,-30.,26.));
#2584 = LINE('',#2585,#2586);
#2585 = CARTESIAN_POINT('',(-22.,-30.,26.));
#2586 = VECTOR('',#2587,1.);
#2587 = DIRECTION('',(1.,0.,0.));
#2588 = ORIENTED_EDGE('',*,*,#2589,.F.);
#2589 = EDGE_CURVE('',#2590,#2582,#2592,.T.);
#2590 = VERTEX_POINT('',#2591);
#2591 = CARTESIAN_POINT('',(-22.,38.,26.));
#2592 = LINE('',#2593,#2594);
#2593 = CARTESIAN_POINT('',(-22.,38.,26.));
#2594 = VECTOR('',#2595,1.);
#2595 = DIRECTION('',(0.,-1.,0.));
#2596 = ORIENTED_EDGE('',*,*,#2597,.F.);
#2597 = EDGE_CURVE('',#2574,#2590,#2598,.T.);
#2598 = LINE('',#2599,#2600);
#2599 = CARTESIAN_POINT('',(22.,38.,26.));
#2600 = VECTOR('',#2601,1.);
#2601 = DIRECTION('',(-1.,0.,0.));
#2602 = PLANE('',#2603);
#2603 = AXIS2_PLACEMENT_3D('',#2604,#2605,#2606);
#2604 = CARTESIAN_POINT('',(0.,4.,26.));
#2605 = DIRECTION('',(0.,0.,1.));
#2606 = DIRECTION('',(1.,0.,0.));
#2607 = ADVANCED_FACE('',(#2608),#2614,.F.);
#2608 = FACE_BOUND('',#2609,.F.);
#2609 = EDGE_LOOP('',(#2610,#2611,#2612,#2613));
#2610 = ORIENTED_EDGE('',*,*,#1327,.F.);
#2611 = ORIENTED_EDGE('',*,*,#1259,.T.);
#2612 = ORIENTED_EDGE('',*,*,#2545,.T.);
#2613 = ORIENTED_EDGE('',*,*,#1423,.T.);
#2614 = TOROIDAL_SURFACE('',#2615,6.050955414013,1.35);
#2615 = AXIS2_PLACEMENT_3D('',#2616,#2617,#2618);
#2616 = CARTESIAN_POINT('',(-20.,-28.,25.26));
#2617 = DIRECTION('',(0.,0.,1.));
#2618 = DIRECTION('',(1.,0.,0.));
#2619 = ADVANCED_FACE('',(#2620),#2626,.F.);
#2620 = FACE_BOUND('',#2621,.F.);
#2621 = EDGE_LOOP('',(#2622,#2623,#2624,#2625));
#2622 = ORIENTED_EDGE('',*,*,#1309,.F.);
#2623 = ORIENTED_EDGE('',*,*,#1362,.T.);
#2624 = ORIENTED_EDGE('',*,*,#2537,.T.);
#2625 = ORIENTED_EDGE('',*,*,#1285,.F.);
#2626 = TOROIDAL_SURFACE('',#2627,6.050955414013,1.35);
#2627 = AXIS2_PLACEMENT_3D('',#2628,#2629,#2630);
#2628 = CARTESIAN_POINT('',(-20.,36.,25.26));
#2629 = DIRECTION('',(0.,0.,1.));
#2630 = DIRECTION('',(1.,0.,0.));
#2631 = ADVANCED_FACE('',(#2632),#2638,.F.);
#2632 = FACE_BOUND('',#2633,.F.);
#2633 = EDGE_LOOP('',(#2634,#2635,#2636,#2637));
#2634 = ORIENTED_EDGE('',*,*,#1447,.F.);
#2635 = ORIENTED_EDGE('',*,*,#1500,.T.);
#2636 = ORIENTED_EDGE('',*,*,#2561,.T.);
#2637 = ORIENTED_EDGE('',*,*,#1380,.T.);
#2638 = TOROIDAL_SURFACE('',#2639,6.050955414013,1.35);
#2639 = AXIS2_PLACEMENT_3D('',#2640,#2641,#2642);
#2640 = CARTESIAN_POINT('',(20.,36.,25.26));
#2641 = DIRECTION('',(0.,0.,1.));
#2642 = DIRECTION('',(1.,0.,0.));
#2643 = ADVANCED_FACE('',(#2644),#2650,.F.);
#2644 = FACE_BOUND('',#2645,.F.);
#2645 = EDGE_LOOP('',(#2646,#2647,#2648,#2649));
#2646 = ORIENTED_EDGE('',*,*,#1465,.F.);
#2647 = ORIENTED_EDGE('',*,*,#1405,.T.);
#2648 = ORIENTED_EDGE('',*,*,#2553,.T.);
#2649 = ORIENTED_EDGE('',*,*,#1510,.T.);
#2650 = TOROIDAL_SURFACE('',#2651,6.050955414013,1.35);
#2651 = AXIS2_PLACEMENT_3D('',#2652,#2653,#2654);
#2652 = CARTESIAN_POINT('',(20.,-28.,25.26));
#2653 = DIRECTION('',(0.,0.,1.));
#2654 = DIRECTION('',(1.,0.,0.));
#2655 = ADVANCED_FACE('',(#2656),#2659,.T.);
#2656 = FACE_BOUND('',#2657,.T.);
#2657 = EDGE_LOOP('',(#2658));
#2658 = ORIENTED_EDGE('',*,*,#1533,.T.);
#2659 = PLANE('',#2660);
#2660 = AXIS2_PLACEMENT_3D('',#2661,#2662,#2663);
#2661 = CARTESIAN_POINT('',(-1.45E-15,4.,16.));
#2662 = DIRECTION('',(0.,0.,1.));
#2663 = DIRECTION('',(1.,0.,0.));
#2664 = ADVANCED_FACE('',(#2665),#2668,.T.);
#2665 = FACE_BOUND('',#2666,.T.);
#2666 = EDGE_LOOP('',(#2667));
#2667 = ORIENTED_EDGE('',*,*,#1558,.T.);
#2668 = PLANE('',#2669);
#2669 = AXIS2_PLACEMENT_3D('',#2670,#2671,#2672);
#2670 = CARTESIAN_POINT('',(-1.45E-15,4.,16.));
#2671 = DIRECTION('',(0.,0.,1.));
#2672 = DIRECTION('',(1.,0.,0.));
#2673 = ADVANCED_FACE('',(#2674),#2677,.T.);
#2674 = FACE_BOUND('',#2675,.T.);
#2675 = EDGE_LOOP('',(#2676));
#2676 = ORIENTED_EDGE('',*,*,#1583,.T.);
#2677 = PLANE('',#2678);
#2678 = AXIS2_PLACEMENT_3D('',#2679,#2680,#2681);
#2679 = CARTESIAN_POINT('',(-1.45E-15,4.,16.));
#2680 = DIRECTION('',(0.,0.,1.));
#2681 = DIRECTION('',(1.,0.,0.));
#2682 = ADVANCED_FACE('',(#2683),#2686,.T.);
#2683 = FACE_BOUND('',#2684,.T.);
#2684 = EDGE_LOOP('',(#2685));
#2685 = ORIENTED_EDGE('',*,*,#1608,.T.);
#2686 = PLANE('',#2687);
#2687 = AXIS2_PLACEMENT_3D('',#2688,#2689,#2690);
#2688 = CARTESIAN_POINT('',(-1.45E-15,4.,16.));
#2689 = DIRECTION('',(0.,0.,1.));
#2690 = DIRECTION('',(1.,0.,0.));
#2691 = ADVANCED_FACE('',(#2692),#2703,.T.);
#2692 = FACE_BOUND('',#2693,.T.);
#2693 = EDGE_LOOP('',(#2694,#2695,#2696,#2702));
#2694 = ORIENTED_EDGE('',*,*,#1634,.F.);
#2695 = ORIENTED_EDGE('',*,*,#1987,.T.);
#2696 = ORIENTED_EDGE('',*,*,#2697,.T.);
#2697 = EDGE_CURVE('',#1988,#1661,#2698,.T.);
#2698 = LINE('',#2699,#2700);
#2699 = CARTESIAN_POINT('',(4.5,62.,0.));
#2700 = VECTOR('',#2701,1.);
#2701 = DIRECTION('',(0.,0.,1.));
#2702 = ORIENTED_EDGE('',*,*,#1668,.F.);
#2703 = CYLINDRICAL_SURFACE('',#2704,2.5);
#2704 = AXIS2_PLACEMENT_3D('',#2705,#2706,#2707);
#2705 = CARTESIAN_POINT('',(4.5,59.5,0.));
#2706 = DIRECTION('',(0.,0.,1.));
#2707 = DIRECTION('',(1.,0.,0.));
#2708 = ADVANCED_FACE('',(#2709),#2720,.T.);
#2709 = FACE_BOUND('',#2710,.F.);
#2710 = EDGE_LOOP('',(#2711,#2712,#2713,#2719));
#2711 = ORIENTED_EDGE('',*,*,#1735,.F.);
#2712 = ORIENTED_EDGE('',*,*,#2089,.F.);
#2713 = ORIENTED_EDGE('',*,*,#2714,.T.);
#2714 = EDGE_CURVE('',#2040,#1771,#2715,.T.);
#2715 = LINE('',#2716,#2717);
#2716 = CARTESIAN_POINT('',(-4.5,62.,-6.6E-16));
#2717 = VECTOR('',#2718,1.);
#2718 = DIRECTION('',(0.,0.,1.));
#2719 = ORIENTED_EDGE('',*,*,#1778,.F.);
#2720 = CYLINDRICAL_SURFACE('',#2721,2.5);
#2721 = AXIS2_PLACEMENT_3D('',#2722,#2723,#2724);
#2722 = CARTESIAN_POINT('',(-4.5,59.5,-6.6E-16));
#2723 = DIRECTION('',(0.,0.,1.));
#2724 = DIRECTION('',(-1.,2.5E-16,0.));
#2725 = ADVANCED_FACE('',(#2726),#2732,.F.);
#2726 = FACE_BOUND('',#2727,.F.);
#2727 = EDGE_LOOP('',(#2728,#2729,#2730,#2731));
#2728 = ORIENTED_EDGE('',*,*,#2697,.T.);
#2729 = ORIENTED_EDGE('',*,*,#1794,.T.);
#2730 = ORIENTED_EDGE('',*,*,#2714,.F.);
#2731 = ORIENTED_EDGE('',*,*,#2048,.F.);
#2732 = PLANE('',#2733);
#2733 = AXIS2_PLACEMENT_3D('',#2734,#2735,#2736);
#2734 = CARTESIAN_POINT('',(7.,62.,0.));
#2735 = DIRECTION('',(0.,-1.,0.));
#2736 = DIRECTION('',(-1.,0.,0.));
#2737 = ADVANCED_FACE('',(#2738),#2749,.F.);
#2738 = FACE_BOUND('',#2739,.F.);
#2739 = EDGE_LOOP('',(#2740,#2746,#2747,#2748));
#2740 = ORIENTED_EDGE('',*,*,#2741,.F.);
#2741 = EDGE_CURVE('',#1810,#2248,#2742,.T.);
#2742 = LINE('',#2743,#2744);
#2743 = CARTESIAN_POINT('',(2.2,55.,2.));
#2744 = VECTOR('',#2745,1.);
#2745 = DIRECTION('',(-0.,-0.,-1.));
#2746 = ORIENTED_EDGE('',*,*,#1809,.F.);
#2747 = ORIENTED_EDGE('',*,*,#2741,.T.);
#2748 = ORIENTED_EDGE('',*,*,#2258,.T.);
#2749 = CYLINDRICAL_SURFACE('',#2750,2.2);
#2750 = AXIS2_PLACEMENT_3D('',#2751,#2752,#2753);
#2751 = CARTESIAN_POINT('',(7.5E-15,55.,2.));
#2752 = DIRECTION('',(0.,0.,1.));
#2753 = DIRECTION('',(1.,0.,0.));
#2754 = ADVANCED_FACE('',(#2755),#2773,.T.);
#2755 = FACE_BOUND('',#2756,.T.);
#2756 = EDGE_LOOP('',(#2757,#2765,#2766,#2767));
#2757 = ORIENTED_EDGE('',*,*,#2758,.F.);
#2758 = EDGE_CURVE('',#1918,#2759,#2761,.T.);
#2759 = VERTEX_POINT('',#2760);
#2760 = CARTESIAN_POINT('',(7.,-51.5,4.5));
#2761 = LINE('',#2762,#2763);
#2762 = CARTESIAN_POINT('',(7.,-51.5,0.));
#2763 = VECTOR('',#2764,1.);
#2764 = DIRECTION('',(0.,0.,1.));
#2765 = ORIENTED_EDGE('',*,*,#1928,.T.);
#2766 = ORIENTED_EDGE('',*,*,#2368,.T.);
#2767 = ORIENTED_EDGE('',*,*,#2768,.T.);
#2768 = EDGE_CURVE('',#2369,#2759,#2769,.T.);
#2769 = LINE('',#2770,#2771);
#2770 = CARTESIAN_POINT('',(7.,-40.,16.));
#2771 = VECTOR('',#2772,1.);
#2772 = DIRECTION('',(0.,-0.707106781187,-0.707106781187));
#2773 = PLANE('',#2774);
#2774 = AXIS2_PLACEMENT_3D('',#2775,#2776,#2777);
#2775 = CARTESIAN_POINT('',(7.,-45.10807121451,5.949747468306));
#2776 = DIRECTION('',(1.,0.,0.));
#2777 = DIRECTION('',(0.,0.,1.));
#2778 = ADVANCED_FACE('',(#2779),#2798,.T.);
#2779 = FACE_BOUND('',#2780,.F.);
#2780 = EDGE_LOOP('',(#2781,#2782,#2783,#2791));
#2781 = ORIENTED_EDGE('',*,*,#2758,.F.);
#2782 = ORIENTED_EDGE('',*,*,#1969,.F.);
#2783 = ORIENTED_EDGE('',*,*,#2784,.T.);
#2784 = EDGE_CURVE('',#1961,#2785,#2787,.T.);
#2785 = VERTEX_POINT('',#2786);
#2786 = CARTESIAN_POINT('',(4.5,-54.,2.));
#2787 = LINE('',#2788,#2789);
#2788 = CARTESIAN_POINT('',(4.5,-54.,0.));
#2789 = VECTOR('',#2790,1.);
#2790 = DIRECTION('',(0.,0.,1.));
#2791 = ORIENTED_EDGE('',*,*,#2792,.F.);
#2792 = EDGE_CURVE('',#2759,#2785,#2793,.T.);
#2793 = ELLIPSE('',#2794,3.535533905933,2.5);
#2794 = AXIS2_PLACEMENT_3D('',#2795,#2796,#2797);
#2795 = CARTESIAN_POINT('',(4.5,-51.5,4.5));
#2796 = DIRECTION('',(0.,0.707106781187,-0.707106781187));
#2797 = DIRECTION('',(0.,0.707106781187,0.707106781187));
#2798 = CYLINDRICAL_SURFACE('',#2799,2.5);
#2799 = AXIS2_PLACEMENT_3D('',#2800,#2801,#2802);
#2800 = CARTESIAN_POINT('',(4.5,-51.5,0.));
#2801 = DIRECTION('',(0.,0.,1.));
#2802 = DIRECTION('',(1.,0.,0.));
#2803 = ADVANCED_FACE('',(#2804),#2822,.F.);
#2804 = FACE_BOUND('',#2805,.F.);
#2805 = EDGE_LOOP('',(#2806,#2814,#2820,#2821));
#2806 = ORIENTED_EDGE('',*,*,#2807,.T.);
#2807 = EDGE_CURVE('',#2013,#2808,#2810,.T.);
#2808 = VERTEX_POINT('',#2809);
#2809 = CARTESIAN_POINT('',(-4.5,-54.,2.));
#2810 = LINE('',#2811,#2812);
#2811 = CARTESIAN_POINT('',(-4.5,-54.,1.62E-15));
#2812 = VECTOR('',#2813,1.);
#2813 = DIRECTION('',(0.,0.,1.));
#2814 = ORIENTED_EDGE('',*,*,#2815,.T.);
#2815 = EDGE_CURVE('',#2808,#2785,#2816,.T.);
#2816 = LINE('',#2817,#2818);
#2817 = CARTESIAN_POINT('',(-7.,-54.,2.));
#2818 = VECTOR('',#2819,1.);
#2819 = DIRECTION('',(1.,0.,0.));
#2820 = ORIENTED_EDGE('',*,*,#2784,.F.);
#2821 = ORIENTED_EDGE('',*,*,#2023,.F.);
#2822 = PLANE('',#2823);
#2823 = AXIS2_PLACEMENT_3D('',#2824,#2825,#2826);
#2824 = CARTESIAN_POINT('',(-7.,-54.,0.));
#2825 = DIRECTION('',(0.,1.,0.));
#2826 = DIRECTION('',(1.,0.,0.));
#2827 = ADVANCED_FACE('',(#2828),#2847,.T.);
#2828 = FACE_BOUND('',#2829,.T.);
#2829 = EDGE_LOOP('',(#2830,#2838,#2839,#2840));
#2830 = ORIENTED_EDGE('',*,*,#2831,.F.);
#2831 = EDGE_CURVE('',#2063,#2832,#2834,.T.);
#2832 = VERTEX_POINT('',#2833);
#2833 = CARTESIAN_POINT('',(-7.,-51.5,4.5));
#2834 = LINE('',#2835,#2836);
#2835 = CARTESIAN_POINT('',(-7.,-51.5,1.62E-15));
#2836 = VECTOR('',#2837,1.);
#2837 = DIRECTION('',(0.,0.,1.));
#2838 = ORIENTED_EDGE('',*,*,#2071,.T.);
#2839 = ORIENTED_EDGE('',*,*,#2807,.T.);
#2840 = ORIENTED_EDGE('',*,*,#2841,.F.);
#2841 = EDGE_CURVE('',#2832,#2808,#2842,.T.);
#2842 = ELLIPSE('',#2843,3.535533905933,2.5);
#2843 = AXIS2_PLACEMENT_3D('',#2844,#2845,#2846);
#2844 = CARTESIAN_POINT('',(-4.5,-51.5,4.5));
#2845 = DIRECTION('',(-3.1E-16,-0.707106781187,0.707106781187));
#2846 = DIRECTION('',(3.1E-16,0.707106781187,0.707106781187));
#2847 = CYLINDRICAL_SURFACE('',#2848,2.5);
#2848 = AXIS2_PLACEMENT_3D('',#2849,#2850,#2851);
#2849 = CARTESIAN_POINT('',(-4.5,-51.5,1.62E-15));
#2850 = DIRECTION('',(0.,0.,1.));
#2851 = DIRECTION('',(-1.,2.2E-16,0.));
#2852 = ADVANCED_FACE('',(#2853),#2864,.T.);
#2853 = FACE_BOUND('',#2854,.T.);
#2854 = EDGE_LOOP('',(#2855,#2856,#2857,#2858));
#2855 = ORIENTED_EDGE('',*,*,#2275,.F.);
#2856 = ORIENTED_EDGE('',*,*,#2123,.T.);
#2857 = ORIENTED_EDGE('',*,*,#2831,.T.);
#2858 = ORIENTED_EDGE('',*,*,#2859,.F.);
#2859 = EDGE_CURVE('',#2276,#2832,#2860,.T.);
#2860 = LINE('',#2861,#2862);
#2861 = CARTESIAN_POINT('',(-7.,-40.,16.));
#2862 = VECTOR('',#2863,1.);
#2863 = DIRECTION('',(-0.,-0.707106781187,-0.707106781187));
#2864 = PLANE('',#2865);
#2865 = AXIS2_PLACEMENT_3D('',#2866,#2867,#2868);
#2866 = CARTESIAN_POINT('',(-7.,-45.10807121451,5.949747468306));
#2867 = DIRECTION('',(-1.,2.2E-16,-6.5E-16));
#2868 = DIRECTION('',(6.5E-16,0.,-1.));
#2869 = ADVANCED_FACE('',(#2870),#2889,.F.);
#2870 = FACE_BOUND('',#2871,.F.);
#2871 = EDGE_LOOP('',(#2872,#2880,#2887,#2888));
#2872 = ORIENTED_EDGE('',*,*,#2873,.F.);
#2873 = EDGE_CURVE('',#2874,#2222,#2876,.T.);
#2874 = VERTEX_POINT('',#2875);
#2875 = CARTESIAN_POINT('',(2.2,-47.,2.));
#2876 = LINE('',#2877,#2878);
#2877 = CARTESIAN_POINT('',(2.2,-47.,2.));
#2878 = VECTOR('',#2879,1.);
#2879 = DIRECTION('',(-0.,-0.,-1.));
#2880 = ORIENTED_EDGE('',*,*,#2881,.F.);
#2881 = EDGE_CURVE('',#2874,#2874,#2882,.T.);
#2882 = CIRCLE('',#2883,2.2);
#2883 = AXIS2_PLACEMENT_3D('',#2884,#2885,#2886);
#2884 = CARTESIAN_POINT('',(-4.2E-15,-47.,2.));
#2885 = DIRECTION('',(0.,0.,1.));
#2886 = DIRECTION('',(1.,0.,0.));
#2887 = ORIENTED_EDGE('',*,*,#2873,.T.);
#2888 = ORIENTED_EDGE('',*,*,#2232,.T.);
#2889 = CYLINDRICAL_SURFACE('',#2890,2.2);
#2890 = AXIS2_PLACEMENT_3D('',#2891,#2892,#2893);
#2891 = CARTESIAN_POINT('',(-4.2E-15,-47.,2.));
#2892 = DIRECTION('',(0.,0.,1.));
#2893 = DIRECTION('',(1.,0.,0.));
#2894 = ADVANCED_FACE('',(#2895),#2908,.T.);
#2895 = FACE_BOUND('',#2896,.F.);
#2896 = EDGE_LOOP('',(#2897,#2898,#2899,#2900,#2901,#2907));
#2897 = ORIENTED_EDGE('',*,*,#2859,.F.);
#2898 = ORIENTED_EDGE('',*,*,#2283,.F.);
#2899 = ORIENTED_EDGE('',*,*,#2308,.T.);
#2900 = ORIENTED_EDGE('',*,*,#2351,.T.);
#2901 = ORIENTED_EDGE('',*,*,#2902,.T.);
#2902 = EDGE_CURVE('',#2344,#2808,#2903,.T.);
#2903 = LINE('',#2904,#2905);
#2904 = CARTESIAN_POINT('',(-4.5,-40.,16.));
#2905 = VECTOR('',#2906,1.);
#2906 = DIRECTION('',(-0.,-0.707106781187,-0.707106781187));
#2907 = ORIENTED_EDGE('',*,*,#2841,.F.);
#2908 = PLANE('',#2909);
#2909 = AXIS2_PLACEMENT_3D('',#2910,#2911,#2912);
#2910 = CARTESIAN_POINT('',(-7.,-40.,16.));
#2911 = DIRECTION('',(-3.1E-16,-0.707106781187,0.707106781187));
#2912 = DIRECTION('',(0.,0.707106781187,0.707106781187));
#2913 = ADVANCED_FACE('',(#2914),#2924,.F.);
#2914 = FACE_BOUND('',#2915,.T.);
#2915 = EDGE_LOOP('',(#2916,#2917,#2923));
#2916 = ORIENTED_EDGE('',*,*,#2902,.T.);
#2917 = ORIENTED_EDGE('',*,*,#2918,.T.);
#2918 = EDGE_CURVE('',#2808,#2335,#2919,.T.);
#2919 = LINE('',#2920,#2921);
#2920 = CARTESIAN_POINT('',(-4.5,-54.,2.));
#2921 = VECTOR('',#2922,1.);
#2922 = DIRECTION('',(2.2E-16,1.,0.));
#2923 = ORIENTED_EDGE('',*,*,#2343,.T.);
#2924 = PLANE('',#2925);
#2925 = AXIS2_PLACEMENT_3D('',#2926,#2927,#2928);
#2926 = CARTESIAN_POINT('',(-4.5,4.,6.949747468306));
#2927 = DIRECTION('',(-1.,2.2E-16,-2.2E-16));
#2928 = DIRECTION('',(2.2E-16,0.,-1.));
#2929 = ADVANCED_FACE('',(#2930),#2943,.T.);
#2930 = FACE_BOUND('',#2931,.T.);
#2931 = EDGE_LOOP('',(#2932,#2933,#2934,#2935,#2936,#2942));
#2932 = ORIENTED_EDGE('',*,*,#2768,.F.);
#2933 = ORIENTED_EDGE('',*,*,#2376,.F.);
#2934 = ORIENTED_EDGE('',*,*,#2426,.T.);
#2935 = ORIENTED_EDGE('',*,*,#2461,.T.);
#2936 = ORIENTED_EDGE('',*,*,#2937,.T.);
#2937 = EDGE_CURVE('',#2454,#2785,#2938,.T.);
#2938 = LINE('',#2939,#2940);
#2939 = CARTESIAN_POINT('',(4.5,-40.,16.));
#2940 = VECTOR('',#2941,1.);
#2941 = DIRECTION('',(0.,-0.707106781187,-0.707106781187));
#2942 = ORIENTED_EDGE('',*,*,#2792,.F.);
#2943 = PLANE('',#2944);
#2944 = AXIS2_PLACEMENT_3D('',#2945,#2946,#2947);
#2945 = CARTESIAN_POINT('',(7.,-40.,16.));
#2946 = DIRECTION('',(0.,-0.707106781187,0.707106781187));
#2947 = DIRECTION('',(0.,-0.707106781187,-0.707106781187));
#2948 = ADVANCED_FACE('',(#2949,#2960),#2963,.T.);
#2949 = FACE_BOUND('',#2950,.T.);
#2950 = EDGE_LOOP('',(#2951,#2952,#2953,#2959));
#2951 = ORIENTED_EDGE('',*,*,#2918,.F.);
#2952 = ORIENTED_EDGE('',*,*,#2815,.T.);
#2953 = ORIENTED_EDGE('',*,*,#2954,.T.);
#2954 = EDGE_CURVE('',#2785,#2402,#2955,.T.);
#2955 = LINE('',#2956,#2957);
#2956 = CARTESIAN_POINT('',(4.5,-54.,2.));
#2957 = VECTOR('',#2958,1.);
#2958 = DIRECTION('',(0.,1.,0.));
#2959 = ORIENTED_EDGE('',*,*,#2401,.F.);
#2960 = FACE_BOUND('',#2961,.T.);
#2961 = EDGE_LOOP('',(#2962));
#2962 = ORIENTED_EDGE('',*,*,#2881,.F.);
#2963 = PLANE('',#2964);
#2964 = AXIS2_PLACEMENT_3D('',#2965,#2966,#2967);
#2965 = CARTESIAN_POINT('',(0.,4.,2.));
#2966 = DIRECTION('',(0.,0.,1.));
#2967 = DIRECTION('',(1.,0.,0.));
#2968 = ADVANCED_FACE('',(#2969),#2974,.F.);
#2969 = FACE_BOUND('',#2970,.F.);
#2970 = EDGE_LOOP('',(#2971,#2972,#2973));
#2971 = ORIENTED_EDGE('',*,*,#2937,.T.);
#2972 = ORIENTED_EDGE('',*,*,#2954,.T.);
#2973 = ORIENTED_EDGE('',*,*,#2453,.T.);
#2974 = PLANE('',#2975);
#2975 = AXIS2_PLACEMENT_3D('',#2976,#2977,#2978);
#2976 = CARTESIAN_POINT('',(4.5,4.,6.949747468306));
#2977 = DIRECTION('',(1.,0.,0.));
#2978 = DIRECTION('',(0.,0.,1.));
#2979 = ADVANCED_FACE('',(#2980,#3055),#3058,.T.);
#2980 = FACE_BOUND('',#2981,.T.);
#2981 = EDGE_LOOP('',(#2982,#2992,#3000,#3006,#3007,#3015,#3023,#3031,
    #3040,#3048));
#2982 = ORIENTED_EDGE('',*,*,#2983,.T.);
#2983 = EDGE_CURVE('',#2984,#2986,#2988,.T.);
#2984 = VERTEX_POINT('',#2985);
#2985 = CARTESIAN_POINT('',(-15.75,-30.,3.67));
#2986 = VERTEX_POINT('',#2987);
#2987 = CARTESIAN_POINT('',(-15.75,-30.,10.5));
#2988 = LINE('',#2989,#2990);
#2989 = CARTESIAN_POINT('',(-15.75,-30.,2.));
#2990 = VECTOR('',#2991,1.);
#2991 = DIRECTION('',(0.,0.,1.));
#2992 = ORIENTED_EDGE('',*,*,#2993,.F.);
#2993 = EDGE_CURVE('',#2994,#2986,#2996,.T.);
#2994 = VERTEX_POINT('',#2995);
#2995 = CARTESIAN_POINT('',(-22.,-30.,10.5));
#2996 = LINE('',#2997,#2998);
#2997 = CARTESIAN_POINT('',(-22.,-30.,10.5));
#2998 = VECTOR('',#2999,1.);
#2999 = DIRECTION('',(1.,0.,0.));
#3000 = ORIENTED_EDGE('',*,*,#3001,.T.);
#3001 = EDGE_CURVE('',#2994,#2582,#3002,.T.);
#3002 = LINE('',#3003,#3004);
#3003 = CARTESIAN_POINT('',(-22.,-30.,2.));
#3004 = VECTOR('',#3005,1.);
#3005 = DIRECTION('',(0.,0.,1.));
#3006 = ORIENTED_EDGE('',*,*,#2581,.T.);
#3007 = ORIENTED_EDGE('',*,*,#3008,.F.);
#3008 = EDGE_CURVE('',#3009,#2572,#3011,.T.);
#3009 = VERTEX_POINT('',#3010);
#3010 = CARTESIAN_POINT('',(22.,-30.,10.5));
#3011 = LINE('',#3012,#3013);
#3012 = CARTESIAN_POINT('',(22.,-30.,2.));
#3013 = VECTOR('',#3014,1.);
#3014 = DIRECTION('',(0.,0.,1.));
#3015 = ORIENTED_EDGE('',*,*,#3016,.F.);
#3016 = EDGE_CURVE('',#3017,#3009,#3019,.T.);
#3017 = VERTEX_POINT('',#3018);
#3018 = CARTESIAN_POINT('',(15.75,-30.,10.5));
#3019 = LINE('',#3020,#3021);
#3020 = CARTESIAN_POINT('',(15.75,-30.,10.5));
#3021 = VECTOR('',#3022,1.);
#3022 = DIRECTION('',(1.,0.,0.));
#3023 = ORIENTED_EDGE('',*,*,#3024,.F.);
#3024 = EDGE_CURVE('',#3025,#3017,#3027,.T.);
#3025 = VERTEX_POINT('',#3026);
#3026 = CARTESIAN_POINT('',(15.75,-30.,3.67));
#3027 = LINE('',#3028,#3029);
#3028 = CARTESIAN_POINT('',(15.75,-30.,2.));
#3029 = VECTOR('',#3030,1.);
#3030 = DIRECTION('',(0.,0.,1.));
#3031 = ORIENTED_EDGE('',*,*,#3032,.T.);
#3032 = EDGE_CURVE('',#3025,#3033,#3035,.T.);
#3033 = VERTEX_POINT('',#3034);
#3034 = CARTESIAN_POINT('',(14.08,-30.,2.));
#3035 = CIRCLE('',#3036,1.67);
#3036 = AXIS2_PLACEMENT_3D('',#3037,#3038,#3039);
#3037 = CARTESIAN_POINT('',(14.08,-30.,3.67));
#3038 = DIRECTION('',(0.,1.,0.));
#3039 = DIRECTION('',(0.,0.,-1.));
#3040 = ORIENTED_EDGE('',*,*,#3041,.F.);
#3041 = EDGE_CURVE('',#3042,#3033,#3044,.T.);
#3042 = VERTEX_POINT('',#3043);
#3043 = CARTESIAN_POINT('',(-14.08,-30.,2.));
#3044 = LINE('',#3045,#3046);
#3045 = CARTESIAN_POINT('',(-22.,-30.,2.));
#3046 = VECTOR('',#3047,1.);
#3047 = DIRECTION('',(1.,0.,0.));
#3048 = ORIENTED_EDGE('',*,*,#3049,.T.);
#3049 = EDGE_CURVE('',#3042,#2984,#3050,.T.);
#3050 = CIRCLE('',#3051,1.67);
#3051 = AXIS2_PLACEMENT_3D('',#3052,#3053,#3054);
#3052 = CARTESIAN_POINT('',(-14.08,-30.,3.67));
#3053 = DIRECTION('',(0.,1.,0.));
#3054 = DIRECTION('',(0.,0.,1.));
#3055 = FACE_BOUND('',#3056,.T.);
#3056 = EDGE_LOOP('',(#3057));
#3057 = ORIENTED_EDGE('',*,*,#2485,.T.);
#3058 = PLANE('',#3059);
#3059 = AXIS2_PLACEMENT_3D('',#3060,#3061,#3062);
#3060 = CARTESIAN_POINT('',(-22.,-30.,2.));
#3061 = DIRECTION('',(0.,1.,0.));
#3062 = DIRECTION('',(1.,0.,0.));
#3063 = ADVANCED_FACE('',(#3064),#3157,.T.);
#3064 = FACE_BOUND('',#3065,.T.);
#3065 = EDGE_LOOP('',(#3066,#3076,#3082,#3083,#3084,#3092,#3100,#3109,
    #3117,#3125,#3133,#3142,#3150));
#3066 = ORIENTED_EDGE('',*,*,#3067,.T.);
#3067 = EDGE_CURVE('',#3068,#3070,#3072,.T.);
#3068 = VERTEX_POINT('',#3069);
#3069 = CARTESIAN_POINT('',(22.,-23.75,3.67));
#3070 = VERTEX_POINT('',#3071);
#3071 = CARTESIAN_POINT('',(22.,-23.75,10.5));
#3072 = LINE('',#3073,#3074);
#3073 = CARTESIAN_POINT('',(22.,-23.75,2.));
#3074 = VECTOR('',#3075,1.);
#3075 = DIRECTION('',(0.,0.,1.));
#3076 = ORIENTED_EDGE('',*,*,#3077,.F.);
#3077 = EDGE_CURVE('',#3009,#3070,#3078,.T.);
#3078 = LINE('',#3079,#3080);
#3079 = CARTESIAN_POINT('',(22.,-30.,10.5));
#3080 = VECTOR('',#3081,1.);
#3081 = DIRECTION('',(0.,1.,0.));
#3082 = ORIENTED_EDGE('',*,*,#3008,.T.);
#3083 = ORIENTED_EDGE('',*,*,#2571,.T.);
#3084 = ORIENTED_EDGE('',*,*,#3085,.F.);
#3085 = EDGE_CURVE('',#3086,#2574,#3088,.T.);
#3086 = VERTEX_POINT('',#3087);
#3087 = CARTESIAN_POINT('',(22.,38.,2.));
#3088 = LINE('',#3089,#3090);
#3089 = CARTESIAN_POINT('',(22.,38.,2.));
#3090 = VECTOR('',#3091,1.);
#3091 = DIRECTION('',(0.,0.,1.));
#3092 = ORIENTED_EDGE('',*,*,#3093,.F.);
#3093 = EDGE_CURVE('',#3094,#3086,#3096,.T.);
#3094 = VERTEX_POINT('',#3095);
#3095 = CARTESIAN_POINT('',(22.,31.67,2.));
#3096 = LINE('',#3097,#3098);
#3097 = CARTESIAN_POINT('',(22.,-30.,2.));
#3098 = VECTOR('',#3099,1.);
#3099 = DIRECTION('',(0.,1.,0.));
#3100 = ORIENTED_EDGE('',*,*,#3101,.T.);
#3101 = EDGE_CURVE('',#3094,#3102,#3104,.T.);
#3102 = VERTEX_POINT('',#3103);
#3103 = CARTESIAN_POINT('',(22.,30.,3.67));
#3104 = CIRCLE('',#3105,1.67);
#3105 = AXIS2_PLACEMENT_3D('',#3106,#3107,#3108);
#3106 = CARTESIAN_POINT('',(22.,31.67,3.67));
#3107 = DIRECTION('',(-1.,0.,0.));
#3108 = DIRECTION('',(0.,0.,-1.));
#3109 = ORIENTED_EDGE('',*,*,#3110,.T.);
#3110 = EDGE_CURVE('',#3102,#3111,#3113,.T.);
#3111 = VERTEX_POINT('',#3112);
#3112 = CARTESIAN_POINT('',(22.,30.,10.5));
#3113 = LINE('',#3114,#3115);
#3114 = CARTESIAN_POINT('',(22.,30.,2.));
#3115 = VECTOR('',#3116,1.);
#3116 = DIRECTION('',(0.,0.,1.));
#3117 = ORIENTED_EDGE('',*,*,#3118,.F.);
#3118 = EDGE_CURVE('',#3119,#3111,#3121,.T.);
#3119 = VERTEX_POINT('',#3120);
#3120 = CARTESIAN_POINT('',(22.,25.55,10.5));
#3121 = LINE('',#3122,#3123);
#3122 = CARTESIAN_POINT('',(22.,25.55,10.5));
#3123 = VECTOR('',#3124,1.);
#3124 = DIRECTION('',(0.,1.,0.));
#3125 = ORIENTED_EDGE('',*,*,#3126,.F.);
#3126 = EDGE_CURVE('',#3127,#3119,#3129,.T.);
#3127 = VERTEX_POINT('',#3128);
#3128 = CARTESIAN_POINT('',(22.,25.55,3.67));
#3129 = LINE('',#3130,#3131);
#3130 = CARTESIAN_POINT('',(22.,25.55,2.));
#3131 = VECTOR('',#3132,1.);
#3132 = DIRECTION('',(0.,0.,1.));
#3133 = ORIENTED_EDGE('',*,*,#3134,.F.);
#3134 = EDGE_CURVE('',#3135,#3127,#3137,.T.);
#3135 = VERTEX_POINT('',#3136);
#3136 = CARTESIAN_POINT('',(22.,23.88,2.));
#3137 = CIRCLE('',#3138,1.67);
#3138 = AXIS2_PLACEMENT_3D('',#3139,#3140,#3141);
#3139 = CARTESIAN_POINT('',(22.,23.88,3.67));
#3140 = DIRECTION('',(1.,0.,-0.));
#3141 = DIRECTION('',(0.,0.,1.));
#3142 = ORIENTED_EDGE('',*,*,#3143,.F.);
#3143 = EDGE_CURVE('',#3144,#3135,#3146,.T.);
#3144 = VERTEX_POINT('',#3145);
#3145 = CARTESIAN_POINT('',(22.,-22.08,2.));
#3146 = LINE('',#3147,#3148);
#3147 = CARTESIAN_POINT('',(22.,-30.,2.));
#3148 = VECTOR('',#3149,1.);
#3149 = DIRECTION('',(0.,1.,0.));
#3150 = ORIENTED_EDGE('',*,*,#3151,.F.);
#3151 = EDGE_CURVE('',#3068,#3144,#3152,.T.);
#3152 = CIRCLE('',#3153,1.67);
#3153 = AXIS2_PLACEMENT_3D('',#3154,#3155,#3156);
#3154 = CARTESIAN_POINT('',(22.,-22.08,3.67));
#3155 = DIRECTION('',(1.,-0.,0.));
#3156 = DIRECTION('',(0.,0.,-1.));
#3157 = PLANE('',#3158);
#3158 = AXIS2_PLACEMENT_3D('',#3159,#3160,#3161);
#3159 = CARTESIAN_POINT('',(22.,-30.,2.));
#3160 = DIRECTION('',(-1.,0.,0.));
#3161 = DIRECTION('',(0.,1.,0.));
#3162 = ADVANCED_FACE('',(#3163),#3181,.T.);
#3163 = FACE_BOUND('',#3164,.T.);
#3164 = EDGE_LOOP('',(#3165,#3166,#3167,#3175));
#3165 = ORIENTED_EDGE('',*,*,#3085,.T.);
#3166 = ORIENTED_EDGE('',*,*,#2597,.T.);
#3167 = ORIENTED_EDGE('',*,*,#3168,.F.);
#3168 = EDGE_CURVE('',#3169,#2590,#3171,.T.);
#3169 = VERTEX_POINT('',#3170);
#3170 = CARTESIAN_POINT('',(-22.,38.,2.));
#3171 = LINE('',#3172,#3173);
#3172 = CARTESIAN_POINT('',(-22.,38.,2.));
#3173 = VECTOR('',#3174,1.);
#3174 = DIRECTION('',(0.,0.,1.));
#3175 = ORIENTED_EDGE('',*,*,#3176,.F.);
#3176 = EDGE_CURVE('',#3086,#3169,#3177,.T.);
#3177 = LINE('',#3178,#3179);
#3178 = CARTESIAN_POINT('',(22.,38.,2.));
#3179 = VECTOR('',#3180,1.);
#3180 = DIRECTION('',(-1.,0.,0.));
#3181 = PLANE('',#3182);
#3182 = AXIS2_PLACEMENT_3D('',#3183,#3184,#3185);
#3183 = CARTESIAN_POINT('',(22.,38.,2.));
#3184 = DIRECTION('',(0.,-1.,0.));
#3185 = DIRECTION('',(-1.,0.,0.));
#3186 = ADVANCED_FACE('',(#3187),#3273,.T.);
#3187 = FACE_BOUND('',#3188,.T.);
#3188 = EDGE_LOOP('',(#3189,#3197,#3198,#3199,#3200,#3208,#3216,#3225,
    #3233,#3242,#3250,#3258,#3266));
#3189 = ORIENTED_EDGE('',*,*,#3190,.F.);
#3190 = EDGE_CURVE('',#3169,#3191,#3193,.T.);
#3191 = VERTEX_POINT('',#3192);
#3192 = CARTESIAN_POINT('',(-22.,31.67,2.));
#3193 = LINE('',#3194,#3195);
#3194 = CARTESIAN_POINT('',(-22.,38.,2.));
#3195 = VECTOR('',#3196,1.);
#3196 = DIRECTION('',(0.,-1.,0.));
#3197 = ORIENTED_EDGE('',*,*,#3168,.T.);
#3198 = ORIENTED_EDGE('',*,*,#2589,.T.);
#3199 = ORIENTED_EDGE('',*,*,#3001,.F.);
#3200 = ORIENTED_EDGE('',*,*,#3201,.F.);
#3201 = EDGE_CURVE('',#3202,#2994,#3204,.T.);
#3202 = VERTEX_POINT('',#3203);
#3203 = CARTESIAN_POINT('',(-22.,-23.75,10.5));
#3204 = LINE('',#3205,#3206);
#3205 = CARTESIAN_POINT('',(-22.,-23.75,10.5));
#3206 = VECTOR('',#3207,1.);
#3207 = DIRECTION('',(0.,-1.,0.));
#3208 = ORIENTED_EDGE('',*,*,#3209,.F.);
#3209 = EDGE_CURVE('',#3210,#3202,#3212,.T.);
#3210 = VERTEX_POINT('',#3211);
#3211 = CARTESIAN_POINT('',(-22.,-23.75,3.67));
#3212 = LINE('',#3213,#3214);
#3213 = CARTESIAN_POINT('',(-22.,-23.75,2.));
#3214 = VECTOR('',#3215,1.);
#3215 = DIRECTION('',(0.,0.,1.));
#3216 = ORIENTED_EDGE('',*,*,#3217,.F.);
#3217 = EDGE_CURVE('',#3218,#3210,#3220,.T.);
#3218 = VERTEX_POINT('',#3219);
#3219 = CARTESIAN_POINT('',(-22.,-22.08,2.));
#3220 = CIRCLE('',#3221,1.67);
#3221 = AXIS2_PLACEMENT_3D('',#3222,#3223,#3224);
#3222 = CARTESIAN_POINT('',(-22.,-22.08,3.67));
#3223 = DIRECTION('',(-1.,0.,0.));
#3224 = DIRECTION('',(0.,0.,-1.));
#3225 = ORIENTED_EDGE('',*,*,#3226,.F.);
#3226 = EDGE_CURVE('',#3227,#3218,#3229,.T.);
#3227 = VERTEX_POINT('',#3228);
#3228 = CARTESIAN_POINT('',(-22.,22.08,2.));
#3229 = LINE('',#3230,#3231);
#3230 = CARTESIAN_POINT('',(-22.,38.,2.));
#3231 = VECTOR('',#3232,1.);
#3232 = DIRECTION('',(0.,-1.,0.));
#3233 = ORIENTED_EDGE('',*,*,#3234,.T.);
#3234 = EDGE_CURVE('',#3227,#3235,#3237,.T.);
#3235 = VERTEX_POINT('',#3236);
#3236 = CARTESIAN_POINT('',(-22.,23.75,3.67));
#3237 = CIRCLE('',#3238,1.67);
#3238 = AXIS2_PLACEMENT_3D('',#3239,#3240,#3241);
#3239 = CARTESIAN_POINT('',(-22.,22.08,3.67));
#3240 = DIRECTION('',(1.,0.,-0.));
#3241 = DIRECTION('',(0.,0.,1.));
#3242 = ORIENTED_EDGE('',*,*,#3243,.T.);
#3243 = EDGE_CURVE('',#3235,#3244,#3246,.T.);
#3244 = VERTEX_POINT('',#3245);
#3245 = CARTESIAN_POINT('',(-22.,23.75,10.5));
#3246 = LINE('',#3247,#3248);
#3247 = CARTESIAN_POINT('',(-22.,23.75,2.));
#3248 = VECTOR('',#3249,1.);
#3249 = DIRECTION('',(0.,0.,1.));
#3250 = ORIENTED_EDGE('',*,*,#3251,.F.);
#3251 = EDGE_CURVE('',#3252,#3244,#3254,.T.);
#3252 = VERTEX_POINT('',#3253);
#3253 = CARTESIAN_POINT('',(-22.,30.,10.5));
#3254 = LINE('',#3255,#3256);
#3255 = CARTESIAN_POINT('',(-22.,30.,10.5));
#3256 = VECTOR('',#3257,1.);
#3257 = DIRECTION('',(0.,-1.,0.));
#3258 = ORIENTED_EDGE('',*,*,#3259,.F.);
#3259 = EDGE_CURVE('',#3260,#3252,#3262,.T.);
#3260 = VERTEX_POINT('',#3261);
#3261 = CARTESIAN_POINT('',(-22.,30.,3.67));
#3262 = LINE('',#3263,#3264);
#3263 = CARTESIAN_POINT('',(-22.,30.,2.));
#3264 = VECTOR('',#3265,1.);
#3265 = DIRECTION('',(0.,0.,1.));
#3266 = ORIENTED_EDGE('',*,*,#3267,.F.);
#3267 = EDGE_CURVE('',#3191,#3260,#3268,.T.);
#3268 = CIRCLE('',#3269,1.67);
#3269 = AXIS2_PLACEMENT_3D('',#3270,#3271,#3272);
#3270 = CARTESIAN_POINT('',(-22.,31.67,3.67));
#3271 = DIRECTION('',(-1.,0.,0.));
#3272 = DIRECTION('',(0.,0.,-1.));
#3273 = PLANE('',#3274);
#3274 = AXIS2_PLACEMENT_3D('',#3275,#3276,#3277);
#3275 = CARTESIAN_POINT('',(-22.,38.,2.));
#3276 = DIRECTION('',(1.,0.,0.));
#3277 = DIRECTION('',(0.,-1.,0.));
#3278 = ADVANCED_FACE('',(#3279),#3328,.F.);
#3279 = FACE_BOUND('',#3280,.F.);
#3280 = EDGE_LOOP('',(#3281,#3291,#3299,#3305,#3306,#3314,#3322));
#3281 = ORIENTED_EDGE('',*,*,#3282,.T.);
#3282 = EDGE_CURVE('',#3283,#3285,#3287,.T.);
#3283 = VERTEX_POINT('',#3284);
#3284 = CARTESIAN_POINT('',(-15.75,-28.3,7.));
#3285 = VERTEX_POINT('',#3286);
#3286 = CARTESIAN_POINT('',(-15.75,-25.42,7.));
#3287 = LINE('',#3288,#3289);
#3288 = CARTESIAN_POINT('',(-15.75,-28.3,7.));
#3289 = VECTOR('',#3290,1.);
#3290 = DIRECTION('',(0.,1.,0.));
#3291 = ORIENTED_EDGE('',*,*,#3292,.F.);
#3292 = EDGE_CURVE('',#3293,#3285,#3295,.T.);
#3293 = VERTEX_POINT('',#3294);
#3294 = CARTESIAN_POINT('',(-15.75,-25.42,3.67));
#3295 = LINE('',#3296,#3297);
#3296 = CARTESIAN_POINT('',(-15.75,-25.42,2.));
#3297 = VECTOR('',#3298,1.);
#3298 = DIRECTION('',(0.,0.,1.));
#3299 = ORIENTED_EDGE('',*,*,#3300,.F.);
#3300 = EDGE_CURVE('',#2984,#3293,#3301,.T.);
#3301 = LINE('',#3302,#3303);
#3302 = CARTESIAN_POINT('',(-15.75,-30.,3.67));
#3303 = VECTOR('',#3304,1.);
#3304 = DIRECTION('',(0.,1.,0.));
#3305 = ORIENTED_EDGE('',*,*,#2983,.T.);
#3306 = ORIENTED_EDGE('',*,*,#3307,.T.);
#3307 = EDGE_CURVE('',#2986,#3308,#3310,.T.);
#3308 = VERTEX_POINT('',#3309);
#3309 = CARTESIAN_POINT('',(-15.75,-29.6,10.5));
#3310 = LINE('',#3311,#3312);
#3311 = CARTESIAN_POINT('',(-15.75,-30.,10.5));
#3312 = VECTOR('',#3313,1.);
#3313 = DIRECTION('',(0.,1.,0.));
#3314 = ORIENTED_EDGE('',*,*,#3315,.T.);
#3315 = EDGE_CURVE('',#3308,#3316,#3318,.T.);
#3316 = VERTEX_POINT('',#3317);
#3317 = CARTESIAN_POINT('',(-15.75,-28.3,8.6));
#3318 = LINE('',#3319,#3320);
#3319 = CARTESIAN_POINT('',(-15.75,-27.35811320754,7.223396226415));
#3320 = VECTOR('',#3321,1.);
#3321 = DIRECTION('',(0.,0.564683915592,-0.82530726125));
#3322 = ORIENTED_EDGE('',*,*,#3323,.T.);
#3323 = EDGE_CURVE('',#3316,#3283,#3324,.T.);
#3324 = LINE('',#3325,#3326);
#3325 = CARTESIAN_POINT('',(-15.75,-28.3,10.5));
#3326 = VECTOR('',#3327,1.);
#3327 = DIRECTION('',(-0.,-0.,-1.));
#3328 = PLANE('',#3329);
#3329 = AXIS2_PLACEMENT_3D('',#3330,#3331,#3332);
#3330 = CARTESIAN_POINT('',(-15.75,-30.,2.));
#3331 = DIRECTION('',(-1.,0.,0.));
#3332 = DIRECTION('',(0.,1.,0.));
#3333 = ADVANCED_FACE('',(#3334),#3353,.F.);
#3334 = FACE_BOUND('',#3335,.F.);
#3335 = EDGE_LOOP('',(#3336,#3337,#3338,#3347));
#3336 = ORIENTED_EDGE('',*,*,#3049,.T.);
#3337 = ORIENTED_EDGE('',*,*,#3300,.T.);
#3338 = ORIENTED_EDGE('',*,*,#3339,.F.);
#3339 = EDGE_CURVE('',#3340,#3293,#3342,.T.);
#3340 = VERTEX_POINT('',#3341);
#3341 = CARTESIAN_POINT('',(-14.08,-25.42,2.));
#3342 = CIRCLE('',#3343,1.67);
#3343 = AXIS2_PLACEMENT_3D('',#3344,#3345,#3346);
#3344 = CARTESIAN_POINT('',(-14.08,-25.42,3.67));
#3345 = DIRECTION('',(-0.,1.,0.));
#3346 = DIRECTION('',(1.,0.,0.));
#3347 = ORIENTED_EDGE('',*,*,#3348,.F.);
#3348 = EDGE_CURVE('',#3042,#3340,#3349,.T.);
#3349 = LINE('',#3350,#3351);
#3350 = CARTESIAN_POINT('',(-14.08,-30.,2.));
#3351 = VECTOR('',#3352,1.);
#3352 = DIRECTION('',(0.,1.,0.));
#3353 = CYLINDRICAL_SURFACE('',#3354,1.67);
#3354 = AXIS2_PLACEMENT_3D('',#3355,#3356,#3357);
#3355 = CARTESIAN_POINT('',(-14.08,-30.,3.67));
#3356 = DIRECTION('',(0.,1.,0.));
#3357 = DIRECTION('',(0.,0.,-1.));
#3358 = ADVANCED_FACE('',(#3359),#3386,.T.);
#3359 = FACE_BOUND('',#3360,.T.);
#3360 = EDGE_LOOP('',(#3361,#3362,#3370,#3378,#3384,#3385));
#3361 = ORIENTED_EDGE('',*,*,#3307,.T.);
#3362 = ORIENTED_EDGE('',*,*,#3363,.F.);
#3363 = EDGE_CURVE('',#3364,#3308,#3366,.T.);
#3364 = VERTEX_POINT('',#3365);
#3365 = CARTESIAN_POINT('',(-21.6,-29.6,10.5));
#3366 = LINE('',#3367,#3368);
#3367 = CARTESIAN_POINT('',(-20.3,-29.6,10.5));
#3368 = VECTOR('',#3369,1.);
#3369 = DIRECTION('',(1.,0.,0.));
#3370 = ORIENTED_EDGE('',*,*,#3371,.F.);
#3371 = EDGE_CURVE('',#3372,#3364,#3374,.T.);
#3372 = VERTEX_POINT('',#3373);
#3373 = CARTESIAN_POINT('',(-21.6,-23.75,10.5));
#3374 = LINE('',#3375,#3376);
#3375 = CARTESIAN_POINT('',(-21.6,-23.75,10.5));
#3376 = VECTOR('',#3377,1.);
#3377 = DIRECTION('',(0.,-1.,0.));
#3378 = ORIENTED_EDGE('',*,*,#3379,.T.);
#3379 = EDGE_CURVE('',#3372,#3202,#3380,.T.);
#3380 = LINE('',#3381,#3382);
#3381 = CARTESIAN_POINT('',(-15.75,-23.75,10.5));
#3382 = VECTOR('',#3383,1.);
#3383 = DIRECTION('',(-1.,0.,0.));
#3384 = ORIENTED_EDGE('',*,*,#3201,.T.);
#3385 = ORIENTED_EDGE('',*,*,#2993,.T.);
#3386 = PLANE('',#3387);
#3387 = AXIS2_PLACEMENT_3D('',#3388,#3389,#3390);
#3388 = CARTESIAN_POINT('',(-1.291810344828,-1.9125,10.5));
#3389 = DIRECTION('',(0.,0.,1.));
#3390 = DIRECTION('',(1.,0.,0.));
#3391 = ADVANCED_FACE('',(#3392,#3501),#3512,.T.);
#3392 = FACE_BOUND('',#3393,.T.);
#3393 = EDGE_LOOP('',(#3394,#3395,#3403,#3412,#3418,#3419,#3427,#3436,
    #3444,#3450,#3451,#3452,#3453,#3461,#3469,#3478,#3484,#3485,#3493,
    #3500));
#3394 = ORIENTED_EDGE('',*,*,#3041,.T.);
#3395 = ORIENTED_EDGE('',*,*,#3396,.F.);
#3396 = EDGE_CURVE('',#3397,#3033,#3399,.T.);
#3397 = VERTEX_POINT('',#3398);
#3398 = CARTESIAN_POINT('',(14.08,-25.42,2.));
#3399 = LINE('',#3400,#3401);
#3400 = CARTESIAN_POINT('',(14.08,-23.75,2.));
#3401 = VECTOR('',#3402,1.);
#3402 = DIRECTION('',(0.,-1.,0.));
#3403 = ORIENTED_EDGE('',*,*,#3404,.T.);
#3404 = EDGE_CURVE('',#3397,#3405,#3407,.T.);
#3405 = VERTEX_POINT('',#3406);
#3406 = CARTESIAN_POINT('',(17.42,-22.08,2.));
#3407 = CIRCLE('',#3408,3.34);
#3408 = AXIS2_PLACEMENT_3D('',#3409,#3410,#3411);
#3409 = CARTESIAN_POINT('',(17.42,-25.42,2.));
#3410 = DIRECTION('',(0.,0.,-1.));
#3411 = DIRECTION('',(-1.,0.,0.));
#3412 = ORIENTED_EDGE('',*,*,#3413,.F.);
#3413 = EDGE_CURVE('',#3144,#3405,#3414,.T.);
#3414 = LINE('',#3415,#3416);
#3415 = CARTESIAN_POINT('',(22.,-22.08,2.));
#3416 = VECTOR('',#3417,1.);
#3417 = DIRECTION('',(-1.,0.,0.));
#3418 = ORIENTED_EDGE('',*,*,#3143,.T.);
#3419 = ORIENTED_EDGE('',*,*,#3420,.F.);
#3420 = EDGE_CURVE('',#3421,#3135,#3423,.T.);
#3421 = VERTEX_POINT('',#3422);
#3422 = CARTESIAN_POINT('',(19.22,23.88,2.));
#3423 = LINE('',#3424,#3425);
#3424 = CARTESIAN_POINT('',(17.55,23.88,2.));
#3425 = VECTOR('',#3426,1.);
#3426 = DIRECTION('',(1.,0.,0.));
#3427 = ORIENTED_EDGE('',*,*,#3428,.F.);
#3428 = EDGE_CURVE('',#3429,#3421,#3431,.T.);
#3429 = VERTEX_POINT('',#3430);
#3430 = CARTESIAN_POINT('',(15.88,27.22,2.));
#3431 = CIRCLE('',#3432,3.34);
#3432 = AXIS2_PLACEMENT_3D('',#3433,#3434,#3435);
#3433 = CARTESIAN_POINT('',(19.22,27.22,2.));
#3434 = DIRECTION('',(0.,0.,1.));
#3435 = DIRECTION('',(-1.,0.,0.));
#3436 = ORIENTED_EDGE('',*,*,#3437,.F.);
#3437 = EDGE_CURVE('',#3438,#3429,#3440,.T.);
#3438 = VERTEX_POINT('',#3439);
#3439 = CARTESIAN_POINT('',(15.88,31.67,2.));
#3440 = LINE('',#3441,#3442);
#3441 = CARTESIAN_POINT('',(15.88,30.,2.));
#3442 = VECTOR('',#3443,1.);
#3443 = DIRECTION('',(0.,-1.,0.));
#3444 = ORIENTED_EDGE('',*,*,#3445,.F.);
#3445 = EDGE_CURVE('',#3094,#3438,#3446,.T.);
#3446 = LINE('',#3447,#3448);
#3447 = CARTESIAN_POINT('',(22.,31.67,2.));
#3448 = VECTOR('',#3449,1.);
#3449 = DIRECTION('',(-1.,0.,0.));
#3450 = ORIENTED_EDGE('',*,*,#3093,.T.);
#3451 = ORIENTED_EDGE('',*,*,#3176,.T.);
#3452 = ORIENTED_EDGE('',*,*,#3190,.T.);
#3453 = ORIENTED_EDGE('',*,*,#3454,.F.);
#3454 = EDGE_CURVE('',#3455,#3191,#3457,.T.);
#3455 = VERTEX_POINT('',#3456);
#3456 = CARTESIAN_POINT('',(-14.08,31.67,2.));
#3457 = LINE('',#3458,#3459);
#3458 = CARTESIAN_POINT('',(-15.75,31.67,2.));
#3459 = VECTOR('',#3460,1.);
#3460 = DIRECTION('',(-1.,0.,0.));
#3461 = ORIENTED_EDGE('',*,*,#3462,.F.);
#3462 = EDGE_CURVE('',#3463,#3455,#3465,.T.);
#3463 = VERTEX_POINT('',#3464);
#3464 = CARTESIAN_POINT('',(-14.08,25.42,2.));
#3465 = LINE('',#3466,#3467);
#3466 = CARTESIAN_POINT('',(-14.08,23.75,2.));
#3467 = VECTOR('',#3468,1.);
#3468 = DIRECTION('',(0.,1.,0.));
#3469 = ORIENTED_EDGE('',*,*,#3470,.T.);
#3470 = EDGE_CURVE('',#3463,#3471,#3473,.T.);
#3471 = VERTEX_POINT('',#3472);
#3472 = CARTESIAN_POINT('',(-17.42,22.08,2.));
#3473 = CIRCLE('',#3474,3.34);
#3474 = AXIS2_PLACEMENT_3D('',#3475,#3476,#3477);
#3475 = CARTESIAN_POINT('',(-17.42,25.42,2.));
#3476 = DIRECTION('',(0.,0.,-1.));
#3477 = DIRECTION('',(1.,0.,0.));
#3478 = ORIENTED_EDGE('',*,*,#3479,.F.);
#3479 = EDGE_CURVE('',#3227,#3471,#3480,.T.);
#3480 = LINE('',#3481,#3482);
#3481 = CARTESIAN_POINT('',(-22.,22.08,2.));
#3482 = VECTOR('',#3483,1.);
#3483 = DIRECTION('',(1.,0.,0.));
#3484 = ORIENTED_EDGE('',*,*,#3226,.T.);
#3485 = ORIENTED_EDGE('',*,*,#3486,.F.);
#3486 = EDGE_CURVE('',#3487,#3218,#3489,.T.);
#3487 = VERTEX_POINT('',#3488);
#3488 = CARTESIAN_POINT('',(-17.42,-22.08,2.));
#3489 = LINE('',#3490,#3491);
#3490 = CARTESIAN_POINT('',(-15.75,-22.08,2.));
#3491 = VECTOR('',#3492,1.);
#3492 = DIRECTION('',(-1.,0.,0.));
#3493 = ORIENTED_EDGE('',*,*,#3494,.F.);
#3494 = EDGE_CURVE('',#3340,#3487,#3495,.T.);
#3495 = CIRCLE('',#3496,3.34);
#3496 = AXIS2_PLACEMENT_3D('',#3497,#3498,#3499);
#3497 = CARTESIAN_POINT('',(-17.42,-25.42,2.));
#3498 = DIRECTION('',(0.,0.,1.));
#3499 = DIRECTION('',(1.,0.,0.));
#3500 = ORIENTED_EDGE('',*,*,#3348,.F.);
#3501 = FACE_BOUND('',#3502,.T.);
#3502 = EDGE_LOOP('',(#3503));
#3503 = ORIENTED_EDGE('',*,*,#3504,.F.);
#3504 = EDGE_CURVE('',#3505,#3505,#3507,.T.);
#3505 = VERTEX_POINT('',#3506);
#3506 = CARTESIAN_POINT('',(21.995,13.825,2.));
#3507 = CIRCLE('',#3508,3.67);
#3508 = AXIS2_PLACEMENT_3D('',#3509,#3510,#3511);
#3509 = CARTESIAN_POINT('',(18.325,13.825,2.));
#3510 = DIRECTION('',(0.,0.,1.));
#3511 = DIRECTION('',(1.,0.,0.));
#3512 = PLANE('',#3513);
#3513 = AXIS2_PLACEMENT_3D('',#3514,#3515,#3516);
#3514 = CARTESIAN_POINT('',(0.,4.,2.));
#3515 = DIRECTION('',(0.,0.,1.));
#3516 = DIRECTION('',(1.,0.,0.));
#3517 = ADVANCED_FACE('',(#3518),#3537,.F.);
#3518 = FACE_BOUND('',#3519,.T.);
#3519 = EDGE_LOOP('',(#3520,#3529,#3530,#3531));
#3520 = ORIENTED_EDGE('',*,*,#3521,.F.);
#3521 = EDGE_CURVE('',#3397,#3522,#3524,.T.);
#3522 = VERTEX_POINT('',#3523);
#3523 = CARTESIAN_POINT('',(15.75,-25.42,3.67));
#3524 = CIRCLE('',#3525,1.67);
#3525 = AXIS2_PLACEMENT_3D('',#3526,#3527,#3528);
#3526 = CARTESIAN_POINT('',(14.08,-25.42,3.67));
#3527 = DIRECTION('',(0.,-1.,0.));
#3528 = DIRECTION('',(-1.,0.,0.));
#3529 = ORIENTED_EDGE('',*,*,#3396,.T.);
#3530 = ORIENTED_EDGE('',*,*,#3032,.F.);
#3531 = ORIENTED_EDGE('',*,*,#3532,.F.);
#3532 = EDGE_CURVE('',#3522,#3025,#3533,.T.);
#3533 = LINE('',#3534,#3535);
#3534 = CARTESIAN_POINT('',(15.75,-23.75,3.67));
#3535 = VECTOR('',#3536,1.);
#3536 = DIRECTION('',(0.,-1.,0.));
#3537 = CYLINDRICAL_SURFACE('',#3538,1.67);
#3538 = AXIS2_PLACEMENT_3D('',#3539,#3540,#3541);
#3539 = CARTESIAN_POINT('',(14.08,-23.75,3.67));
#3540 = DIRECTION('',(0.,-1.,0.));
#3541 = DIRECTION('',(1.,0.,0.));
#3542 = ADVANCED_FACE('',(#3543),#3585,.F.);
#3543 = FACE_BOUND('',#3544,.F.);
#3544 = EDGE_LOOP('',(#3545,#3546,#3547,#3555,#3563,#3571,#3579));
#3545 = ORIENTED_EDGE('',*,*,#3024,.F.);
#3546 = ORIENTED_EDGE('',*,*,#3532,.F.);
#3547 = ORIENTED_EDGE('',*,*,#3548,.T.);
#3548 = EDGE_CURVE('',#3522,#3549,#3551,.T.);
#3549 = VERTEX_POINT('',#3550);
#3550 = CARTESIAN_POINT('',(15.75,-25.42,7.));
#3551 = LINE('',#3552,#3553);
#3552 = CARTESIAN_POINT('',(15.75,-25.42,2.));
#3553 = VECTOR('',#3554,1.);
#3554 = DIRECTION('',(0.,0.,1.));
#3555 = ORIENTED_EDGE('',*,*,#3556,.T.);
#3556 = EDGE_CURVE('',#3549,#3557,#3559,.T.);
#3557 = VERTEX_POINT('',#3558);
#3558 = CARTESIAN_POINT('',(15.75,-28.3,7.));
#3559 = LINE('',#3560,#3561);
#3560 = CARTESIAN_POINT('',(15.75,-23.75,7.));
#3561 = VECTOR('',#3562,1.);
#3562 = DIRECTION('',(0.,-1.,0.));
#3563 = ORIENTED_EDGE('',*,*,#3564,.F.);
#3564 = EDGE_CURVE('',#3565,#3557,#3567,.T.);
#3565 = VERTEX_POINT('',#3566);
#3566 = CARTESIAN_POINT('',(15.75,-28.3,8.6));
#3567 = LINE('',#3568,#3569);
#3568 = CARTESIAN_POINT('',(15.75,-28.3,10.5));
#3569 = VECTOR('',#3570,1.);
#3570 = DIRECTION('',(-0.,-0.,-1.));
#3571 = ORIENTED_EDGE('',*,*,#3572,.F.);
#3572 = EDGE_CURVE('',#3573,#3565,#3575,.T.);
#3573 = VERTEX_POINT('',#3574);
#3574 = CARTESIAN_POINT('',(15.75,-29.6,10.5));
#3575 = LINE('',#3576,#3577);
#3576 = CARTESIAN_POINT('',(15.75,-26.36165094339,5.767028301887));
#3577 = VECTOR('',#3578,1.);
#3578 = DIRECTION('',(0.,0.564683915592,-0.82530726125));
#3579 = ORIENTED_EDGE('',*,*,#3580,.T.);
#3580 = EDGE_CURVE('',#3573,#3017,#3581,.T.);
#3581 = LINE('',#3582,#3583);
#3582 = CARTESIAN_POINT('',(15.75,-23.75,10.5));
#3583 = VECTOR('',#3584,1.);
#3584 = DIRECTION('',(0.,-1.,0.));
#3585 = PLANE('',#3586);
#3586 = AXIS2_PLACEMENT_3D('',#3587,#3588,#3589);
#3587 = CARTESIAN_POINT('',(15.75,-23.75,2.));
#3588 = DIRECTION('',(1.,0.,0.));
#3589 = DIRECTION('',(0.,-1.,0.));
#3590 = ADVANCED_FACE('',(#3591),#3618,.T.);
#3591 = FACE_BOUND('',#3592,.T.);
#3592 = EDGE_LOOP('',(#3593,#3594,#3595,#3596,#3604,#3612));
#3593 = ORIENTED_EDGE('',*,*,#3580,.T.);
#3594 = ORIENTED_EDGE('',*,*,#3016,.T.);
#3595 = ORIENTED_EDGE('',*,*,#3077,.T.);
#3596 = ORIENTED_EDGE('',*,*,#3597,.T.);
#3597 = EDGE_CURVE('',#3070,#3598,#3600,.T.);
#3598 = VERTEX_POINT('',#3599);
#3599 = CARTESIAN_POINT('',(21.6,-23.75,10.5));
#3600 = LINE('',#3601,#3602);
#3601 = CARTESIAN_POINT('',(22.,-23.75,10.5));
#3602 = VECTOR('',#3603,1.);
#3603 = DIRECTION('',(-1.,0.,0.));
#3604 = ORIENTED_EDGE('',*,*,#3605,.F.);
#3605 = EDGE_CURVE('',#3606,#3598,#3608,.T.);
#3606 = VERTEX_POINT('',#3607);
#3607 = CARTESIAN_POINT('',(21.6,-29.6,10.5));
#3608 = LINE('',#3609,#3610);
#3609 = CARTESIAN_POINT('',(21.6,-28.3,10.5));
#3610 = VECTOR('',#3611,1.);
#3611 = DIRECTION('',(0.,1.,0.));
#3612 = ORIENTED_EDGE('',*,*,#3613,.F.);
#3613 = EDGE_CURVE('',#3573,#3606,#3614,.T.);
#3614 = LINE('',#3615,#3616);
#3615 = CARTESIAN_POINT('',(15.75,-29.6,10.5));
#3616 = VECTOR('',#3617,1.);
#3617 = DIRECTION('',(1.,0.,0.));
#3618 = PLANE('',#3619);
#3619 = AXIS2_PLACEMENT_3D('',#3620,#3621,#3622);
#3620 = CARTESIAN_POINT('',(-1.291810344828,-1.9125,10.5));
#3621 = DIRECTION('',(0.,0.,1.));
#3622 = DIRECTION('',(1.,0.,0.));
#3623 = ADVANCED_FACE('',(#3624),#3666,.F.);
#3624 = FACE_BOUND('',#3625,.F.);
#3625 = EDGE_LOOP('',(#3626,#3636,#3644,#3650,#3651,#3652,#3660));
#3626 = ORIENTED_EDGE('',*,*,#3627,.T.);
#3627 = EDGE_CURVE('',#3628,#3630,#3632,.T.);
#3628 = VERTEX_POINT('',#3629);
#3629 = CARTESIAN_POINT('',(20.3,-23.75,7.));
#3630 = VERTEX_POINT('',#3631);
#3631 = CARTESIAN_POINT('',(17.42,-23.75,7.));
#3632 = LINE('',#3633,#3634);
#3633 = CARTESIAN_POINT('',(20.3,-23.75,7.));
#3634 = VECTOR('',#3635,1.);
#3635 = DIRECTION('',(-1.,0.,0.));
#3636 = ORIENTED_EDGE('',*,*,#3637,.F.);
#3637 = EDGE_CURVE('',#3638,#3630,#3640,.T.);
#3638 = VERTEX_POINT('',#3639);
#3639 = CARTESIAN_POINT('',(17.42,-23.75,3.67));
#3640 = LINE('',#3641,#3642);
#3641 = CARTESIAN_POINT('',(17.42,-23.75,2.));
#3642 = VECTOR('',#3643,1.);
#3643 = DIRECTION('',(0.,0.,1.));
#3644 = ORIENTED_EDGE('',*,*,#3645,.F.);
#3645 = EDGE_CURVE('',#3068,#3638,#3646,.T.);
#3646 = LINE('',#3647,#3648);
#3647 = CARTESIAN_POINT('',(22.,-23.75,3.67));
#3648 = VECTOR('',#3649,1.);
#3649 = DIRECTION('',(-1.,0.,0.));
#3650 = ORIENTED_EDGE('',*,*,#3067,.T.);
#3651 = ORIENTED_EDGE('',*,*,#3597,.T.);
#3652 = ORIENTED_EDGE('',*,*,#3653,.T.);
#3653 = EDGE_CURVE('',#3598,#3654,#3656,.T.);
#3654 = VERTEX_POINT('',#3655);
#3655 = CARTESIAN_POINT('',(20.3,-23.75,8.6));
#3656 = LINE('',#3657,#3658);
#3657 = CARTESIAN_POINT('',(19.358113207547,-23.75,7.223396226415));
#3658 = VECTOR('',#3659,1.);
#3659 = DIRECTION('',(-0.564683915592,-0.,-0.82530726125));
#3660 = ORIENTED_EDGE('',*,*,#3661,.T.);
#3661 = EDGE_CURVE('',#3654,#3628,#3662,.T.);
#3662 = LINE('',#3663,#3664);
#3663 = CARTESIAN_POINT('',(20.3,-23.75,10.5));
#3664 = VECTOR('',#3665,1.);
#3665 = DIRECTION('',(-0.,-0.,-1.));
#3666 = PLANE('',#3667);
#3667 = AXIS2_PLACEMENT_3D('',#3668,#3669,#3670);
#3668 = CARTESIAN_POINT('',(22.,-23.75,2.));
#3669 = DIRECTION('',(0.,-1.,0.));
#3670 = DIRECTION('',(-1.,0.,0.));
#3671 = ADVANCED_FACE('',(#3672),#3684,.F.);
#3672 = FACE_BOUND('',#3673,.T.);
#3673 = EDGE_LOOP('',(#3674,#3675,#3676,#3683));
#3674 = ORIENTED_EDGE('',*,*,#3151,.T.);
#3675 = ORIENTED_EDGE('',*,*,#3413,.T.);
#3676 = ORIENTED_EDGE('',*,*,#3677,.T.);
#3677 = EDGE_CURVE('',#3405,#3638,#3678,.T.);
#3678 = CIRCLE('',#3679,1.67);
#3679 = AXIS2_PLACEMENT_3D('',#3680,#3681,#3682);
#3680 = CARTESIAN_POINT('',(17.42,-22.08,3.67));
#3681 = DIRECTION('',(-1.,-6.E-17,-0.));
#3682 = DIRECTION('',(-6.E-17,1.,0.));
#3683 = ORIENTED_EDGE('',*,*,#3645,.F.);
#3684 = CYLINDRICAL_SURFACE('',#3685,1.67);
#3685 = AXIS2_PLACEMENT_3D('',#3686,#3687,#3688);
#3686 = CARTESIAN_POINT('',(22.,-22.08,3.67));
#3687 = DIRECTION('',(-1.,0.,0.));
#3688 = DIRECTION('',(0.,-1.,0.));
#3689 = ADVANCED_FACE('',(#3690),#3709,.F.);
#3690 = FACE_BOUND('',#3691,.F.);
#3691 = EDGE_LOOP('',(#3692,#3701,#3707,#3708));
#3692 = ORIENTED_EDGE('',*,*,#3693,.T.);
#3693 = EDGE_CURVE('',#3421,#3694,#3696,.T.);
#3694 = VERTEX_POINT('',#3695);
#3695 = CARTESIAN_POINT('',(19.22,25.55,3.67));
#3696 = CIRCLE('',#3697,1.67);
#3697 = AXIS2_PLACEMENT_3D('',#3698,#3699,#3700);
#3698 = CARTESIAN_POINT('',(19.22,23.88,3.67));
#3699 = DIRECTION('',(1.,-6.E-17,0.));
#3700 = DIRECTION('',(-6.E-17,-1.,0.));
#3701 = ORIENTED_EDGE('',*,*,#3702,.T.);
#3702 = EDGE_CURVE('',#3694,#3127,#3703,.T.);
#3703 = LINE('',#3704,#3705);
#3704 = CARTESIAN_POINT('',(17.55,25.55,3.67));
#3705 = VECTOR('',#3706,1.);
#3706 = DIRECTION('',(1.,0.,0.));
#3707 = ORIENTED_EDGE('',*,*,#3134,.F.);
#3708 = ORIENTED_EDGE('',*,*,#3420,.F.);
#3709 = CYLINDRICAL_SURFACE('',#3710,1.67);
#3710 = AXIS2_PLACEMENT_3D('',#3711,#3712,#3713);
#3711 = CARTESIAN_POINT('',(17.55,23.88,3.67));
#3712 = DIRECTION('',(1.,0.,0.));
#3713 = DIRECTION('',(0.,0.,-1.));
#3714 = ADVANCED_FACE('',(#3715),#3757,.F.);
#3715 = FACE_BOUND('',#3716,.F.);
#3716 = EDGE_LOOP('',(#3717,#3718,#3719,#3727,#3735,#3743,#3751));
#3717 = ORIENTED_EDGE('',*,*,#3126,.F.);
#3718 = ORIENTED_EDGE('',*,*,#3702,.F.);
#3719 = ORIENTED_EDGE('',*,*,#3720,.T.);
#3720 = EDGE_CURVE('',#3694,#3721,#3723,.T.);
#3721 = VERTEX_POINT('',#3722);
#3722 = CARTESIAN_POINT('',(19.22,25.55,7.));
#3723 = LINE('',#3724,#3725);
#3724 = CARTESIAN_POINT('',(19.22,25.55,2.));
#3725 = VECTOR('',#3726,1.);
#3726 = DIRECTION('',(0.,0.,1.));
#3727 = ORIENTED_EDGE('',*,*,#3728,.T.);
#3728 = EDGE_CURVE('',#3721,#3729,#3731,.T.);
#3729 = VERTEX_POINT('',#3730);
#3730 = CARTESIAN_POINT('',(20.3,25.55,7.));
#3731 = LINE('',#3732,#3733);
#3732 = CARTESIAN_POINT('',(8.775,25.55,7.));
#3733 = VECTOR('',#3734,1.);
#3734 = DIRECTION('',(1.,0.,0.));
#3735 = ORIENTED_EDGE('',*,*,#3736,.F.);
#3736 = EDGE_CURVE('',#3737,#3729,#3739,.T.);
#3737 = VERTEX_POINT('',#3738);
#3738 = CARTESIAN_POINT('',(20.3,25.55,8.6));
#3739 = LINE('',#3740,#3741);
#3740 = CARTESIAN_POINT('',(20.3,25.55,6.25));
#3741 = VECTOR('',#3742,1.);
#3742 = DIRECTION('',(0.,0.,-1.));
#3743 = ORIENTED_EDGE('',*,*,#3744,.F.);
#3744 = EDGE_CURVE('',#3745,#3737,#3747,.T.);
#3745 = VERTEX_POINT('',#3746);
#3746 = CARTESIAN_POINT('',(21.6,25.55,10.5));
#3747 = LINE('',#3748,#3749);
#3748 = CARTESIAN_POINT('',(18.648632075472,25.55,6.186462264151));
#3749 = VECTOR('',#3750,1.);
#3750 = DIRECTION('',(-0.564683915592,0.,-0.82530726125));
#3751 = ORIENTED_EDGE('',*,*,#3752,.T.);
#3752 = EDGE_CURVE('',#3745,#3119,#3753,.T.);
#3753 = LINE('',#3754,#3755);
#3754 = CARTESIAN_POINT('',(17.55,25.55,10.5));
#3755 = VECTOR('',#3756,1.);
#3756 = DIRECTION('',(1.,0.,0.));
#3757 = PLANE('',#3758);
#3758 = AXIS2_PLACEMENT_3D('',#3759,#3760,#3761);
#3759 = CARTESIAN_POINT('',(17.55,25.55,2.));
#3760 = DIRECTION('',(0.,1.,0.));
#3761 = DIRECTION('',(1.,0.,0.));
#3762 = ADVANCED_FACE('',(#3763),#3797,.T.);
#3763 = FACE_BOUND('',#3764,.T.);
#3764 = EDGE_LOOP('',(#3765,#3775,#3783,#3789,#3790,#3791));
#3765 = ORIENTED_EDGE('',*,*,#3766,.T.);
#3766 = EDGE_CURVE('',#3767,#3769,#3771,.T.);
#3767 = VERTEX_POINT('',#3768);
#3768 = CARTESIAN_POINT('',(17.55,30.,10.5));
#3769 = VERTEX_POINT('',#3770);
#3770 = CARTESIAN_POINT('',(17.55,29.6,10.5));
#3771 = LINE('',#3772,#3773);
#3772 = CARTESIAN_POINT('',(17.55,30.,10.5));
#3773 = VECTOR('',#3774,1.);
#3774 = DIRECTION('',(0.,-1.,0.));
#3775 = ORIENTED_EDGE('',*,*,#3776,.F.);
#3776 = EDGE_CURVE('',#3777,#3769,#3779,.T.);
#3777 = VERTEX_POINT('',#3778);
#3778 = CARTESIAN_POINT('',(21.6,29.6,10.5));
#3779 = LINE('',#3780,#3781);
#3780 = CARTESIAN_POINT('',(20.3,29.6,10.5));
#3781 = VECTOR('',#3782,1.);
#3782 = DIRECTION('',(-1.,0.,0.));
#3783 = ORIENTED_EDGE('',*,*,#3784,.F.);
#3784 = EDGE_CURVE('',#3745,#3777,#3785,.T.);
#3785 = LINE('',#3786,#3787);
#3786 = CARTESIAN_POINT('',(21.6,25.55,10.5));
#3787 = VECTOR('',#3788,1.);
#3788 = DIRECTION('',(0.,1.,0.));
#3789 = ORIENTED_EDGE('',*,*,#3752,.T.);
#3790 = ORIENTED_EDGE('',*,*,#3118,.T.);
#3791 = ORIENTED_EDGE('',*,*,#3792,.T.);
#3792 = EDGE_CURVE('',#3111,#3767,#3793,.T.);
#3793 = LINE('',#3794,#3795);
#3794 = CARTESIAN_POINT('',(22.,30.,10.5));
#3795 = VECTOR('',#3796,1.);
#3796 = DIRECTION('',(-1.,0.,0.));
#3797 = PLANE('',#3798);
#3798 = AXIS2_PLACEMENT_3D('',#3799,#3800,#3801);
#3799 = CARTESIAN_POINT('',(-1.291810344828,-1.9125,10.5));
#3800 = DIRECTION('',(0.,0.,1.));
#3801 = DIRECTION('',(1.,0.,0.));
#3802 = ADVANCED_FACE('',(#3803),#3821,.F.);
#3803 = FACE_BOUND('',#3804,.F.);
#3804 = EDGE_LOOP('',(#3805,#3806,#3807,#3815));
#3805 = ORIENTED_EDGE('',*,*,#3110,.T.);
#3806 = ORIENTED_EDGE('',*,*,#3792,.T.);
#3807 = ORIENTED_EDGE('',*,*,#3808,.F.);
#3808 = EDGE_CURVE('',#3809,#3767,#3811,.T.);
#3809 = VERTEX_POINT('',#3810);
#3810 = CARTESIAN_POINT('',(17.55,30.,3.67));
#3811 = LINE('',#3812,#3813);
#3812 = CARTESIAN_POINT('',(17.55,30.,2.));
#3813 = VECTOR('',#3814,1.);
#3814 = DIRECTION('',(0.,0.,1.));
#3815 = ORIENTED_EDGE('',*,*,#3816,.F.);
#3816 = EDGE_CURVE('',#3102,#3809,#3817,.T.);
#3817 = LINE('',#3818,#3819);
#3818 = CARTESIAN_POINT('',(22.,30.,3.67));
#3819 = VECTOR('',#3820,1.);
#3820 = DIRECTION('',(-1.,0.,0.));
#3821 = PLANE('',#3822);
#3822 = AXIS2_PLACEMENT_3D('',#3823,#3824,#3825);
#3823 = CARTESIAN_POINT('',(22.,30.,2.));
#3824 = DIRECTION('',(0.,-1.,0.));
#3825 = DIRECTION('',(-1.,0.,0.));
#3826 = ADVANCED_FACE('',(#3827),#3839,.F.);
#3827 = FACE_BOUND('',#3828,.F.);
#3828 = EDGE_LOOP('',(#3829,#3830,#3831,#3838));
#3829 = ORIENTED_EDGE('',*,*,#3101,.T.);
#3830 = ORIENTED_EDGE('',*,*,#3816,.T.);
#3831 = ORIENTED_EDGE('',*,*,#3832,.F.);
#3832 = EDGE_CURVE('',#3438,#3809,#3833,.T.);
#3833 = ELLIPSE('',#3834,2.361736649163,1.67);
#3834 = AXIS2_PLACEMENT_3D('',#3835,#3836,#3837);
#3835 = CARTESIAN_POINT('',(15.88,31.67,3.67));
#3836 = DIRECTION('',(-0.707106781187,-0.707106781187,0.));
#3837 = DIRECTION('',(0.707106781187,-0.707106781187,0.));
#3838 = ORIENTED_EDGE('',*,*,#3445,.F.);
#3839 = CYLINDRICAL_SURFACE('',#3840,1.67);
#3840 = AXIS2_PLACEMENT_3D('',#3841,#3842,#3843);
#3841 = CARTESIAN_POINT('',(22.,31.67,3.67));
#3842 = DIRECTION('',(-1.,0.,0.));
#3843 = DIRECTION('',(0.,0.,-1.));
#3844 = ADVANCED_FACE('',(#3845),#3864,.F.);
#3845 = FACE_BOUND('',#3846,.F.);
#3846 = EDGE_LOOP('',(#3847,#3856,#3862,#3863));
#3847 = ORIENTED_EDGE('',*,*,#3848,.T.);
#3848 = EDGE_CURVE('',#3455,#3849,#3851,.T.);
#3849 = VERTEX_POINT('',#3850);
#3850 = CARTESIAN_POINT('',(-15.75,30.,3.67));
#3851 = ELLIPSE('',#3852,2.361736649163,1.67);
#3852 = AXIS2_PLACEMENT_3D('',#3853,#3854,#3855);
#3853 = CARTESIAN_POINT('',(-14.08,31.67,3.67));
#3854 = DIRECTION('',(-0.707106781187,0.707106781187,0.));
#3855 = DIRECTION('',(0.707106781187,0.707106781187,0.));
#3856 = ORIENTED_EDGE('',*,*,#3857,.T.);
#3857 = EDGE_CURVE('',#3849,#3260,#3858,.T.);
#3858 = LINE('',#3859,#3860);
#3859 = CARTESIAN_POINT('',(-15.75,30.,3.67));
#3860 = VECTOR('',#3861,1.);
#3861 = DIRECTION('',(-1.,0.,0.));
#3862 = ORIENTED_EDGE('',*,*,#3267,.F.);
#3863 = ORIENTED_EDGE('',*,*,#3454,.F.);
#3864 = CYLINDRICAL_SURFACE('',#3865,1.67);
#3865 = AXIS2_PLACEMENT_3D('',#3866,#3867,#3868);
#3866 = CARTESIAN_POINT('',(-15.75,31.67,3.67));
#3867 = DIRECTION('',(-1.,0.,0.));
#3868 = DIRECTION('',(0.,0.,-1.));
#3869 = ADVANCED_FACE('',(#3870),#3888,.F.);
#3870 = FACE_BOUND('',#3871,.F.);
#3871 = EDGE_LOOP('',(#3872,#3880,#3886,#3887));
#3872 = ORIENTED_EDGE('',*,*,#3873,.T.);
#3873 = EDGE_CURVE('',#3849,#3874,#3876,.T.);
#3874 = VERTEX_POINT('',#3875);
#3875 = CARTESIAN_POINT('',(-15.75,30.,10.5));
#3876 = LINE('',#3877,#3878);
#3877 = CARTESIAN_POINT('',(-15.75,30.,2.));
#3878 = VECTOR('',#3879,1.);
#3879 = DIRECTION('',(0.,0.,1.));
#3880 = ORIENTED_EDGE('',*,*,#3881,.T.);
#3881 = EDGE_CURVE('',#3874,#3252,#3882,.T.);
#3882 = LINE('',#3883,#3884);
#3883 = CARTESIAN_POINT('',(-15.75,30.,10.5));
#3884 = VECTOR('',#3885,1.);
#3885 = DIRECTION('',(-1.,0.,0.));
#3886 = ORIENTED_EDGE('',*,*,#3259,.F.);
#3887 = ORIENTED_EDGE('',*,*,#3857,.F.);
#3888 = PLANE('',#3889);
#3889 = AXIS2_PLACEMENT_3D('',#3890,#3891,#3892);
#3890 = CARTESIAN_POINT('',(-15.75,30.,2.));
#3891 = DIRECTION('',(0.,-1.,0.));
#3892 = DIRECTION('',(-1.,0.,0.));
#3893 = ADVANCED_FACE('',(#3894),#3928,.T.);
#3894 = FACE_BOUND('',#3895,.T.);
#3895 = EDGE_LOOP('',(#3896,#3904,#3912,#3920,#3926,#3927));
#3896 = ORIENTED_EDGE('',*,*,#3897,.T.);
#3897 = EDGE_CURVE('',#3244,#3898,#3900,.T.);
#3898 = VERTEX_POINT('',#3899);
#3899 = CARTESIAN_POINT('',(-21.6,23.75,10.5));
#3900 = LINE('',#3901,#3902);
#3901 = CARTESIAN_POINT('',(-22.,23.75,10.5));
#3902 = VECTOR('',#3903,1.);
#3903 = DIRECTION('',(1.,0.,0.));
#3904 = ORIENTED_EDGE('',*,*,#3905,.F.);
#3905 = EDGE_CURVE('',#3906,#3898,#3908,.T.);
#3906 = VERTEX_POINT('',#3907);
#3907 = CARTESIAN_POINT('',(-21.6,29.6,10.5));
#3908 = LINE('',#3909,#3910);
#3909 = CARTESIAN_POINT('',(-21.6,28.3,10.5));
#3910 = VECTOR('',#3911,1.);
#3911 = DIRECTION('',(0.,-1.,0.));
#3912 = ORIENTED_EDGE('',*,*,#3913,.F.);
#3913 = EDGE_CURVE('',#3914,#3906,#3916,.T.);
#3914 = VERTEX_POINT('',#3915);
#3915 = CARTESIAN_POINT('',(-15.75,29.6,10.5));
#3916 = LINE('',#3917,#3918);
#3917 = CARTESIAN_POINT('',(-15.75,29.6,10.5));
#3918 = VECTOR('',#3919,1.);
#3919 = DIRECTION('',(-1.,0.,0.));
#3920 = ORIENTED_EDGE('',*,*,#3921,.T.);
#3921 = EDGE_CURVE('',#3914,#3874,#3922,.T.);
#3922 = LINE('',#3923,#3924);
#3923 = CARTESIAN_POINT('',(-15.75,23.75,10.5));
#3924 = VECTOR('',#3925,1.);
#3925 = DIRECTION('',(0.,1.,0.));
#3926 = ORIENTED_EDGE('',*,*,#3881,.T.);
#3927 = ORIENTED_EDGE('',*,*,#3251,.T.);
#3928 = PLANE('',#3929);
#3929 = AXIS2_PLACEMENT_3D('',#3930,#3931,#3932);
#3930 = CARTESIAN_POINT('',(-1.291810344828,-1.9125,10.5));
#3931 = DIRECTION('',(0.,0.,1.));
#3932 = DIRECTION('',(1.,0.,0.));
#3933 = ADVANCED_FACE('',(#3934),#3976,.F.);
#3934 = FACE_BOUND('',#3935,.F.);
#3935 = EDGE_LOOP('',(#3936,#3946,#3954,#3960,#3961,#3962,#3970));
#3936 = ORIENTED_EDGE('',*,*,#3937,.T.);
#3937 = EDGE_CURVE('',#3938,#3940,#3942,.T.);
#3938 = VERTEX_POINT('',#3939);
#3939 = CARTESIAN_POINT('',(-20.3,23.75,7.));
#3940 = VERTEX_POINT('',#3941);
#3941 = CARTESIAN_POINT('',(-17.42,23.75,7.));
#3942 = LINE('',#3943,#3944);
#3943 = CARTESIAN_POINT('',(-20.3,23.75,7.));
#3944 = VECTOR('',#3945,1.);
#3945 = DIRECTION('',(1.,0.,0.));
#3946 = ORIENTED_EDGE('',*,*,#3947,.F.);
#3947 = EDGE_CURVE('',#3948,#3940,#3950,.T.);
#3948 = VERTEX_POINT('',#3949);
#3949 = CARTESIAN_POINT('',(-17.42,23.75,3.67));
#3950 = LINE('',#3951,#3952);
#3951 = CARTESIAN_POINT('',(-17.42,23.75,2.));
#3952 = VECTOR('',#3953,1.);
#3953 = DIRECTION('',(0.,0.,1.));
#3954 = ORIENTED_EDGE('',*,*,#3955,.F.);
#3955 = EDGE_CURVE('',#3235,#3948,#3956,.T.);
#3956 = LINE('',#3957,#3958);
#3957 = CARTESIAN_POINT('',(-22.,23.75,3.67));
#3958 = VECTOR('',#3959,1.);
#3959 = DIRECTION('',(1.,0.,0.));
#3960 = ORIENTED_EDGE('',*,*,#3243,.T.);
#3961 = ORIENTED_EDGE('',*,*,#3897,.T.);
#3962 = ORIENTED_EDGE('',*,*,#3963,.T.);
#3963 = EDGE_CURVE('',#3898,#3964,#3966,.T.);
#3964 = VERTEX_POINT('',#3965);
#3965 = CARTESIAN_POINT('',(-20.3,23.75,8.6));
#3966 = LINE('',#3967,#3968);
#3967 = CARTESIAN_POINT('',(-19.35811320754,23.75,7.223396226415));
#3968 = VECTOR('',#3969,1.);
#3969 = DIRECTION('',(0.564683915592,0.,-0.82530726125));
#3970 = ORIENTED_EDGE('',*,*,#3971,.T.);
#3971 = EDGE_CURVE('',#3964,#3938,#3972,.T.);
#3972 = LINE('',#3973,#3974);
#3973 = CARTESIAN_POINT('',(-20.3,23.75,10.5));
#3974 = VECTOR('',#3975,1.);
#3975 = DIRECTION('',(-0.,-0.,-1.));
#3976 = PLANE('',#3977);
#3977 = AXIS2_PLACEMENT_3D('',#3978,#3979,#3980);
#3978 = CARTESIAN_POINT('',(-22.,23.75,2.));
#3979 = DIRECTION('',(0.,1.,0.));
#3980 = DIRECTION('',(1.,0.,0.));
#3981 = ADVANCED_FACE('',(#3982),#3994,.F.);
#3982 = FACE_BOUND('',#3983,.F.);
#3983 = EDGE_LOOP('',(#3984,#3985,#3986,#3993));
#3984 = ORIENTED_EDGE('',*,*,#3234,.T.);
#3985 = ORIENTED_EDGE('',*,*,#3955,.T.);
#3986 = ORIENTED_EDGE('',*,*,#3987,.F.);
#3987 = EDGE_CURVE('',#3471,#3948,#3988,.T.);
#3988 = CIRCLE('',#3989,1.67);
#3989 = AXIS2_PLACEMENT_3D('',#3990,#3991,#3992);
#3990 = CARTESIAN_POINT('',(-17.42,22.08,3.67));
#3991 = DIRECTION('',(1.,6.E-17,0.));
#3992 = DIRECTION('',(6.E-17,-1.,0.));
#3993 = ORIENTED_EDGE('',*,*,#3479,.F.);
#3994 = CYLINDRICAL_SURFACE('',#3995,1.67);
#3995 = AXIS2_PLACEMENT_3D('',#3996,#3997,#3998);
#3996 = CARTESIAN_POINT('',(-22.,22.08,3.67));
#3997 = DIRECTION('',(1.,0.,0.));
#3998 = DIRECTION('',(0.,0.,-1.));
#3999 = ADVANCED_FACE('',(#4000),#4042,.F.);
#4000 = FACE_BOUND('',#4001,.F.);
#4001 = EDGE_LOOP('',(#4002,#4003,#4011,#4019,#4027,#4035,#4041));
#4002 = ORIENTED_EDGE('',*,*,#3209,.F.);
#4003 = ORIENTED_EDGE('',*,*,#4004,.F.);
#4004 = EDGE_CURVE('',#4005,#3210,#4007,.T.);
#4005 = VERTEX_POINT('',#4006);
#4006 = CARTESIAN_POINT('',(-17.42,-23.75,3.67));
#4007 = LINE('',#4008,#4009);
#4008 = CARTESIAN_POINT('',(-15.75,-23.75,3.67));
#4009 = VECTOR('',#4010,1.);
#4010 = DIRECTION('',(-1.,0.,0.));
#4011 = ORIENTED_EDGE('',*,*,#4012,.T.);
#4012 = EDGE_CURVE('',#4005,#4013,#4015,.T.);
#4013 = VERTEX_POINT('',#4014);
#4014 = CARTESIAN_POINT('',(-17.42,-23.75,7.));
#4015 = LINE('',#4016,#4017);
#4016 = CARTESIAN_POINT('',(-17.42,-23.75,2.));
#4017 = VECTOR('',#4018,1.);
#4018 = DIRECTION('',(0.,0.,1.));
#4019 = ORIENTED_EDGE('',*,*,#4020,.T.);
#4020 = EDGE_CURVE('',#4013,#4021,#4023,.T.);
#4021 = VERTEX_POINT('',#4022);
#4022 = CARTESIAN_POINT('',(-20.3,-23.75,7.));
#4023 = LINE('',#4024,#4025);
#4024 = CARTESIAN_POINT('',(-15.75,-23.75,7.));
#4025 = VECTOR('',#4026,1.);
#4026 = DIRECTION('',(-1.,0.,0.));
#4027 = ORIENTED_EDGE('',*,*,#4028,.F.);
#4028 = EDGE_CURVE('',#4029,#4021,#4031,.T.);
#4029 = VERTEX_POINT('',#4030);
#4030 = CARTESIAN_POINT('',(-20.3,-23.75,8.6));
#4031 = LINE('',#4032,#4033);
#4032 = CARTESIAN_POINT('',(-20.3,-23.75,10.5));
#4033 = VECTOR('',#4034,1.);
#4034 = DIRECTION('',(-0.,-0.,-1.));
#4035 = ORIENTED_EDGE('',*,*,#4036,.F.);
#4036 = EDGE_CURVE('',#3372,#4029,#4037,.T.);
#4037 = LINE('',#4038,#4039);
#4038 = CARTESIAN_POINT('',(-18.36165094339,-23.75,5.767028301887));
#4039 = VECTOR('',#4040,1.);
#4040 = DIRECTION('',(0.564683915592,0.,-0.82530726125));
#4041 = ORIENTED_EDGE('',*,*,#3379,.T.);
#4042 = PLANE('',#4043);
#4043 = AXIS2_PLACEMENT_3D('',#4044,#4045,#4046);
#4044 = CARTESIAN_POINT('',(-15.75,-23.75,2.));
#4045 = DIRECTION('',(0.,-1.,0.));
#4046 = DIRECTION('',(-1.,0.,0.));
#4047 = ADVANCED_FACE('',(#4048),#4060,.F.);
#4048 = FACE_BOUND('',#4049,.F.);
#4049 = EDGE_LOOP('',(#4050,#4057,#4058,#4059));
#4050 = ORIENTED_EDGE('',*,*,#4051,.T.);
#4051 = EDGE_CURVE('',#3487,#4005,#4052,.T.);
#4052 = CIRCLE('',#4053,1.67);
#4053 = AXIS2_PLACEMENT_3D('',#4054,#4055,#4056);
#4054 = CARTESIAN_POINT('',(-17.42,-22.08,3.67));
#4055 = DIRECTION('',(-1.,6.E-17,0.));
#4056 = DIRECTION('',(6.E-17,1.,0.));
#4057 = ORIENTED_EDGE('',*,*,#4004,.T.);
#4058 = ORIENTED_EDGE('',*,*,#3217,.F.);
#4059 = ORIENTED_EDGE('',*,*,#3486,.F.);
#4060 = CYLINDRICAL_SURFACE('',#4061,1.67);
#4061 = AXIS2_PLACEMENT_3D('',#4062,#4063,#4064);
#4062 = CARTESIAN_POINT('',(-15.75,-22.08,3.67));
#4063 = DIRECTION('',(-1.,0.,0.));
#4064 = DIRECTION('',(0.,0.,-1.));
#4065 = ADVANCED_FACE('',(#4066,#4091),#4102,.T.);
#4066 = FACE_BOUND('',#4067,.T.);
#4067 = EDGE_LOOP('',(#4068,#4069,#4077,#4083,#4084));
#4068 = ORIENTED_EDGE('',*,*,#4020,.T.);
#4069 = ORIENTED_EDGE('',*,*,#4070,.T.);
#4070 = EDGE_CURVE('',#4021,#4071,#4073,.T.);
#4071 = VERTEX_POINT('',#4072);
#4072 = CARTESIAN_POINT('',(-20.3,-28.3,7.));
#4073 = LINE('',#4074,#4075);
#4074 = CARTESIAN_POINT('',(-20.3,-23.75,7.));
#4075 = VECTOR('',#4076,1.);
#4076 = DIRECTION('',(0.,-1.,0.));
#4077 = ORIENTED_EDGE('',*,*,#4078,.T.);
#4078 = EDGE_CURVE('',#4071,#3283,#4079,.T.);
#4079 = LINE('',#4080,#4081);
#4080 = CARTESIAN_POINT('',(-20.3,-28.3,7.));
#4081 = VECTOR('',#4082,1.);
#4082 = DIRECTION('',(1.,0.,0.));
#4083 = ORIENTED_EDGE('',*,*,#3282,.T.);
#4084 = ORIENTED_EDGE('',*,*,#4085,.T.);
#4085 = EDGE_CURVE('',#3285,#4013,#4086,.T.);
#4086 = CIRCLE('',#4087,1.67);
#4087 = AXIS2_PLACEMENT_3D('',#4088,#4089,#4090);
#4088 = CARTESIAN_POINT('',(-17.42,-25.42,7.));
#4089 = DIRECTION('',(-0.,0.,1.));
#4090 = DIRECTION('',(0.,-1.,0.));
#4091 = FACE_BOUND('',#4092,.T.);
#4092 = EDGE_LOOP('',(#4093));
#4093 = ORIENTED_EDGE('',*,*,#4094,.F.);
#4094 = EDGE_CURVE('',#4095,#4095,#4097,.T.);
#4095 = VERTEX_POINT('',#4096);
#4096 = CARTESIAN_POINT('',(-17.425,-26.325,7.));
#4097 = CIRCLE('',#4098,0.9);
#4098 = AXIS2_PLACEMENT_3D('',#4099,#4100,#4101);
#4099 = CARTESIAN_POINT('',(-18.325,-26.325,7.));
#4100 = DIRECTION('',(0.,0.,1.));
#4101 = DIRECTION('',(1.,0.,0.));
#4102 = PLANE('',#4103);
#4103 = AXIS2_PLACEMENT_3D('',#4104,#4105,#4106);
#4104 = CARTESIAN_POINT('',(9.76E-15,2.93E-15,7.));
#4105 = DIRECTION('',(0.,0.,1.));
#4106 = DIRECTION('',(1.,0.,0.));
#4107 = ADVANCED_FACE('',(#4108),#4120,.T.);
#4108 = FACE_BOUND('',#4109,.T.);
#4109 = EDGE_LOOP('',(#4110,#4111,#4118,#4119));
#4110 = ORIENTED_EDGE('',*,*,#3292,.F.);
#4111 = ORIENTED_EDGE('',*,*,#4112,.T.);
#4112 = EDGE_CURVE('',#3293,#4005,#4113,.T.);
#4113 = CIRCLE('',#4114,1.67);
#4114 = AXIS2_PLACEMENT_3D('',#4115,#4116,#4117);
#4115 = CARTESIAN_POINT('',(-17.42,-25.42,3.67));
#4116 = DIRECTION('',(0.,0.,1.));
#4117 = DIRECTION('',(1.,0.,0.));
#4118 = ORIENTED_EDGE('',*,*,#4012,.T.);
#4119 = ORIENTED_EDGE('',*,*,#4085,.F.);
#4120 = CYLINDRICAL_SURFACE('',#4121,1.67);
#4121 = AXIS2_PLACEMENT_3D('',#4122,#4123,#4124);
#4122 = CARTESIAN_POINT('',(-17.42,-25.42,2.));
#4123 = DIRECTION('',(0.,0.,1.));
#4124 = DIRECTION('',(1.,0.,0.));
#4125 = ADVANCED_FACE('',(#4126),#4144,.F.);
#4126 = FACE_BOUND('',#4127,.F.);
#4127 = EDGE_LOOP('',(#4128,#4136,#4137,#4138));
#4128 = ORIENTED_EDGE('',*,*,#4129,.T.);
#4129 = EDGE_CURVE('',#4130,#4071,#4132,.T.);
#4130 = VERTEX_POINT('',#4131);
#4131 = CARTESIAN_POINT('',(-20.3,-28.3,8.6));
#4132 = LINE('',#4133,#4134);
#4133 = CARTESIAN_POINT('',(-20.3,-28.3,10.5));
#4134 = VECTOR('',#4135,1.);
#4135 = DIRECTION('',(-0.,-0.,-1.));
#4136 = ORIENTED_EDGE('',*,*,#4078,.T.);
#4137 = ORIENTED_EDGE('',*,*,#3323,.F.);
#4138 = ORIENTED_EDGE('',*,*,#4139,.F.);
#4139 = EDGE_CURVE('',#4130,#3316,#4140,.T.);
#4140 = LINE('',#4141,#4142);
#4141 = CARTESIAN_POINT('',(-20.3,-28.3,8.6));
#4142 = VECTOR('',#4143,1.);
#4143 = DIRECTION('',(1.,0.,0.));
#4144 = PLANE('',#4145);
#4145 = AXIS2_PLACEMENT_3D('',#4146,#4147,#4148);
#4146 = CARTESIAN_POINT('',(-20.3,-28.3,10.5));
#4147 = DIRECTION('',(0.,-1.,0.));
#4148 = DIRECTION('',(1.,0.,0.));
#4149 = ADVANCED_FACE('',(#4150),#4161,.F.);
#4150 = FACE_BOUND('',#4151,.T.);
#4151 = EDGE_LOOP('',(#4152,#4158,#4159,#4160));
#4152 = ORIENTED_EDGE('',*,*,#4153,.F.);
#4153 = EDGE_CURVE('',#3364,#4130,#4154,.T.);
#4154 = LINE('',#4155,#4156);
#4155 = CARTESIAN_POINT('',(-20.24281115879,-28.24281115879,
    8.516416309013));
#4156 = VECTOR('',#4157,1.);
#4157 = DIRECTION('',(0.491705158407,0.491705158407,-0.718646000749));
#4158 = ORIENTED_EDGE('',*,*,#3363,.T.);
#4159 = ORIENTED_EDGE('',*,*,#3315,.T.);
#4160 = ORIENTED_EDGE('',*,*,#4139,.F.);
#4161 = PLANE('',#4162);
#4162 = AXIS2_PLACEMENT_3D('',#4163,#4164,#4165);
#4163 = CARTESIAN_POINT('',(-20.3,-28.95,9.55));
#4164 = DIRECTION('',(1.E-17,-0.82530726125,-0.564683915592));
#4165 = DIRECTION('',(-1.,-6.781374499291E-18,-7.797782552146E-18));
#4166 = ADVANCED_FACE('',(#4167),#4173,.F.);
#4167 = FACE_BOUND('',#4168,.T.);
#4168 = EDGE_LOOP('',(#4169,#4170,#4171,#4172));
#4169 = ORIENTED_EDGE('',*,*,#3339,.F.);
#4170 = ORIENTED_EDGE('',*,*,#3494,.T.);
#4171 = ORIENTED_EDGE('',*,*,#4051,.T.);
#4172 = ORIENTED_EDGE('',*,*,#4112,.F.);
#4173 = TOROIDAL_SURFACE('',#4174,3.34,1.67);
#4174 = AXIS2_PLACEMENT_3D('',#4175,#4176,#4177);
#4175 = CARTESIAN_POINT('',(-17.42,-25.42,3.67));
#4176 = DIRECTION('',(-0.,-0.,-1.));
#4177 = DIRECTION('',(1.,0.,0.));
#4178 = ADVANCED_FACE('',(#4179),#4190,.F.);
#4179 = FACE_BOUND('',#4180,.T.);
#4180 = EDGE_LOOP('',(#4181,#4182,#4183,#4184));
#4181 = ORIENTED_EDGE('',*,*,#4036,.F.);
#4182 = ORIENTED_EDGE('',*,*,#3371,.T.);
#4183 = ORIENTED_EDGE('',*,*,#4153,.T.);
#4184 = ORIENTED_EDGE('',*,*,#4185,.F.);
#4185 = EDGE_CURVE('',#4029,#4130,#4186,.T.);
#4186 = LINE('',#4187,#4188);
#4187 = CARTESIAN_POINT('',(-20.3,-23.75,8.6));
#4188 = VECTOR('',#4189,1.);
#4189 = DIRECTION('',(0.,-1.,0.));
#4190 = PLANE('',#4191);
#4191 = AXIS2_PLACEMENT_3D('',#4192,#4193,#4194);
#4192 = CARTESIAN_POINT('',(-20.95,-23.75,9.55));
#4193 = DIRECTION('',(-0.82530726125,-1.E-17,-0.564683915592));
#4194 = DIRECTION('',(-6.781374499291E-18,1.,-7.797782552146E-18));
#4195 = ADVANCED_FACE('',(#4196),#4208,.F.);
#4196 = FACE_BOUND('',#4197,.F.);
#4197 = EDGE_LOOP('',(#4198,#4199,#4200,#4201));
#4198 = ORIENTED_EDGE('',*,*,#3521,.F.);
#4199 = ORIENTED_EDGE('',*,*,#3404,.T.);
#4200 = ORIENTED_EDGE('',*,*,#3677,.T.);
#4201 = ORIENTED_EDGE('',*,*,#4202,.F.);
#4202 = EDGE_CURVE('',#3522,#3638,#4203,.T.);
#4203 = CIRCLE('',#4204,1.67);
#4204 = AXIS2_PLACEMENT_3D('',#4205,#4206,#4207);
#4205 = CARTESIAN_POINT('',(17.42,-25.42,3.67));
#4206 = DIRECTION('',(0.,0.,-1.));
#4207 = DIRECTION('',(-1.,0.,0.));
#4208 = TOROIDAL_SURFACE('',#4209,3.34,1.67);
#4209 = AXIS2_PLACEMENT_3D('',#4210,#4211,#4212);
#4210 = CARTESIAN_POINT('',(17.42,-25.42,3.67));
#4211 = DIRECTION('',(-0.,-0.,-1.));
#4212 = DIRECTION('',(-1.,0.,0.));
#4213 = ADVANCED_FACE('',(#4214),#4234,.F.);
#4214 = FACE_BOUND('',#4215,.F.);
#4215 = EDGE_LOOP('',(#4216,#4225,#4226,#4227));
#4216 = ORIENTED_EDGE('',*,*,#4217,.F.);
#4217 = EDGE_CURVE('',#3463,#4218,#4220,.T.);
#4218 = VERTEX_POINT('',#4219);
#4219 = CARTESIAN_POINT('',(-15.75,25.42,3.67));
#4220 = CIRCLE('',#4221,1.67);
#4221 = AXIS2_PLACEMENT_3D('',#4222,#4223,#4224);
#4222 = CARTESIAN_POINT('',(-14.08,25.42,3.67));
#4223 = DIRECTION('',(-0.,1.,0.));
#4224 = DIRECTION('',(1.,0.,0.));
#4225 = ORIENTED_EDGE('',*,*,#3470,.T.);
#4226 = ORIENTED_EDGE('',*,*,#3987,.T.);
#4227 = ORIENTED_EDGE('',*,*,#4228,.F.);
#4228 = EDGE_CURVE('',#4218,#3948,#4229,.T.);
#4229 = CIRCLE('',#4230,1.67);
#4230 = AXIS2_PLACEMENT_3D('',#4231,#4232,#4233);
#4231 = CARTESIAN_POINT('',(-17.42,25.42,3.67));
#4232 = DIRECTION('',(0.,0.,-1.));
#4233 = DIRECTION('',(1.,0.,0.));
#4234 = TOROIDAL_SURFACE('',#4235,3.34,1.67);
#4235 = AXIS2_PLACEMENT_3D('',#4236,#4237,#4238);
#4236 = CARTESIAN_POINT('',(-17.42,25.42,3.67));
#4237 = DIRECTION('',(-0.,-0.,-1.));
#4238 = DIRECTION('',(1.,0.,0.));
#4239 = ADVANCED_FACE('',(#4240),#4260,.F.);
#4240 = FACE_BOUND('',#4241,.T.);
#4241 = EDGE_LOOP('',(#4242,#4251,#4252,#4253));
#4242 = ORIENTED_EDGE('',*,*,#4243,.F.);
#4243 = EDGE_CURVE('',#3429,#4244,#4246,.T.);
#4244 = VERTEX_POINT('',#4245);
#4245 = CARTESIAN_POINT('',(17.55,27.22,3.67));
#4246 = CIRCLE('',#4247,1.67);
#4247 = AXIS2_PLACEMENT_3D('',#4248,#4249,#4250);
#4248 = CARTESIAN_POINT('',(15.88,27.22,3.67));
#4249 = DIRECTION('',(0.,-1.,0.));
#4250 = DIRECTION('',(-1.,0.,0.));
#4251 = ORIENTED_EDGE('',*,*,#3428,.T.);
#4252 = ORIENTED_EDGE('',*,*,#3693,.T.);
#4253 = ORIENTED_EDGE('',*,*,#4254,.F.);
#4254 = EDGE_CURVE('',#4244,#3694,#4255,.T.);
#4255 = CIRCLE('',#4256,1.67);
#4256 = AXIS2_PLACEMENT_3D('',#4257,#4258,#4259);
#4257 = CARTESIAN_POINT('',(19.22,27.22,3.67));
#4258 = DIRECTION('',(0.,0.,1.));
#4259 = DIRECTION('',(-1.,0.,0.));
#4260 = TOROIDAL_SURFACE('',#4261,3.34,1.67);
#4261 = AXIS2_PLACEMENT_3D('',#4262,#4263,#4264);
#4262 = CARTESIAN_POINT('',(19.22,27.22,3.67));
#4263 = DIRECTION('',(-0.,-0.,-1.));
#4264 = DIRECTION('',(-1.,0.,0.));
#4265 = ADVANCED_FACE('',(#4266),#4277,.F.);
#4266 = FACE_BOUND('',#4267,.F.);
#4267 = EDGE_LOOP('',(#4268,#4269,#4275,#4276));
#4268 = ORIENTED_EDGE('',*,*,#4217,.T.);
#4269 = ORIENTED_EDGE('',*,*,#4270,.T.);
#4270 = EDGE_CURVE('',#4218,#3849,#4271,.T.);
#4271 = LINE('',#4272,#4273);
#4272 = CARTESIAN_POINT('',(-15.75,23.75,3.67));
#4273 = VECTOR('',#4274,1.);
#4274 = DIRECTION('',(0.,1.,0.));
#4275 = ORIENTED_EDGE('',*,*,#3848,.F.);
#4276 = ORIENTED_EDGE('',*,*,#3462,.F.);
#4277 = CYLINDRICAL_SURFACE('',#4278,1.67);
#4278 = AXIS2_PLACEMENT_3D('',#4279,#4280,#4281);
#4279 = CARTESIAN_POINT('',(-14.08,23.75,3.67));
#4280 = DIRECTION('',(0.,1.,0.));
#4281 = DIRECTION('',(0.,0.,-1.));
#4282 = ADVANCED_FACE('',(#4283),#4294,.F.);
#4283 = FACE_BOUND('',#4284,.F.);
#4284 = EDGE_LOOP('',(#4285,#4286,#4292,#4293));
#4285 = ORIENTED_EDGE('',*,*,#3832,.T.);
#4286 = ORIENTED_EDGE('',*,*,#4287,.T.);
#4287 = EDGE_CURVE('',#3809,#4244,#4288,.T.);
#4288 = LINE('',#4289,#4290);
#4289 = CARTESIAN_POINT('',(17.55,30.,3.67));
#4290 = VECTOR('',#4291,1.);
#4291 = DIRECTION('',(0.,-1.,0.));
#4292 = ORIENTED_EDGE('',*,*,#4243,.F.);
#4293 = ORIENTED_EDGE('',*,*,#3437,.F.);
#4294 = CYLINDRICAL_SURFACE('',#4295,1.67);
#4295 = AXIS2_PLACEMENT_3D('',#4296,#4297,#4298);
#4296 = CARTESIAN_POINT('',(15.88,30.,3.67));
#4297 = DIRECTION('',(0.,-1.,0.));
#4298 = DIRECTION('',(-0.,-0.,-1.));
#4299 = ADVANCED_FACE('',(#4300),#4320,.F.);
#4300 = FACE_BOUND('',#4301,.T.);
#4301 = EDGE_LOOP('',(#4302,#4311,#4312,#4313));
#4302 = ORIENTED_EDGE('',*,*,#4303,.F.);
#4303 = EDGE_CURVE('',#3505,#4304,#4306,.T.);
#4304 = VERTEX_POINT('',#4305);
#4305 = CARTESIAN_POINT('',(20.325,13.825,3.67));
#4306 = CIRCLE('',#4307,1.67);
#4307 = AXIS2_PLACEMENT_3D('',#4308,#4309,#4310);
#4308 = CARTESIAN_POINT('',(21.995,13.825,3.67));
#4309 = DIRECTION('',(-0.,1.,0.));
#4310 = DIRECTION('',(1.,0.,0.));
#4311 = ORIENTED_EDGE('',*,*,#3504,.F.);
#4312 = ORIENTED_EDGE('',*,*,#4303,.T.);
#4313 = ORIENTED_EDGE('',*,*,#4314,.T.);
#4314 = EDGE_CURVE('',#4304,#4304,#4315,.T.);
#4315 = CIRCLE('',#4316,2.);
#4316 = AXIS2_PLACEMENT_3D('',#4317,#4318,#4319);
#4317 = CARTESIAN_POINT('',(18.325,13.825,3.67));
#4318 = DIRECTION('',(0.,0.,1.));
#4319 = DIRECTION('',(1.,0.,0.));
#4320 = TOROIDAL_SURFACE('',#4321,3.67,1.67);
#4321 = AXIS2_PLACEMENT_3D('',#4322,#4323,#4324);
#4322 = CARTESIAN_POINT('',(18.325,13.825,3.67));
#4323 = DIRECTION('',(-0.,-0.,-1.));
#4324 = DIRECTION('',(1.,0.,0.));
#4325 = ADVANCED_FACE('',(#4326),#4338,.T.);
#4326 = FACE_BOUND('',#4327,.F.);
#4327 = EDGE_LOOP('',(#4328,#4329,#4330,#4331));
#4328 = ORIENTED_EDGE('',*,*,#3548,.F.);
#4329 = ORIENTED_EDGE('',*,*,#4202,.T.);
#4330 = ORIENTED_EDGE('',*,*,#3637,.T.);
#4331 = ORIENTED_EDGE('',*,*,#4332,.F.);
#4332 = EDGE_CURVE('',#3549,#3630,#4333,.T.);
#4333 = CIRCLE('',#4334,1.67);
#4334 = AXIS2_PLACEMENT_3D('',#4335,#4336,#4337);
#4335 = CARTESIAN_POINT('',(17.42,-25.42,7.));
#4336 = DIRECTION('',(-0.,-0.,-1.));
#4337 = DIRECTION('',(0.,-1.,0.));
#4338 = CYLINDRICAL_SURFACE('',#4339,1.67);
#4339 = AXIS2_PLACEMENT_3D('',#4340,#4341,#4342);
#4340 = CARTESIAN_POINT('',(17.42,-25.42,2.));
#4341 = DIRECTION('',(0.,0.,1.));
#4342 = DIRECTION('',(-1.,0.,0.));
#4343 = ADVANCED_FACE('',(#4344),#4362,.F.);
#4344 = FACE_BOUND('',#4345,.T.);
#4345 = EDGE_LOOP('',(#4346,#4347,#4348,#4356));
#4346 = ORIENTED_EDGE('',*,*,#3572,.F.);
#4347 = ORIENTED_EDGE('',*,*,#3613,.T.);
#4348 = ORIENTED_EDGE('',*,*,#4349,.T.);
#4349 = EDGE_CURVE('',#3606,#4350,#4352,.T.);
#4350 = VERTEX_POINT('',#4351);
#4351 = CARTESIAN_POINT('',(20.3,-28.3,8.6));
#4352 = LINE('',#4353,#4354);
#4353 = CARTESIAN_POINT('',(20.242811158798,-28.24281115879,
    8.516416309013));
#4354 = VECTOR('',#4355,1.);
#4355 = DIRECTION('',(-0.491705158407,0.491705158407,-0.718646000749));
#4356 = ORIENTED_EDGE('',*,*,#4357,.F.);
#4357 = EDGE_CURVE('',#3565,#4350,#4358,.T.);
#4358 = LINE('',#4359,#4360);
#4359 = CARTESIAN_POINT('',(15.75,-28.3,8.6));
#4360 = VECTOR('',#4361,1.);
#4361 = DIRECTION('',(1.,0.,0.));
#4362 = PLANE('',#4363);
#4363 = AXIS2_PLACEMENT_3D('',#4364,#4365,#4366);
#4364 = CARTESIAN_POINT('',(15.75,-28.95,9.55));
#4365 = DIRECTION('',(1.E-17,-0.82530726125,-0.564683915592));
#4366 = DIRECTION('',(-1.,-6.781374499291E-18,-7.797782552146E-18));
#4367 = ADVANCED_FACE('',(#4368,#4387),#4398,.T.);
#4368 = FACE_BOUND('',#4369,.T.);
#4369 = EDGE_LOOP('',(#4370,#4371,#4379,#4385,#4386));
#4370 = ORIENTED_EDGE('',*,*,#3556,.T.);
#4371 = ORIENTED_EDGE('',*,*,#4372,.T.);
#4372 = EDGE_CURVE('',#3557,#4373,#4375,.T.);
#4373 = VERTEX_POINT('',#4374);
#4374 = CARTESIAN_POINT('',(20.3,-28.3,7.));
#4375 = LINE('',#4376,#4377);
#4376 = CARTESIAN_POINT('',(15.75,-28.3,7.));
#4377 = VECTOR('',#4378,1.);
#4378 = DIRECTION('',(1.,0.,0.));
#4379 = ORIENTED_EDGE('',*,*,#4380,.T.);
#4380 = EDGE_CURVE('',#4373,#3628,#4381,.T.);
#4381 = LINE('',#4382,#4383);
#4382 = CARTESIAN_POINT('',(20.3,-28.3,7.));
#4383 = VECTOR('',#4384,1.);
#4384 = DIRECTION('',(0.,1.,0.));
#4385 = ORIENTED_EDGE('',*,*,#3627,.T.);
#4386 = ORIENTED_EDGE('',*,*,#4332,.F.);
#4387 = FACE_BOUND('',#4388,.T.);
#4388 = EDGE_LOOP('',(#4389));
#4389 = ORIENTED_EDGE('',*,*,#4390,.F.);
#4390 = EDGE_CURVE('',#4391,#4391,#4393,.T.);
#4391 = VERTEX_POINT('',#4392);
#4392 = CARTESIAN_POINT('',(19.225,-26.325,7.));
#4393 = CIRCLE('',#4394,0.9);
#4394 = AXIS2_PLACEMENT_3D('',#4395,#4396,#4397);
#4395 = CARTESIAN_POINT('',(18.325,-26.325,7.));
#4396 = DIRECTION('',(0.,0.,1.));
#4397 = DIRECTION('',(1.,0.,0.));
#4398 = PLANE('',#4399);
#4399 = AXIS2_PLACEMENT_3D('',#4400,#4401,#4402);
#4400 = CARTESIAN_POINT('',(9.76E-15,2.93E-15,7.));
#4401 = DIRECTION('',(0.,0.,1.));
#4402 = DIRECTION('',(1.,0.,0.));
#4403 = ADVANCED_FACE('',(#4404),#4415,.F.);
#4404 = FACE_BOUND('',#4405,.F.);
#4405 = EDGE_LOOP('',(#4406,#4407,#4408,#4414));
#4406 = ORIENTED_EDGE('',*,*,#3564,.T.);
#4407 = ORIENTED_EDGE('',*,*,#4372,.T.);
#4408 = ORIENTED_EDGE('',*,*,#4409,.F.);
#4409 = EDGE_CURVE('',#4350,#4373,#4410,.T.);
#4410 = LINE('',#4411,#4412);
#4411 = CARTESIAN_POINT('',(20.3,-28.3,10.5));
#4412 = VECTOR('',#4413,1.);
#4413 = DIRECTION('',(-0.,-0.,-1.));
#4414 = ORIENTED_EDGE('',*,*,#4357,.F.);
#4415 = PLANE('',#4416);
#4416 = AXIS2_PLACEMENT_3D('',#4417,#4418,#4419);
#4417 = CARTESIAN_POINT('',(15.75,-28.3,10.5));
#4418 = DIRECTION('',(0.,-1.,0.));
#4419 = DIRECTION('',(1.,0.,0.));
#4420 = ADVANCED_FACE('',(#4421),#4432,.F.);
#4421 = FACE_BOUND('',#4422,.T.);
#4422 = EDGE_LOOP('',(#4423,#4424,#4425,#4426));
#4423 = ORIENTED_EDGE('',*,*,#4349,.F.);
#4424 = ORIENTED_EDGE('',*,*,#3605,.T.);
#4425 = ORIENTED_EDGE('',*,*,#3653,.T.);
#4426 = ORIENTED_EDGE('',*,*,#4427,.F.);
#4427 = EDGE_CURVE('',#4350,#3654,#4428,.T.);
#4428 = LINE('',#4429,#4430);
#4429 = CARTESIAN_POINT('',(20.3,-28.3,8.6));
#4430 = VECTOR('',#4431,1.);
#4431 = DIRECTION('',(0.,1.,0.));
#4432 = PLANE('',#4433);
#4433 = AXIS2_PLACEMENT_3D('',#4434,#4435,#4436);
#4434 = CARTESIAN_POINT('',(20.95,-28.3,9.55));
#4435 = DIRECTION('',(0.82530726125,1.E-17,-0.564683915592));
#4436 = DIRECTION('',(6.781374499291E-18,-1.,-7.797782552146E-18));
#4437 = ADVANCED_FACE('',(#4438),#4444,.F.);
#4438 = FACE_BOUND('',#4439,.F.);
#4439 = EDGE_LOOP('',(#4440,#4441,#4442,#4443));
#4440 = ORIENTED_EDGE('',*,*,#4409,.T.);
#4441 = ORIENTED_EDGE('',*,*,#4380,.T.);
#4442 = ORIENTED_EDGE('',*,*,#3661,.F.);
#4443 = ORIENTED_EDGE('',*,*,#4427,.F.);
#4444 = PLANE('',#4445);
#4445 = AXIS2_PLACEMENT_3D('',#4446,#4447,#4448);
#4446 = CARTESIAN_POINT('',(20.3,-28.3,10.5));
#4447 = DIRECTION('',(1.,0.,0.));
#4448 = DIRECTION('',(0.,1.,0.));
#4449 = ADVANCED_FACE('',(#4450),#4469,.T.);
#4450 = FACE_BOUND('',#4451,.F.);
#4451 = EDGE_LOOP('',(#4452,#4453,#4454,#4462));
#4452 = ORIENTED_EDGE('',*,*,#3720,.F.);
#4453 = ORIENTED_EDGE('',*,*,#4254,.F.);
#4454 = ORIENTED_EDGE('',*,*,#4455,.T.);
#4455 = EDGE_CURVE('',#4244,#4456,#4458,.T.);
#4456 = VERTEX_POINT('',#4457);
#4457 = CARTESIAN_POINT('',(17.55,27.22,7.));
#4458 = LINE('',#4459,#4460);
#4459 = CARTESIAN_POINT('',(17.55,27.22,2.));
#4460 = VECTOR('',#4461,1.);
#4461 = DIRECTION('',(0.,0.,1.));
#4462 = ORIENTED_EDGE('',*,*,#4463,.F.);
#4463 = EDGE_CURVE('',#3721,#4456,#4464,.T.);
#4464 = CIRCLE('',#4465,1.67);
#4465 = AXIS2_PLACEMENT_3D('',#4466,#4467,#4468);
#4466 = CARTESIAN_POINT('',(19.22,27.22,7.));
#4467 = DIRECTION('',(-0.,-0.,-1.));
#4468 = DIRECTION('',(0.,-1.,0.));
#4469 = CYLINDRICAL_SURFACE('',#4470,1.67);
#4470 = AXIS2_PLACEMENT_3D('',#4471,#4472,#4473);
#4471 = CARTESIAN_POINT('',(19.22,27.22,2.));
#4472 = DIRECTION('',(0.,0.,1.));
#4473 = DIRECTION('',(0.,-1.,0.));
#4474 = ADVANCED_FACE('',(#4475),#4493,.F.);
#4475 = FACE_BOUND('',#4476,.T.);
#4476 = EDGE_LOOP('',(#4477,#4478,#4479,#4487));
#4477 = ORIENTED_EDGE('',*,*,#3744,.F.);
#4478 = ORIENTED_EDGE('',*,*,#3784,.T.);
#4479 = ORIENTED_EDGE('',*,*,#4480,.T.);
#4480 = EDGE_CURVE('',#3777,#4481,#4483,.T.);
#4481 = VERTEX_POINT('',#4482);
#4482 = CARTESIAN_POINT('',(20.3,28.3,8.6));
#4483 = LINE('',#4484,#4485);
#4484 = CARTESIAN_POINT('',(20.460407725322,28.460407725322,
    8.834442060086));
#4485 = VECTOR('',#4486,1.);
#4486 = DIRECTION('',(-0.491705158407,-0.491705158407,-0.718646000749));
#4487 = ORIENTED_EDGE('',*,*,#4488,.F.);
#4488 = EDGE_CURVE('',#3737,#4481,#4489,.T.);
#4489 = LINE('',#4490,#4491);
#4490 = CARTESIAN_POINT('',(20.3,25.55,8.6));
#4491 = VECTOR('',#4492,1.);
#4492 = DIRECTION('',(0.,1.,0.));
#4493 = PLANE('',#4494);
#4494 = AXIS2_PLACEMENT_3D('',#4495,#4496,#4497);
#4495 = CARTESIAN_POINT('',(20.95,25.55,9.55));
#4496 = DIRECTION('',(0.82530726125,1.E-17,-0.564683915592));
#4497 = DIRECTION('',(6.781374499291E-18,-1.,-7.797782552146E-18));
#4498 = ADVANCED_FACE('',(#4499),#4525,.T.);
#4499 = FACE_BOUND('',#4500,.T.);
#4500 = EDGE_LOOP('',(#4501,#4502,#4510,#4518,#4524));
#4501 = ORIENTED_EDGE('',*,*,#3728,.T.);
#4502 = ORIENTED_EDGE('',*,*,#4503,.T.);
#4503 = EDGE_CURVE('',#3729,#4504,#4506,.T.);
#4504 = VERTEX_POINT('',#4505);
#4505 = CARTESIAN_POINT('',(20.3,28.3,7.));
#4506 = LINE('',#4507,#4508);
#4507 = CARTESIAN_POINT('',(20.3,23.75,7.));
#4508 = VECTOR('',#4509,1.);
#4509 = DIRECTION('',(0.,1.,0.));
#4510 = ORIENTED_EDGE('',*,*,#4511,.T.);
#4511 = EDGE_CURVE('',#4504,#4512,#4514,.T.);
#4512 = VERTEX_POINT('',#4513);
#4513 = CARTESIAN_POINT('',(17.55,28.3,7.));
#4514 = LINE('',#4515,#4516);
#4515 = CARTESIAN_POINT('',(20.3,28.3,7.));
#4516 = VECTOR('',#4517,1.);
#4517 = DIRECTION('',(-1.,0.,0.));
#4518 = ORIENTED_EDGE('',*,*,#4519,.T.);
#4519 = EDGE_CURVE('',#4512,#4456,#4520,.T.);
#4520 = LINE('',#4521,#4522);
#4521 = CARTESIAN_POINT('',(17.55,15.,7.));
#4522 = VECTOR('',#4523,1.);
#4523 = DIRECTION('',(0.,-1.,0.));
#4524 = ORIENTED_EDGE('',*,*,#4463,.F.);
#4525 = PLANE('',#4526);
#4526 = AXIS2_PLACEMENT_3D('',#4527,#4528,#4529);
#4527 = CARTESIAN_POINT('',(9.76E-15,2.93E-15,7.));
#4528 = DIRECTION('',(0.,0.,1.));
#4529 = DIRECTION('',(1.,0.,0.));
#4530 = ADVANCED_FACE('',(#4531),#4542,.F.);
#4531 = FACE_BOUND('',#4532,.F.);
#4532 = EDGE_LOOP('',(#4533,#4539,#4540,#4541));
#4533 = ORIENTED_EDGE('',*,*,#4534,.F.);
#4534 = EDGE_CURVE('',#4481,#4504,#4535,.T.);
#4535 = LINE('',#4536,#4537);
#4536 = CARTESIAN_POINT('',(20.3,28.3,10.5));
#4537 = VECTOR('',#4538,1.);
#4538 = DIRECTION('',(-0.,-0.,-1.));
#4539 = ORIENTED_EDGE('',*,*,#4488,.F.);
#4540 = ORIENTED_EDGE('',*,*,#3736,.T.);
#4541 = ORIENTED_EDGE('',*,*,#4503,.T.);
#4542 = PLANE('',#4543);
#4543 = AXIS2_PLACEMENT_3D('',#4544,#4545,#4546);
#4544 = CARTESIAN_POINT('',(20.3,23.75,10.5));
#4545 = DIRECTION('',(1.,0.,0.));
#4546 = DIRECTION('',(0.,1.,0.));
#4547 = ADVANCED_FACE('',(#4548),#4569,.F.);
#4548 = FACE_BOUND('',#4549,.F.);
#4549 = EDGE_LOOP('',(#4550,#4551,#4552,#4553,#4554,#4555,#4563));
#4550 = ORIENTED_EDGE('',*,*,#4519,.T.);
#4551 = ORIENTED_EDGE('',*,*,#4455,.F.);
#4552 = ORIENTED_EDGE('',*,*,#4287,.F.);
#4553 = ORIENTED_EDGE('',*,*,#3808,.T.);
#4554 = ORIENTED_EDGE('',*,*,#3766,.T.);
#4555 = ORIENTED_EDGE('',*,*,#4556,.T.);
#4556 = EDGE_CURVE('',#3769,#4557,#4559,.T.);
#4557 = VERTEX_POINT('',#4558);
#4558 = CARTESIAN_POINT('',(17.55,28.3,8.6));
#4559 = LINE('',#4560,#4561);
#4560 = CARTESIAN_POINT('',(17.55,27.358113207547,7.223396226415));
#4561 = VECTOR('',#4562,1.);
#4562 = DIRECTION('',(0.,-0.564683915592,-0.82530726125));
#4563 = ORIENTED_EDGE('',*,*,#4564,.F.);
#4564 = EDGE_CURVE('',#4512,#4557,#4565,.T.);
#4565 = LINE('',#4566,#4567);
#4566 = CARTESIAN_POINT('',(17.55,28.3,6.25));
#4567 = VECTOR('',#4568,1.);
#4568 = DIRECTION('',(0.,0.,1.));
#4569 = PLANE('',#4570);
#4570 = AXIS2_PLACEMENT_3D('',#4571,#4572,#4573);
#4571 = CARTESIAN_POINT('',(17.55,30.,2.));
#4572 = DIRECTION('',(1.,0.,0.));
#4573 = DIRECTION('',(0.,-1.,0.));
#4574 = ADVANCED_FACE('',(#4575),#4586,.F.);
#4575 = FACE_BOUND('',#4576,.T.);
#4576 = EDGE_LOOP('',(#4577,#4578,#4579,#4580));
#4577 = ORIENTED_EDGE('',*,*,#4480,.F.);
#4578 = ORIENTED_EDGE('',*,*,#3776,.T.);
#4579 = ORIENTED_EDGE('',*,*,#4556,.T.);
#4580 = ORIENTED_EDGE('',*,*,#4581,.F.);
#4581 = EDGE_CURVE('',#4481,#4557,#4582,.T.);
#4582 = LINE('',#4583,#4584);
#4583 = CARTESIAN_POINT('',(20.3,28.3,8.6));
#4584 = VECTOR('',#4585,1.);
#4585 = DIRECTION('',(-1.,0.,0.));
#4586 = PLANE('',#4587);
#4587 = AXIS2_PLACEMENT_3D('',#4588,#4589,#4590);
#4588 = CARTESIAN_POINT('',(20.3,28.95,9.55));
#4589 = DIRECTION('',(-1.E-17,0.82530726125,-0.564683915592));
#4590 = DIRECTION('',(1.,6.781374499291E-18,-7.797782552146E-18));
#4591 = ADVANCED_FACE('',(#4592),#4627,.F.);
#4592 = FACE_BOUND('',#4593,.F.);
#4593 = EDGE_LOOP('',(#4594,#4595,#4596,#4604,#4612,#4620,#4626));
#4594 = ORIENTED_EDGE('',*,*,#3873,.F.);
#4595 = ORIENTED_EDGE('',*,*,#4270,.F.);
#4596 = ORIENTED_EDGE('',*,*,#4597,.T.);
#4597 = EDGE_CURVE('',#4218,#4598,#4600,.T.);
#4598 = VERTEX_POINT('',#4599);
#4599 = CARTESIAN_POINT('',(-15.75,25.42,7.));
#4600 = LINE('',#4601,#4602);
#4601 = CARTESIAN_POINT('',(-15.75,25.42,2.));
#4602 = VECTOR('',#4603,1.);
#4603 = DIRECTION('',(0.,0.,1.));
#4604 = ORIENTED_EDGE('',*,*,#4605,.T.);
#4605 = EDGE_CURVE('',#4598,#4606,#4608,.T.);
#4606 = VERTEX_POINT('',#4607);
#4607 = CARTESIAN_POINT('',(-15.75,28.3,7.));
#4608 = LINE('',#4609,#4610);
#4609 = CARTESIAN_POINT('',(-15.75,23.75,7.));
#4610 = VECTOR('',#4611,1.);
#4611 = DIRECTION('',(0.,1.,0.));
#4612 = ORIENTED_EDGE('',*,*,#4613,.F.);
#4613 = EDGE_CURVE('',#4614,#4606,#4616,.T.);
#4614 = VERTEX_POINT('',#4615);
#4615 = CARTESIAN_POINT('',(-15.75,28.3,8.6));
#4616 = LINE('',#4617,#4618);
#4617 = CARTESIAN_POINT('',(-15.75,28.3,10.5));
#4618 = VECTOR('',#4619,1.);
#4619 = DIRECTION('',(-0.,-0.,-1.));
#4620 = ORIENTED_EDGE('',*,*,#4621,.F.);
#4621 = EDGE_CURVE('',#3914,#4614,#4622,.T.);
#4622 = LINE('',#4623,#4624);
#4623 = CARTESIAN_POINT('',(-15.75,26.361650943396,5.767028301887));
#4624 = VECTOR('',#4625,1.);
#4625 = DIRECTION('',(-0.,-0.564683915592,-0.82530726125));
#4626 = ORIENTED_EDGE('',*,*,#3921,.T.);
#4627 = PLANE('',#4628);
#4628 = AXIS2_PLACEMENT_3D('',#4629,#4630,#4631);
#4629 = CARTESIAN_POINT('',(-15.75,23.75,2.));
#4630 = DIRECTION('',(-1.,0.,0.));
#4631 = DIRECTION('',(0.,1.,0.));
#4632 = ADVANCED_FACE('',(#4633),#4651,.F.);
#4633 = FACE_BOUND('',#4634,.T.);
#4634 = EDGE_LOOP('',(#4635,#4643,#4644,#4645));
#4635 = ORIENTED_EDGE('',*,*,#4636,.F.);
#4636 = EDGE_CURVE('',#3906,#4637,#4639,.T.);
#4637 = VERTEX_POINT('',#4638);
#4638 = CARTESIAN_POINT('',(-20.3,28.3,8.6));
#4639 = LINE('',#4640,#4641);
#4640 = CARTESIAN_POINT('',(-20.24281115879,28.242811158798,
    8.516416309013));
#4641 = VECTOR('',#4642,1.);
#4642 = DIRECTION('',(0.491705158407,-0.491705158407,-0.718646000749));
#4643 = ORIENTED_EDGE('',*,*,#3905,.T.);
#4644 = ORIENTED_EDGE('',*,*,#3963,.T.);
#4645 = ORIENTED_EDGE('',*,*,#4646,.F.);
#4646 = EDGE_CURVE('',#4637,#3964,#4647,.T.);
#4647 = LINE('',#4648,#4649);
#4648 = CARTESIAN_POINT('',(-20.3,28.3,8.6));
#4649 = VECTOR('',#4650,1.);
#4650 = DIRECTION('',(0.,-1.,0.));
#4651 = PLANE('',#4652);
#4652 = AXIS2_PLACEMENT_3D('',#4653,#4654,#4655);
#4653 = CARTESIAN_POINT('',(-20.95,28.3,9.55));
#4654 = DIRECTION('',(-0.82530726125,-1.E-17,-0.564683915592));
#4655 = DIRECTION('',(-6.781374499291E-18,1.,-7.797782552146E-18));
#4656 = ADVANCED_FACE('',(#4657),#4668,.F.);
#4657 = FACE_BOUND('',#4658,.T.);
#4658 = EDGE_LOOP('',(#4659,#4660,#4661,#4662));
#4659 = ORIENTED_EDGE('',*,*,#4621,.F.);
#4660 = ORIENTED_EDGE('',*,*,#3913,.T.);
#4661 = ORIENTED_EDGE('',*,*,#4636,.T.);
#4662 = ORIENTED_EDGE('',*,*,#4663,.F.);
#4663 = EDGE_CURVE('',#4614,#4637,#4664,.T.);
#4664 = LINE('',#4665,#4666);
#4665 = CARTESIAN_POINT('',(-15.75,28.3,8.6));
#4666 = VECTOR('',#4667,1.);
#4667 = DIRECTION('',(-1.,0.,0.));
#4668 = PLANE('',#4669);
#4669 = AXIS2_PLACEMENT_3D('',#4670,#4671,#4672);
#4670 = CARTESIAN_POINT('',(-15.75,28.95,9.55));
#4671 = DIRECTION('',(-1.E-17,0.82530726125,-0.564683915592));
#4672 = DIRECTION('',(1.,6.781374499291E-18,-7.797782552146E-18));
#4673 = ADVANCED_FACE('',(#4674,#4699),#4710,.T.);
#4674 = FACE_BOUND('',#4675,.T.);
#4675 = EDGE_LOOP('',(#4676,#4677,#4685,#4691,#4692));
#4676 = ORIENTED_EDGE('',*,*,#4605,.T.);
#4677 = ORIENTED_EDGE('',*,*,#4678,.T.);
#4678 = EDGE_CURVE('',#4606,#4679,#4681,.T.);
#4679 = VERTEX_POINT('',#4680);
#4680 = CARTESIAN_POINT('',(-20.3,28.3,7.));
#4681 = LINE('',#4682,#4683);
#4682 = CARTESIAN_POINT('',(-15.75,28.3,7.));
#4683 = VECTOR('',#4684,1.);
#4684 = DIRECTION('',(-1.,0.,0.));
#4685 = ORIENTED_EDGE('',*,*,#4686,.T.);
#4686 = EDGE_CURVE('',#4679,#3938,#4687,.T.);
#4687 = LINE('',#4688,#4689);
#4688 = CARTESIAN_POINT('',(-20.3,28.3,7.));
#4689 = VECTOR('',#4690,1.);
#4690 = DIRECTION('',(0.,-1.,0.));
#4691 = ORIENTED_EDGE('',*,*,#3937,.T.);
#4692 = ORIENTED_EDGE('',*,*,#4693,.T.);
#4693 = EDGE_CURVE('',#3940,#4598,#4694,.T.);
#4694 = CIRCLE('',#4695,1.67);
#4695 = AXIS2_PLACEMENT_3D('',#4696,#4697,#4698);
#4696 = CARTESIAN_POINT('',(-17.42,25.42,7.));
#4697 = DIRECTION('',(-0.,0.,1.));
#4698 = DIRECTION('',(0.,-1.,0.));
#4699 = FACE_BOUND('',#4700,.T.);
#4700 = EDGE_LOOP('',(#4701));
#4701 = ORIENTED_EDGE('',*,*,#4702,.F.);
#4702 = EDGE_CURVE('',#4703,#4703,#4705,.T.);
#4703 = VERTEX_POINT('',#4704);
#4704 = CARTESIAN_POINT('',(-17.425,26.325,7.));
#4705 = CIRCLE('',#4706,0.9);
#4706 = AXIS2_PLACEMENT_3D('',#4707,#4708,#4709);
#4707 = CARTESIAN_POINT('',(-18.325,26.325,7.));
#4708 = DIRECTION('',(0.,0.,1.));
#4709 = DIRECTION('',(1.,0.,0.));
#4710 = PLANE('',#4711);
#4711 = AXIS2_PLACEMENT_3D('',#4712,#4713,#4714);
#4712 = CARTESIAN_POINT('',(9.76E-15,2.93E-15,7.));
#4713 = DIRECTION('',(0.,0.,1.));
#4714 = DIRECTION('',(1.,0.,0.));
#4715 = ADVANCED_FACE('',(#4716),#4722,.T.);
#4716 = FACE_BOUND('',#4717,.T.);
#4717 = EDGE_LOOP('',(#4718,#4719,#4720,#4721));
#4718 = ORIENTED_EDGE('',*,*,#3947,.F.);
#4719 = ORIENTED_EDGE('',*,*,#4228,.F.);
#4720 = ORIENTED_EDGE('',*,*,#4597,.T.);
#4721 = ORIENTED_EDGE('',*,*,#4693,.F.);
#4722 = CYLINDRICAL_SURFACE('',#4723,1.67);
#4723 = AXIS2_PLACEMENT_3D('',#4724,#4725,#4726);
#4724 = CARTESIAN_POINT('',(-17.42,25.42,2.));
#4725 = DIRECTION('',(0.,0.,1.));
#4726 = DIRECTION('',(0.,-1.,0.));
#4727 = ADVANCED_FACE('',(#4728),#4739,.F.);
#4728 = FACE_BOUND('',#4729,.F.);
#4729 = EDGE_LOOP('',(#4730,#4736,#4737,#4738));
#4730 = ORIENTED_EDGE('',*,*,#4731,.T.);
#4731 = EDGE_CURVE('',#4637,#4679,#4732,.T.);
#4732 = LINE('',#4733,#4734);
#4733 = CARTESIAN_POINT('',(-20.3,28.3,10.5));
#4734 = VECTOR('',#4735,1.);
#4735 = DIRECTION('',(-0.,-0.,-1.));
#4736 = ORIENTED_EDGE('',*,*,#4686,.T.);
#4737 = ORIENTED_EDGE('',*,*,#3971,.F.);
#4738 = ORIENTED_EDGE('',*,*,#4646,.F.);
#4739 = PLANE('',#4740);
#4740 = AXIS2_PLACEMENT_3D('',#4741,#4742,#4743);
#4741 = CARTESIAN_POINT('',(-20.3,28.3,10.5));
#4742 = DIRECTION('',(-1.,0.,0.));
#4743 = DIRECTION('',(0.,-1.,0.));
#4744 = ADVANCED_FACE('',(#4745),#4751,.F.);
#4745 = FACE_BOUND('',#4746,.F.);
#4746 = EDGE_LOOP('',(#4747,#4748,#4749,#4750));
#4747 = ORIENTED_EDGE('',*,*,#4028,.T.);
#4748 = ORIENTED_EDGE('',*,*,#4070,.T.);
#4749 = ORIENTED_EDGE('',*,*,#4129,.F.);
#4750 = ORIENTED_EDGE('',*,*,#4185,.F.);
#4751 = PLANE('',#4752);
#4752 = AXIS2_PLACEMENT_3D('',#4753,#4754,#4755);
#4753 = CARTESIAN_POINT('',(-20.3,-23.75,10.5));
#4754 = DIRECTION('',(-1.,0.,0.));
#4755 = DIRECTION('',(0.,-1.,0.));
#4756 = ADVANCED_FACE('',(#4757),#4776,.F.);
#4757 = FACE_BOUND('',#4758,.F.);
#4758 = EDGE_LOOP('',(#4759,#4767,#4774,#4775));
#4759 = ORIENTED_EDGE('',*,*,#4760,.T.);
#4760 = EDGE_CURVE('',#4095,#4761,#4763,.T.);
#4761 = VERTEX_POINT('',#4762);
#4762 = CARTESIAN_POINT('',(-17.425,-26.325,2.));
#4763 = LINE('',#4764,#4765);
#4764 = CARTESIAN_POINT('',(-17.425,-26.325,7.));
#4765 = VECTOR('',#4766,1.);
#4766 = DIRECTION('',(-0.,-0.,-1.));
#4767 = ORIENTED_EDGE('',*,*,#4768,.T.);
#4768 = EDGE_CURVE('',#4761,#4761,#4769,.T.);
#4769 = CIRCLE('',#4770,0.9);
#4770 = AXIS2_PLACEMENT_3D('',#4771,#4772,#4773);
#4771 = CARTESIAN_POINT('',(-18.325,-26.325,2.));
#4772 = DIRECTION('',(0.,0.,1.));
#4773 = DIRECTION('',(1.,0.,0.));
#4774 = ORIENTED_EDGE('',*,*,#4760,.F.);
#4775 = ORIENTED_EDGE('',*,*,#4094,.F.);
#4776 = CYLINDRICAL_SURFACE('',#4777,0.9);
#4777 = AXIS2_PLACEMENT_3D('',#4778,#4779,#4780);
#4778 = CARTESIAN_POINT('',(-18.325,-26.325,7.));
#4779 = DIRECTION('',(0.,0.,1.));
#4780 = DIRECTION('',(1.,0.,0.));
#4781 = ADVANCED_FACE('',(#4782),#4801,.T.);
#4782 = FACE_BOUND('',#4783,.F.);
#4783 = EDGE_LOOP('',(#4784,#4792,#4799,#4800));
#4784 = ORIENTED_EDGE('',*,*,#4785,.T.);
#4785 = EDGE_CURVE('',#4304,#4786,#4788,.T.);
#4786 = VERTEX_POINT('',#4787);
#4787 = CARTESIAN_POINT('',(20.325,13.825,7.));
#4788 = LINE('',#4789,#4790);
#4789 = CARTESIAN_POINT('',(20.325,13.825,2.));
#4790 = VECTOR('',#4791,1.);
#4791 = DIRECTION('',(0.,0.,1.));
#4792 = ORIENTED_EDGE('',*,*,#4793,.T.);
#4793 = EDGE_CURVE('',#4786,#4786,#4794,.T.);
#4794 = CIRCLE('',#4795,2.);
#4795 = AXIS2_PLACEMENT_3D('',#4796,#4797,#4798);
#4796 = CARTESIAN_POINT('',(18.325,13.825,7.));
#4797 = DIRECTION('',(0.,0.,1.));
#4798 = DIRECTION('',(1.,0.,0.));
#4799 = ORIENTED_EDGE('',*,*,#4785,.F.);
#4800 = ORIENTED_EDGE('',*,*,#4314,.F.);
#4801 = CYLINDRICAL_SURFACE('',#4802,2.);
#4802 = AXIS2_PLACEMENT_3D('',#4803,#4804,#4805);
#4803 = CARTESIAN_POINT('',(18.325,13.825,2.));
#4804 = DIRECTION('',(-0.,-0.,-1.));
#4805 = DIRECTION('',(1.,0.,0.));
#4806 = ADVANCED_FACE('',(#4807),#4826,.F.);
#4807 = FACE_BOUND('',#4808,.F.);
#4808 = EDGE_LOOP('',(#4809,#4817,#4824,#4825));
#4809 = ORIENTED_EDGE('',*,*,#4810,.T.);
#4810 = EDGE_CURVE('',#4391,#4811,#4813,.T.);
#4811 = VERTEX_POINT('',#4812);
#4812 = CARTESIAN_POINT('',(19.225,-26.325,2.));
#4813 = LINE('',#4814,#4815);
#4814 = CARTESIAN_POINT('',(19.225,-26.325,7.));
#4815 = VECTOR('',#4816,1.);
#4816 = DIRECTION('',(-0.,-0.,-1.));
#4817 = ORIENTED_EDGE('',*,*,#4818,.T.);
#4818 = EDGE_CURVE('',#4811,#4811,#4819,.T.);
#4819 = CIRCLE('',#4820,0.9);
#4820 = AXIS2_PLACEMENT_3D('',#4821,#4822,#4823);
#4821 = CARTESIAN_POINT('',(18.325,-26.325,2.));
#4822 = DIRECTION('',(0.,0.,1.));
#4823 = DIRECTION('',(1.,0.,0.));
#4824 = ORIENTED_EDGE('',*,*,#4810,.F.);
#4825 = ORIENTED_EDGE('',*,*,#4390,.F.);
#4826 = CYLINDRICAL_SURFACE('',#4827,0.9);
#4827 = AXIS2_PLACEMENT_3D('',#4828,#4829,#4830);
#4828 = CARTESIAN_POINT('',(18.325,-26.325,7.));
#4829 = DIRECTION('',(0.,0.,1.));
#4830 = DIRECTION('',(1.,0.,0.));
#4831 = ADVANCED_FACE('',(#4832),#4838,.F.);
#4832 = FACE_BOUND('',#4833,.F.);
#4833 = EDGE_LOOP('',(#4834,#4835,#4836,#4837));
#4834 = ORIENTED_EDGE('',*,*,#4564,.T.);
#4835 = ORIENTED_EDGE('',*,*,#4581,.F.);
#4836 = ORIENTED_EDGE('',*,*,#4534,.T.);
#4837 = ORIENTED_EDGE('',*,*,#4511,.T.);
#4838 = PLANE('',#4839);
#4839 = AXIS2_PLACEMENT_3D('',#4840,#4841,#4842);
#4840 = CARTESIAN_POINT('',(20.3,28.3,10.5));
#4841 = DIRECTION('',(0.,1.,0.));
#4842 = DIRECTION('',(-1.,0.,0.));
#4843 = ADVANCED_FACE('',(#4844),#4850,.F.);
#4844 = FACE_BOUND('',#4845,.F.);
#4845 = EDGE_LOOP('',(#4846,#4847,#4848,#4849));
#4846 = ORIENTED_EDGE('',*,*,#4613,.T.);
#4847 = ORIENTED_EDGE('',*,*,#4678,.T.);
#4848 = ORIENTED_EDGE('',*,*,#4731,.F.);
#4849 = ORIENTED_EDGE('',*,*,#4663,.F.);
#4850 = PLANE('',#4851);
#4851 = AXIS2_PLACEMENT_3D('',#4852,#4853,#4854);
#4852 = CARTESIAN_POINT('',(-15.75,28.3,10.5));
#4853 = DIRECTION('',(0.,1.,0.));
#4854 = DIRECTION('',(-1.,0.,0.));
#4855 = ADVANCED_FACE('',(#4856),#4875,.F.);
#4856 = FACE_BOUND('',#4857,.F.);
#4857 = EDGE_LOOP('',(#4858,#4866,#4873,#4874));
#4858 = ORIENTED_EDGE('',*,*,#4859,.T.);
#4859 = EDGE_CURVE('',#4703,#4860,#4862,.T.);
#4860 = VERTEX_POINT('',#4861);
#4861 = CARTESIAN_POINT('',(-17.425,26.325,2.));
#4862 = LINE('',#4863,#4864);
#4863 = CARTESIAN_POINT('',(-17.425,26.325,7.));
#4864 = VECTOR('',#4865,1.);
#4865 = DIRECTION('',(-0.,-0.,-1.));
#4866 = ORIENTED_EDGE('',*,*,#4867,.T.);
#4867 = EDGE_CURVE('',#4860,#4860,#4868,.T.);
#4868 = CIRCLE('',#4869,0.9);
#4869 = AXIS2_PLACEMENT_3D('',#4870,#4871,#4872);
#4870 = CARTESIAN_POINT('',(-18.325,26.325,2.));
#4871 = DIRECTION('',(0.,0.,1.));
#4872 = DIRECTION('',(1.,0.,0.));
#4873 = ORIENTED_EDGE('',*,*,#4859,.F.);
#4874 = ORIENTED_EDGE('',*,*,#4702,.F.);
#4875 = CYLINDRICAL_SURFACE('',#4876,0.9);
#4876 = AXIS2_PLACEMENT_3D('',#4877,#4878,#4879);
#4877 = CARTESIAN_POINT('',(-18.325,26.325,7.));
#4878 = DIRECTION('',(0.,0.,1.));
#4879 = DIRECTION('',(1.,0.,0.));
#4880 = ADVANCED_FACE('',(#4881),#4884,.T.);
#4881 = FACE_BOUND('',#4882,.T.);
#4882 = EDGE_LOOP('',(#4883));
#4883 = ORIENTED_EDGE('',*,*,#4768,.T.);
#4884 = PLANE('',#4885);
#4885 = AXIS2_PLACEMENT_3D('',#4886,#4887,#4888);
#4886 = CARTESIAN_POINT('',(0.,-3.125,2.));
#4887 = DIRECTION('',(0.,0.,1.));
#4888 = DIRECTION('',(1.,0.,0.));
#4889 = ADVANCED_FACE('',(#4890,#4893),#4904,.T.);
#4890 = FACE_BOUND('',#4891,.T.);
#4891 = EDGE_LOOP('',(#4892));
#4892 = ORIENTED_EDGE('',*,*,#4793,.T.);
#4893 = FACE_BOUND('',#4894,.T.);
#4894 = EDGE_LOOP('',(#4895));
#4895 = ORIENTED_EDGE('',*,*,#4896,.F.);
#4896 = EDGE_CURVE('',#4897,#4897,#4899,.T.);
#4897 = VERTEX_POINT('',#4898);
#4898 = CARTESIAN_POINT('',(19.225,13.825,7.));
#4899 = CIRCLE('',#4900,0.9);
#4900 = AXIS2_PLACEMENT_3D('',#4901,#4902,#4903);
#4901 = CARTESIAN_POINT('',(18.325,13.825,7.));
#4902 = DIRECTION('',(0.,0.,1.));
#4903 = DIRECTION('',(1.,0.,0.));
#4904 = PLANE('',#4905);
#4905 = AXIS2_PLACEMENT_3D('',#4906,#4907,#4908);
#4906 = CARTESIAN_POINT('',(18.325,13.825,7.));
#4907 = DIRECTION('',(0.,0.,1.));
#4908 = DIRECTION('',(1.,0.,0.));
#4909 = ADVANCED_FACE('',(#4910),#4913,.T.);
#4910 = FACE_BOUND('',#4911,.T.);
#4911 = EDGE_LOOP('',(#4912));
#4912 = ORIENTED_EDGE('',*,*,#4818,.T.);
#4913 = PLANE('',#4914);
#4914 = AXIS2_PLACEMENT_3D('',#4915,#4916,#4917);
#4915 = CARTESIAN_POINT('',(0.,-3.125,2.));
#4916 = DIRECTION('',(0.,0.,1.));
#4917 = DIRECTION('',(1.,0.,0.));
#4918 = ADVANCED_FACE('',(#4919),#4922,.T.);
#4919 = FACE_BOUND('',#4920,.T.);
#4920 = EDGE_LOOP('',(#4921));
#4921 = ORIENTED_EDGE('',*,*,#4867,.T.);
#4922 = PLANE('',#4923);
#4923 = AXIS2_PLACEMENT_3D('',#4924,#4925,#4926);
#4924 = CARTESIAN_POINT('',(0.,-3.125,2.));
#4925 = DIRECTION('',(0.,0.,1.));
#4926 = DIRECTION('',(1.,0.,0.));
#4927 = ADVANCED_FACE('',(#4928),#4947,.F.);
#4928 = FACE_BOUND('',#4929,.F.);
#4929 = EDGE_LOOP('',(#4930,#4938,#4945,#4946));
#4930 = ORIENTED_EDGE('',*,*,#4931,.T.);
#4931 = EDGE_CURVE('',#4897,#4932,#4934,.T.);
#4932 = VERTEX_POINT('',#4933);
#4933 = CARTESIAN_POINT('',(19.225,13.825,2.));
#4934 = LINE('',#4935,#4936);
#4935 = CARTESIAN_POINT('',(19.225,13.825,7.));
#4936 = VECTOR('',#4937,1.);
#4937 = DIRECTION('',(-0.,-0.,-1.));
#4938 = ORIENTED_EDGE('',*,*,#4939,.T.);
#4939 = EDGE_CURVE('',#4932,#4932,#4940,.T.);
#4940 = CIRCLE('',#4941,0.9);
#4941 = AXIS2_PLACEMENT_3D('',#4942,#4943,#4944);
#4942 = CARTESIAN_POINT('',(18.325,13.825,2.));
#4943 = DIRECTION('',(0.,0.,1.));
#4944 = DIRECTION('',(1.,0.,0.));
#4945 = ORIENTED_EDGE('',*,*,#4931,.F.);
#4946 = ORIENTED_EDGE('',*,*,#4896,.F.);
#4947 = CYLINDRICAL_SURFACE('',#4948,0.9);
#4948 = AXIS2_PLACEMENT_3D('',#4949,#4950,#4951);
#4949 = CARTESIAN_POINT('',(18.325,13.825,7.));
#4950 = DIRECTION('',(0.,0.,1.));
#4951 = DIRECTION('',(1.,0.,0.));
#4952 = ADVANCED_FACE('',(#4953),#4956,.T.);
#4953 = FACE_BOUND('',#4954,.T.);
#4954 = EDGE_LOOP('',(#4955));
#4955 = ORIENTED_EDGE('',*,*,#4939,.T.);
#4956 = PLANE('',#4957);
#4957 = AXIS2_PLACEMENT_3D('',#4958,#4959,#4960);
#4958 = CARTESIAN_POINT('',(0.,-3.125,2.));
#4959 = DIRECTION('',(0.,0.,1.));
#4960 = DIRECTION('',(1.,0.,0.));
#4961 = ( GEOMETRIC_REPRESENTATION_CONTEXT(3) 
GLOBAL_UNCERTAINTY_ASSIGNED_CONTEXT((#4965)) 
GLOBAL_UNIT_ASSIGNED_CONTEXT((#4962,#4963,#4964)) REPRESENTATION_CONTEXT
('Context #1','3D Context with UNIT and UNCERTAINTY') );
#4962 = ( LENGTH_UNIT() NAMED_UNIT(*) SI_UNIT(.MILLI.,.METRE.) );
#4963 = ( NAMED_UNIT(*) PLANE_ANGLE_UNIT() SI_UNIT($,.RADIAN.) );
#4964 = ( NAMED_UNIT(*) SI_UNIT($,.STERADIAN.) SOLID_ANGLE_UNIT() );
#4965 = UNCERTAINTY_MEASURE_WITH_UNIT(LENGTH_MEASURE(5.E-06),#4962,
  'distance_accuracy_value','confusion accuracy');
#4966 = CONTEXT_DEPENDENT_SHAPE_REPRESENTATION(#4967,#4969);
#4967 = ( REPRESENTATION_RELATIONSHIP('','',#36,#10) 
REPRESENTATION_RELATIONSHIP_WITH_TRANSFORMATION(#4968) 
SHAPE_REPRESENTATION_RELATIONSHIP() );
#4968 = ITEM_DEFINED_TRANSFORMATION('','',#11,#15);
#4969 = PRODUCT_DEFINITION_SHAPE('Placement','Placement of an item',
  #4970);
#4970 = NEXT_ASSEMBLY_USAGE_OCCURRENCE('1','Body','',#5,#31,$);
#4971 = PRODUCT_RELATED_PRODUCT_CATEGORY('part',$,(#33));
#4972 = SHAPE_DEFINITION_REPRESENTATION(#4973,#4979);
#4973 = PRODUCT_DEFINITION_SHAPE('','',#4974);
#4974 = PRODUCT_DEFINITION('design','',#4975,#4978);
#4975 = PRODUCT_DEFINITION_FORMATION('','',#4976);
#4976 = PRODUCT('Extrude','Extrude','',(#4977));
#4977 = PRODUCT_CONTEXT('',#2,'mechanical');
#4978 = PRODUCT_DEFINITION_CONTEXT('part definition',#2,'design');
#4979 = SHAPE_REPRESENTATION('',(#11,#4980,#5427,#6009,#6575),#7322);
#4980 = MANIFOLD_SOLID_BREP('',#4981);
#4981 = CLOSED_SHELL('',(#4982,#5022,#5053,#5084,#5115,#5146,#5177,#5208
    ,#5239,#5270,#5301,#5332,#5363,#5385,#5406));
#4982 = ADVANCED_FACE('',(#4983),#5017,.F.);
#4983 = FACE_BOUND('',#4984,.F.);
#4984 = EDGE_LOOP('',(#4985,#4995,#5003,#5011));
#4985 = ORIENTED_EDGE('',*,*,#4986,.T.);
#4986 = EDGE_CURVE('',#4987,#4989,#4991,.T.);
#4987 = VERTEX_POINT('',#4988);
#4988 = CARTESIAN_POINT('',(16.643224239349,26.780227094378,0.));
#4989 = VERTEX_POINT('',#4990);
#4990 = CARTESIAN_POINT('',(16.643224239349,26.780227094378,8.E-02));
#4991 = LINE('',#4992,#4993);
#4992 = CARTESIAN_POINT('',(16.643224239349,26.780227094378,0.));
#4993 = VECTOR('',#4994,1.);
#4994 = DIRECTION('',(0.,0.,1.));
#4995 = ORIENTED_EDGE('',*,*,#4996,.T.);
#4996 = EDGE_CURVE('',#4989,#4997,#4999,.T.);
#4997 = VERTEX_POINT('',#4998);
#4998 = CARTESIAN_POINT('',(16.193893882207,26.780227094378,8.E-02));
#4999 = LINE('',#5000,#5001);
#5000 = CARTESIAN_POINT('',(16.643224239349,26.780227094378,8.E-02));
#5001 = VECTOR('',#5002,1.);
#5002 = DIRECTION('',(-1.,0.,0.));
#5003 = ORIENTED_EDGE('',*,*,#5004,.F.);
#5004 = EDGE_CURVE('',#5005,#4997,#5007,.T.);
#5005 = VERTEX_POINT('',#5006);
#5006 = CARTESIAN_POINT('',(16.193893882207,26.780227094378,0.));
#5007 = LINE('',#5008,#5009);
#5008 = CARTESIAN_POINT('',(16.193893882207,26.780227094378,0.));
#5009 = VECTOR('',#5010,1.);
#5010 = DIRECTION('',(0.,0.,1.));
#5011 = ORIENTED_EDGE('',*,*,#5012,.F.);
#5012 = EDGE_CURVE('',#4987,#5005,#5013,.T.);
#5013 = LINE('',#5014,#5015);
#5014 = CARTESIAN_POINT('',(16.643224239349,26.780227094378,0.));
#5015 = VECTOR('',#5016,1.);
#5016 = DIRECTION('',(-1.,0.,0.));
#5017 = PLANE('',#5018);
#5018 = AXIS2_PLACEMENT_3D('',#5019,#5020,#5021);
#5019 = CARTESIAN_POINT('',(16.643224239349,26.780227094378,0.));
#5020 = DIRECTION('',(0.,-1.,0.));
#5021 = DIRECTION('',(-1.,0.,0.));
#5022 = ADVANCED_FACE('',(#5023),#5048,.F.);
#5023 = FACE_BOUND('',#5024,.F.);
#5024 = EDGE_LOOP('',(#5025,#5035,#5041,#5042));
#5025 = ORIENTED_EDGE('',*,*,#5026,.T.);
#5026 = EDGE_CURVE('',#5027,#5029,#5031,.T.);
#5027 = VERTEX_POINT('',#5028);
#5028 = CARTESIAN_POINT('',(16.269396114349,24.713798522949,0.));
#5029 = VERTEX_POINT('',#5030);
#5030 = CARTESIAN_POINT('',(16.269396114349,24.713798522949,8.E-02));
#5031 = LINE('',#5032,#5033);
#5032 = CARTESIAN_POINT('',(16.269396114349,24.713798522949,0.));
#5033 = VECTOR('',#5034,1.);
#5034 = DIRECTION('',(0.,0.,1.));
#5035 = ORIENTED_EDGE('',*,*,#5036,.T.);
#5036 = EDGE_CURVE('',#5029,#4989,#5037,.T.);
#5037 = LINE('',#5038,#5039);
#5038 = CARTESIAN_POINT('',(16.269396114349,24.713798522949,8.E-02));
#5039 = VECTOR('',#5040,1.);
#5040 = DIRECTION('',(0.17801592571,0.984027606419,0.));
#5041 = ORIENTED_EDGE('',*,*,#4986,.F.);
#5042 = ORIENTED_EDGE('',*,*,#5043,.F.);
#5043 = EDGE_CURVE('',#5027,#4987,#5044,.T.);
#5044 = LINE('',#5045,#5046);
#5045 = CARTESIAN_POINT('',(16.269396114349,24.713798522949,0.));
#5046 = VECTOR('',#5047,1.);
#5047 = DIRECTION('',(0.17801592571,0.984027606419,0.));
#5048 = PLANE('',#5049);
#5049 = AXIS2_PLACEMENT_3D('',#5050,#5051,#5052);
#5050 = CARTESIAN_POINT('',(16.269396114349,24.713798522949,0.));
#5051 = DIRECTION('',(-0.984027606419,0.17801592571,0.));
#5052 = DIRECTION('',(0.17801592571,0.984027606419,0.));
#5053 = ADVANCED_FACE('',(#5054),#5079,.F.);
#5054 = FACE_BOUND('',#5055,.F.);
#5055 = EDGE_LOOP('',(#5056,#5066,#5072,#5073));
#5056 = ORIENTED_EDGE('',*,*,#5057,.T.);
#5057 = EDGE_CURVE('',#5058,#5060,#5062,.T.);
#5058 = VERTEX_POINT('',#5059);
#5059 = CARTESIAN_POINT('',(15.757454150064,24.713798522949,0.));
#5060 = VERTEX_POINT('',#5061);
#5061 = CARTESIAN_POINT('',(15.757454150064,24.713798522949,8.E-02));
#5062 = LINE('',#5063,#5064);
#5063 = CARTESIAN_POINT('',(15.757454150064,24.713798522949,0.));
#5064 = VECTOR('',#5065,1.);
#5065 = DIRECTION('',(0.,0.,1.));
#5066 = ORIENTED_EDGE('',*,*,#5067,.T.);
#5067 = EDGE_CURVE('',#5060,#5029,#5068,.T.);
#5068 = LINE('',#5069,#5070);
#5069 = CARTESIAN_POINT('',(15.757454150064,24.713798522949,8.E-02));
#5070 = VECTOR('',#5071,1.);
#5071 = DIRECTION('',(1.,0.,0.));
#5072 = ORIENTED_EDGE('',*,*,#5026,.F.);
#5073 = ORIENTED_EDGE('',*,*,#5074,.F.);
#5074 = EDGE_CURVE('',#5058,#5027,#5075,.T.);
#5075 = LINE('',#5076,#5077);
#5076 = CARTESIAN_POINT('',(15.757454150064,24.713798522949,0.));
#5077 = VECTOR('',#5078,1.);
#5078 = DIRECTION('',(1.,0.,0.));
#5079 = PLANE('',#5080);
#5080 = AXIS2_PLACEMENT_3D('',#5081,#5082,#5083);
#5081 = CARTESIAN_POINT('',(15.757454150064,24.713798522949,0.));
#5082 = DIRECTION('',(0.,1.,0.));
#5083 = DIRECTION('',(1.,0.,0.));
#5084 = ADVANCED_FACE('',(#5085),#5110,.F.);
#5085 = FACE_BOUND('',#5086,.F.);
#5086 = EDGE_LOOP('',(#5087,#5097,#5103,#5104));
#5087 = ORIENTED_EDGE('',*,*,#5088,.T.);
#5088 = EDGE_CURVE('',#5089,#5091,#5093,.T.);
#5089 = VERTEX_POINT('',#5090);
#5090 = CARTESIAN_POINT('',(15.508849239349,25.786544058664,0.));
#5091 = VERTEX_POINT('',#5092);
#5092 = CARTESIAN_POINT('',(15.508849239349,25.786544058664,8.E-02));
#5093 = LINE('',#5094,#5095);
#5094 = CARTESIAN_POINT('',(15.508849239349,25.786544058664,0.));
#5095 = VECTOR('',#5096,1.);
#5096 = DIRECTION('',(0.,0.,1.));
#5097 = ORIENTED_EDGE('',*,*,#5098,.T.);
#5098 = EDGE_CURVE('',#5091,#5060,#5099,.T.);
#5099 = LINE('',#5100,#5101);
#5100 = CARTESIAN_POINT('',(15.508849239349,25.786544058664,8.E-02));
#5101 = VECTOR('',#5102,1.);
#5102 = DIRECTION('',(0.22576321443,-0.974182206268,-0.));
#5103 = ORIENTED_EDGE('',*,*,#5057,.F.);
#5104 = ORIENTED_EDGE('',*,*,#5105,.F.);
#5105 = EDGE_CURVE('',#5089,#5058,#5106,.T.);
#5106 = LINE('',#5107,#5108);
#5107 = CARTESIAN_POINT('',(15.508849239349,25.786544058664,0.));
#5108 = VECTOR('',#5109,1.);
#5109 = DIRECTION('',(0.22576321443,-0.974182206268,-0.));
#5110 = PLANE('',#5111);
#5111 = AXIS2_PLACEMENT_3D('',#5112,#5113,#5114);
#5112 = CARTESIAN_POINT('',(15.508849239349,25.786544058664,0.));
#5113 = DIRECTION('',(0.974182206268,0.22576321443,-0.));
#5114 = DIRECTION('',(0.22576321443,-0.974182206268,0.));
#5115 = ADVANCED_FACE('',(#5116),#5141,.F.);
#5116 = FACE_BOUND('',#5117,.F.);
#5117 = EDGE_LOOP('',(#5118,#5128,#5134,#5135));
#5118 = ORIENTED_EDGE('',*,*,#5119,.T.);
#5119 = EDGE_CURVE('',#5120,#5122,#5124,.T.);
#5120 = VERTEX_POINT('',#5121);
#5121 = CARTESIAN_POINT('',(15.258402810778,24.713798522949,0.));
#5122 = VERTEX_POINT('',#5123);
#5123 = CARTESIAN_POINT('',(15.258402810778,24.713798522949,8.E-02));
#5124 = LINE('',#5125,#5126);
#5125 = CARTESIAN_POINT('',(15.258402810778,24.713798522949,0.));
#5126 = VECTOR('',#5127,1.);
#5127 = DIRECTION('',(0.,0.,1.));
#5128 = ORIENTED_EDGE('',*,*,#5129,.T.);
#5129 = EDGE_CURVE('',#5122,#5091,#5130,.T.);
#5130 = LINE('',#5131,#5132);
#5131 = CARTESIAN_POINT('',(15.258402810778,24.713798522949,8.E-02));
#5132 = VECTOR('',#5133,1.);
#5133 = DIRECTION('',(0.227349397553,0.973813252853,0.));
#5134 = ORIENTED_EDGE('',*,*,#5088,.F.);
#5135 = ORIENTED_EDGE('',*,*,#5136,.F.);
#5136 = EDGE_CURVE('',#5120,#5089,#5137,.T.);
#5137 = LINE('',#5138,#5139);
#5138 = CARTESIAN_POINT('',(15.258402810778,24.713798522949,0.));
#5139 = VECTOR('',#5140,1.);
#5140 = DIRECTION('',(0.227349397553,0.973813252853,0.));
#5141 = PLANE('',#5142);
#5142 = AXIS2_PLACEMENT_3D('',#5143,#5144,#5145);
#5143 = CARTESIAN_POINT('',(15.258402810778,24.713798522949,0.));
#5144 = DIRECTION('',(-0.973813252853,0.227349397553,0.));
#5145 = DIRECTION('',(0.227349397553,0.973813252853,0.));
#5146 = ADVANCED_FACE('',(#5147),#5172,.F.);
#5147 = FACE_BOUND('',#5148,.F.);
#5148 = EDGE_LOOP('',(#5149,#5159,#5165,#5166));
#5149 = ORIENTED_EDGE('',*,*,#5150,.T.);
#5150 = EDGE_CURVE('',#5151,#5153,#5155,.T.);
#5151 = VERTEX_POINT('',#5152);
#5152 = CARTESIAN_POINT('',(14.746460846492,24.713798522949,0.));
#5153 = VERTEX_POINT('',#5154);
#5154 = CARTESIAN_POINT('',(14.746460846492,24.713798522949,8.E-02));
#5155 = LINE('',#5156,#5157);
#5156 = CARTESIAN_POINT('',(14.746460846492,24.713798522949,0.));
#5157 = VECTOR('',#5158,1.);
#5158 = DIRECTION('',(0.,0.,1.));
#5159 = ORIENTED_EDGE('',*,*,#5160,.T.);
#5160 = EDGE_CURVE('',#5153,#5122,#5161,.T.);
#5161 = LINE('',#5162,#5163);
#5162 = CARTESIAN_POINT('',(14.746460846492,24.713798522949,8.E-02));
#5163 = VECTOR('',#5164,1.);
#5164 = DIRECTION('',(1.,0.,0.));
#5165 = ORIENTED_EDGE('',*,*,#5119,.F.);
#5166 = ORIENTED_EDGE('',*,*,#5167,.F.);
#5167 = EDGE_CURVE('',#5151,#5120,#5168,.T.);
#5168 = LINE('',#5169,#5170);
#5169 = CARTESIAN_POINT('',(14.746460846492,24.713798522949,0.));
#5170 = VECTOR('',#5171,1.);
#5171 = DIRECTION('',(1.,0.,0.));
#5172 = PLANE('',#5173);
#5173 = AXIS2_PLACEMENT_3D('',#5174,#5175,#5176);
#5174 = CARTESIAN_POINT('',(14.746460846492,24.713798522949,0.));
#5175 = DIRECTION('',(0.,1.,0.));
#5176 = DIRECTION('',(1.,0.,0.));
#5177 = ADVANCED_FACE('',(#5178),#5203,.F.);
#5178 = FACE_BOUND('',#5179,.F.);
#5179 = EDGE_LOOP('',(#5180,#5190,#5196,#5197));
#5180 = ORIENTED_EDGE('',*,*,#5181,.T.);
#5181 = EDGE_CURVE('',#5182,#5184,#5186,.T.);
#5182 = VERTEX_POINT('',#5183);
#5183 = CARTESIAN_POINT('',(14.372632721492,26.780227094378,0.));
#5184 = VERTEX_POINT('',#5185);
#5185 = CARTESIAN_POINT('',(14.372632721492,26.780227094378,8.E-02));
#5186 = LINE('',#5187,#5188);
#5187 = CARTESIAN_POINT('',(14.372632721492,26.780227094378,0.));
#5188 = VECTOR('',#5189,1.);
#5189 = DIRECTION('',(0.,0.,1.));
#5190 = ORIENTED_EDGE('',*,*,#5191,.T.);
#5191 = EDGE_CURVE('',#5184,#5153,#5192,.T.);
#5192 = LINE('',#5193,#5194);
#5193 = CARTESIAN_POINT('',(14.372632721492,26.780227094378,8.E-02));
#5194 = VECTOR('',#5195,1.);
#5195 = DIRECTION('',(0.17801592571,-0.984027606419,-0.));
#5196 = ORIENTED_EDGE('',*,*,#5150,.F.);
#5197 = ORIENTED_EDGE('',*,*,#5198,.F.);
#5198 = EDGE_CURVE('',#5182,#5151,#5199,.T.);
#5199 = LINE('',#5200,#5201);
#5200 = CARTESIAN_POINT('',(14.372632721492,26.780227094378,0.));
#5201 = VECTOR('',#5202,1.);
#5202 = DIRECTION('',(0.17801592571,-0.984027606419,-0.));
#5203 = PLANE('',#5204);
#5204 = AXIS2_PLACEMENT_3D('',#5205,#5206,#5207);
#5205 = CARTESIAN_POINT('',(14.372632721492,26.780227094378,0.));
#5206 = DIRECTION('',(0.984027606419,0.17801592571,-0.));
#5207 = DIRECTION('',(0.17801592571,-0.984027606419,0.));
#5208 = ADVANCED_FACE('',(#5209),#5234,.F.);
#5209 = FACE_BOUND('',#5210,.F.);
#5210 = EDGE_LOOP('',(#5211,#5221,#5227,#5228));
#5211 = ORIENTED_EDGE('',*,*,#5212,.T.);
#5212 = EDGE_CURVE('',#5213,#5215,#5217,.T.);
#5213 = VERTEX_POINT('',#5214);
#5214 = CARTESIAN_POINT('',(14.821963078635,26.780227094378,0.));
#5215 = VERTEX_POINT('',#5216);
#5216 = CARTESIAN_POINT('',(14.821963078635,26.780227094378,8.E-02));
#5217 = LINE('',#5218,#5219);
#5218 = CARTESIAN_POINT('',(14.821963078635,26.780227094378,0.));
#5219 = VECTOR('',#5220,1.);
#5220 = DIRECTION('',(0.,0.,1.));
#5221 = ORIENTED_EDGE('',*,*,#5222,.T.);
#5222 = EDGE_CURVE('',#5215,#5184,#5223,.T.);
#5223 = LINE('',#5224,#5225);
#5224 = CARTESIAN_POINT('',(14.821963078635,26.780227094378,8.E-02));
#5225 = VECTOR('',#5226,1.);
#5226 = DIRECTION('',(-1.,0.,0.));
#5227 = ORIENTED_EDGE('',*,*,#5181,.F.);
#5228 = ORIENTED_EDGE('',*,*,#5229,.F.);
#5229 = EDGE_CURVE('',#5213,#5182,#5230,.T.);
#5230 = LINE('',#5231,#5232);
#5231 = CARTESIAN_POINT('',(14.821963078635,26.780227094378,0.));
#5232 = VECTOR('',#5233,1.);
#5233 = DIRECTION('',(-1.,0.,0.));
#5234 = PLANE('',#5235);
#5235 = AXIS2_PLACEMENT_3D('',#5236,#5237,#5238);
#5236 = CARTESIAN_POINT('',(14.821963078635,26.780227094378,0.));
#5237 = DIRECTION('',(0.,-1.,0.));
#5238 = DIRECTION('',(-1.,0.,0.));
#5239 = ADVANCED_FACE('',(#5240),#5265,.F.);
#5240 = FACE_BOUND('',#5241,.F.);
#5241 = EDGE_LOOP('',(#5242,#5252,#5258,#5259));
#5242 = ORIENTED_EDGE('',*,*,#5243,.T.);
#5243 = EDGE_CURVE('',#5244,#5246,#5248,.T.);
#5244 = VERTEX_POINT('',#5245);
#5245 = CARTESIAN_POINT('',(15.070567989349,25.196644505092,0.));
#5246 = VERTEX_POINT('',#5247);
#5247 = CARTESIAN_POINT('',(15.070567989349,25.196644505092,8.E-02));
#5248 = LINE('',#5249,#5250);
#5249 = CARTESIAN_POINT('',(15.070567989349,25.196644505092,0.));
#5250 = VECTOR('',#5251,1.);
#5251 = DIRECTION('',(0.,0.,1.));
#5252 = ORIENTED_EDGE('',*,*,#5253,.T.);
#5253 = EDGE_CURVE('',#5246,#5215,#5254,.T.);
#5254 = LINE('',#5255,#5256);
#5255 = CARTESIAN_POINT('',(15.070567989349,25.196644505092,8.E-02));
#5256 = VECTOR('',#5257,1.);
#5257 = DIRECTION('',(-0.155089416571,0.987900436718,0.));
#5258 = ORIENTED_EDGE('',*,*,#5212,.F.);
#5259 = ORIENTED_EDGE('',*,*,#5260,.F.);
#5260 = EDGE_CURVE('',#5244,#5213,#5261,.T.);
#5261 = LINE('',#5262,#5263);
#5262 = CARTESIAN_POINT('',(15.070567989349,25.196644505092,0.));
#5263 = VECTOR('',#5264,1.);
#5264 = DIRECTION('',(-0.155089416571,0.987900436718,0.));
#5265 = PLANE('',#5266);
#5266 = AXIS2_PLACEMENT_3D('',#5267,#5268,#5269);
#5267 = CARTESIAN_POINT('',(15.070567989349,25.196644505092,0.));
#5268 = DIRECTION('',(-0.987900436718,-0.155089416571,0.));
#5269 = DIRECTION('',(-0.155089416571,0.987900436718,0.));
#5270 = ADVANCED_FACE('',(#5271),#5296,.F.);
#5271 = FACE_BOUND('',#5272,.F.);
#5272 = EDGE_LOOP('',(#5273,#5283,#5289,#5290));
#5273 = ORIENTED_EDGE('',*,*,#5274,.T.);
#5274 = EDGE_CURVE('',#5275,#5277,#5279,.T.);
#5275 = VERTEX_POINT('',#5276);
#5276 = CARTESIAN_POINT('',(15.289708614349,26.238084237235,0.));
#5277 = VERTEX_POINT('',#5278);
#5278 = CARTESIAN_POINT('',(15.289708614349,26.238084237235,8.E-02));
#5279 = LINE('',#5280,#5281);
#5280 = CARTESIAN_POINT('',(15.289708614349,26.238084237235,0.));
#5281 = VECTOR('',#5282,1.);
#5282 = DIRECTION('',(0.,0.,1.));
#5283 = ORIENTED_EDGE('',*,*,#5284,.T.);
#5284 = EDGE_CURVE('',#5277,#5246,#5285,.T.);
#5285 = LINE('',#5286,#5287);
#5286 = CARTESIAN_POINT('',(15.289708614349,26.238084237235,8.E-02));
#5287 = VECTOR('',#5288,1.);
#5288 = DIRECTION('',(-0.20591164657,-0.978570587033,0.));
#5289 = ORIENTED_EDGE('',*,*,#5243,.F.);
#5290 = ORIENTED_EDGE('',*,*,#5291,.F.);
#5291 = EDGE_CURVE('',#5275,#5244,#5292,.T.);
#5292 = LINE('',#5293,#5294);
#5293 = CARTESIAN_POINT('',(15.289708614349,26.238084237235,0.));
#5294 = VECTOR('',#5295,1.);
#5295 = DIRECTION('',(-0.20591164657,-0.978570587033,0.));
#5296 = PLANE('',#5297);
#5297 = AXIS2_PLACEMENT_3D('',#5298,#5299,#5300);
#5298 = CARTESIAN_POINT('',(15.289708614349,26.238084237235,0.));
#5299 = DIRECTION('',(0.978570587033,-0.20591164657,0.));
#5300 = DIRECTION('',(-0.20591164657,-0.978570587033,0.));
#5301 = ADVANCED_FACE('',(#5302),#5327,.F.);
#5302 = FACE_BOUND('',#5303,.F.);
#5303 = EDGE_LOOP('',(#5304,#5314,#5320,#5321));
#5304 = ORIENTED_EDGE('',*,*,#5305,.T.);
#5305 = EDGE_CURVE('',#5306,#5308,#5310,.T.);
#5306 = VERTEX_POINT('',#5307);
#5307 = CARTESIAN_POINT('',(15.726148346492,26.238084237235,0.));
#5308 = VERTEX_POINT('',#5309);
#5309 = CARTESIAN_POINT('',(15.726148346492,26.238084237235,8.E-02));
#5310 = LINE('',#5311,#5312);
#5311 = CARTESIAN_POINT('',(15.726148346492,26.238084237235,0.));
#5312 = VECTOR('',#5313,1.);
#5313 = DIRECTION('',(0.,0.,1.));
#5314 = ORIENTED_EDGE('',*,*,#5315,.T.);
#5315 = EDGE_CURVE('',#5308,#5277,#5316,.T.);
#5316 = LINE('',#5317,#5318);
#5317 = CARTESIAN_POINT('',(15.726148346492,26.238084237235,8.E-02));
#5318 = VECTOR('',#5319,1.);
#5319 = DIRECTION('',(-1.,0.,0.));
#5320 = ORIENTED_EDGE('',*,*,#5274,.F.);
#5321 = ORIENTED_EDGE('',*,*,#5322,.F.);
#5322 = EDGE_CURVE('',#5306,#5275,#5323,.T.);
#5323 = LINE('',#5324,#5325);
#5324 = CARTESIAN_POINT('',(15.726148346492,26.238084237235,0.));
#5325 = VECTOR('',#5326,1.);
#5326 = DIRECTION('',(-1.,0.,0.));
#5327 = PLANE('',#5328);
#5328 = AXIS2_PLACEMENT_3D('',#5329,#5330,#5331);
#5329 = CARTESIAN_POINT('',(15.726148346492,26.238084237235,0.));
#5330 = DIRECTION('',(0.,-1.,0.));
#5331 = DIRECTION('',(-1.,0.,0.));
#5332 = ADVANCED_FACE('',(#5333),#5358,.F.);
#5333 = FACE_BOUND('',#5334,.F.);
#5334 = EDGE_LOOP('',(#5335,#5345,#5351,#5352));
#5335 = ORIENTED_EDGE('',*,*,#5336,.T.);
#5336 = EDGE_CURVE('',#5337,#5339,#5341,.T.);
#5337 = VERTEX_POINT('',#5338);
#5338 = CARTESIAN_POINT('',(15.948972007207,25.196644505092,0.));
#5339 = VERTEX_POINT('',#5340);
#5340 = CARTESIAN_POINT('',(15.948972007207,25.196644505092,8.E-02));
#5341 = LINE('',#5342,#5343);
#5342 = CARTESIAN_POINT('',(15.948972007207,25.196644505092,0.));
#5343 = VECTOR('',#5344,1.);
#5344 = DIRECTION('',(0.,0.,1.));
#5345 = ORIENTED_EDGE('',*,*,#5346,.T.);
#5346 = EDGE_CURVE('',#5339,#5308,#5347,.T.);
#5347 = LINE('',#5348,#5349);
#5348 = CARTESIAN_POINT('',(15.948972007207,25.196644505092,8.E-02));
#5349 = VECTOR('',#5350,1.);
#5350 = DIRECTION('',(-0.209222056316,0.977868156323,0.));
#5351 = ORIENTED_EDGE('',*,*,#5305,.F.);
#5352 = ORIENTED_EDGE('',*,*,#5353,.F.);
#5353 = EDGE_CURVE('',#5337,#5306,#5354,.T.);
#5354 = LINE('',#5355,#5356);
#5355 = CARTESIAN_POINT('',(15.948972007207,25.196644505092,0.));
#5356 = VECTOR('',#5357,1.);
#5357 = DIRECTION('',(-0.209222056316,0.977868156323,0.));
#5358 = PLANE('',#5359);
#5359 = AXIS2_PLACEMENT_3D('',#5360,#5361,#5362);
#5360 = CARTESIAN_POINT('',(15.948972007207,25.196644505092,0.));
#5361 = DIRECTION('',(-0.977868156323,-0.209222056316,0.));
#5362 = DIRECTION('',(-0.209222056316,0.977868156323,0.));
#5363 = ADVANCED_FACE('',(#5364),#5380,.F.);
#5364 = FACE_BOUND('',#5365,.F.);
#5365 = EDGE_LOOP('',(#5366,#5367,#5373,#5374));
#5366 = ORIENTED_EDGE('',*,*,#5004,.T.);
#5367 = ORIENTED_EDGE('',*,*,#5368,.T.);
#5368 = EDGE_CURVE('',#4997,#5339,#5369,.T.);
#5369 = LINE('',#5370,#5371);
#5370 = CARTESIAN_POINT('',(16.193893882207,26.780227094378,8.E-02));
#5371 = VECTOR('',#5372,1.);
#5372 = DIRECTION('',(-0.152845866299,-0.988250039795,0.));
#5373 = ORIENTED_EDGE('',*,*,#5336,.F.);
#5374 = ORIENTED_EDGE('',*,*,#5375,.F.);
#5375 = EDGE_CURVE('',#5005,#5337,#5376,.T.);
#5376 = LINE('',#5377,#5378);
#5377 = CARTESIAN_POINT('',(16.193893882207,26.780227094378,0.));
#5378 = VECTOR('',#5379,1.);
#5379 = DIRECTION('',(-0.152845866299,-0.988250039795,0.));
#5380 = PLANE('',#5381);
#5381 = AXIS2_PLACEMENT_3D('',#5382,#5383,#5384);
#5382 = CARTESIAN_POINT('',(16.193893882207,26.780227094378,0.));
#5383 = DIRECTION('',(0.988250039795,-0.152845866299,0.));
#5384 = DIRECTION('',(-0.152845866299,-0.988250039795,0.));
#5385 = ADVANCED_FACE('',(#5386),#5401,.T.);
#5386 = FACE_BOUND('',#5387,.T.);
#5387 = EDGE_LOOP('',(#5388,#5389,#5390,#5391,#5392,#5393,#5394,#5395,
    #5396,#5397,#5398,#5399,#5400));
#5388 = ORIENTED_EDGE('',*,*,#5012,.F.);
#5389 = ORIENTED_EDGE('',*,*,#5043,.F.);
#5390 = ORIENTED_EDGE('',*,*,#5074,.F.);
#5391 = ORIENTED_EDGE('',*,*,#5105,.F.);
#5392 = ORIENTED_EDGE('',*,*,#5136,.F.);
#5393 = ORIENTED_EDGE('',*,*,#5167,.F.);
#5394 = ORIENTED_EDGE('',*,*,#5198,.F.);
#5395 = ORIENTED_EDGE('',*,*,#5229,.F.);
#5396 = ORIENTED_EDGE('',*,*,#5260,.F.);
#5397 = ORIENTED_EDGE('',*,*,#5291,.F.);
#5398 = ORIENTED_EDGE('',*,*,#5322,.F.);
#5399 = ORIENTED_EDGE('',*,*,#5353,.F.);
#5400 = ORIENTED_EDGE('',*,*,#5375,.F.);
#5401 = PLANE('',#5402);
#5402 = AXIS2_PLACEMENT_3D('',#5403,#5404,#5405);
#5403 = CARTESIAN_POINT('',(15.508340378029,25.725818611404,0.));
#5404 = DIRECTION('',(0.,0.,-1.));
#5405 = DIRECTION('',(-1.,0.,0.));
#5406 = ADVANCED_FACE('',(#5407),#5422,.F.);
#5407 = FACE_BOUND('',#5408,.F.);
#5408 = EDGE_LOOP('',(#5409,#5410,#5411,#5412,#5413,#5414,#5415,#5416,
    #5417,#5418,#5419,#5420,#5421));
#5409 = ORIENTED_EDGE('',*,*,#4996,.F.);
#5410 = ORIENTED_EDGE('',*,*,#5036,.F.);
#5411 = ORIENTED_EDGE('',*,*,#5067,.F.);
#5412 = ORIENTED_EDGE('',*,*,#5098,.F.);
#5413 = ORIENTED_EDGE('',*,*,#5129,.F.);
#5414 = ORIENTED_EDGE('',*,*,#5160,.F.);
#5415 = ORIENTED_EDGE('',*,*,#5191,.F.);
#5416 = ORIENTED_EDGE('',*,*,#5222,.F.);
#5417 = ORIENTED_EDGE('',*,*,#5253,.F.);
#5418 = ORIENTED_EDGE('',*,*,#5284,.F.);
#5419 = ORIENTED_EDGE('',*,*,#5315,.F.);
#5420 = ORIENTED_EDGE('',*,*,#5346,.F.);
#5421 = ORIENTED_EDGE('',*,*,#5368,.F.);
#5422 = PLANE('',#5423);
#5423 = AXIS2_PLACEMENT_3D('',#5424,#5425,#5426);
#5424 = CARTESIAN_POINT('',(15.508340378029,25.725818611404,8.E-02));
#5425 = DIRECTION('',(0.,0.,-1.));
#5426 = DIRECTION('',(-1.,0.,0.));
#5427 = MANIFOLD_SOLID_BREP('',#5428);
#5428 = CLOSED_SHELL('',(#5429,#5471,#5504,#5537,#5570,#5603,#5636,#5669
    ,#5693,#5735,#5768,#5801,#5834,#5867,#5900,#5933,#5957,#5983));
#5429 = ADVANCED_FACE('',(#5430),#5464,.F.);
#5430 = FACE_BOUND('',#5431,.F.);
#5431 = EDGE_LOOP('',(#5432,#5442,#5450,#5458));
#5432 = ORIENTED_EDGE('',*,*,#5433,.T.);
#5433 = EDGE_CURVE('',#5434,#5436,#5438,.T.);
#5434 = VERTEX_POINT('',#5435);
#5435 = CARTESIAN_POINT('',(14.192041203635,25.743084237235,0.));
#5436 = VERTEX_POINT('',#5437);
#5437 = CARTESIAN_POINT('',(14.192041203635,25.743084237235,8.E-02));
#5438 = LINE('',#5439,#5440);
#5439 = CARTESIAN_POINT('',(14.192041203635,25.743084237235,0.));
#5440 = VECTOR('',#5441,1.);
#5441 = DIRECTION('',(0.,0.,1.));
#5442 = ORIENTED_EDGE('',*,*,#5443,.T.);
#5443 = EDGE_CURVE('',#5436,#5444,#5446,.T.);
#5444 = VERTEX_POINT('',#5445);
#5445 = CARTESIAN_POINT('',(13.933369328635,26.535059683664,8.E-02));
#5446 = B_SPLINE_CURVE_WITH_KNOTS('',2,(#5447,#5448,#5449),
  .UNSPECIFIED.,.F.,.F.,(3,3),(0.,1.),.PIECEWISE_BEZIER_KNOTS.);
#5447 = CARTESIAN_POINT('',(14.192041203635,25.743084237235,8.E-02));
#5448 = CARTESIAN_POINT('',(14.192041203635,26.242872183664,8.E-02));
#5449 = CARTESIAN_POINT('',(13.933369328635,26.535059683664,8.E-02));
#5450 = ORIENTED_EDGE('',*,*,#5451,.F.);
#5451 = EDGE_CURVE('',#5452,#5444,#5454,.T.);
#5452 = VERTEX_POINT('',#5453);
#5453 = CARTESIAN_POINT('',(13.933369328635,26.535059683664,0.));
#5454 = LINE('',#5455,#5456);
#5455 = CARTESIAN_POINT('',(13.933369328635,26.535059683664,0.));
#5456 = VECTOR('',#5457,1.);
#5457 = DIRECTION('',(0.,0.,1.));
#5458 = ORIENTED_EDGE('',*,*,#5459,.F.);
#5459 = EDGE_CURVE('',#5434,#5452,#5460,.T.);
#5460 = B_SPLINE_CURVE_WITH_KNOTS('',2,(#5461,#5462,#5463),
  .UNSPECIFIED.,.F.,.F.,(3,3),(0.,1.),.PIECEWISE_BEZIER_KNOTS.);
#5461 = CARTESIAN_POINT('',(14.192041203635,25.743084237235,0.));
#5462 = CARTESIAN_POINT('',(14.192041203635,26.242872183664,0.));
#5463 = CARTESIAN_POINT('',(13.933369328635,26.535059683664,0.));
#5464 = SURFACE_OF_LINEAR_EXTRUSION('',#5465,#5469);
#5465 = B_SPLINE_CURVE_WITH_KNOTS('',2,(#5466,#5467,#5468),
  .UNSPECIFIED.,.F.,.F.,(3,3),(0.,1.),.PIECEWISE_BEZIER_KNOTS.);
#5466 = CARTESIAN_POINT('',(14.192041203635,25.743084237235,0.));
#5467 = CARTESIAN_POINT('',(14.192041203635,26.242872183664,0.));
#5468 = CARTESIAN_POINT('',(13.933369328635,26.535059683664,0.));
#5469 = VECTOR('',#5470,1.);
#5470 = DIRECTION('',(-0.,-0.,-1.));
#5471 = ADVANCED_FACE('',(#5472),#5497,.F.);
#5472 = FACE_BOUND('',#5473,.F.);
#5473 = EDGE_LOOP('',(#5474,#5484,#5490,#5491));
#5474 = ORIENTED_EDGE('',*,*,#5475,.T.);
#5475 = EDGE_CURVE('',#5476,#5478,#5480,.T.);
#5476 = VERTEX_POINT('',#5477);
#5477 = CARTESIAN_POINT('',(13.933369328635,24.950986022949,0.));
#5478 = VERTEX_POINT('',#5479);
#5479 = CARTESIAN_POINT('',(13.933369328635,24.950986022949,8.E-02));
#5480 = LINE('',#5481,#5482);
#5481 = CARTESIAN_POINT('',(13.933369328635,24.950986022949,0.));
#5482 = VECTOR('',#5483,1.);
#5483 = DIRECTION('',(0.,0.,1.));
#5484 = ORIENTED_EDGE('',*,*,#5485,.T.);
#5485 = EDGE_CURVE('',#5478,#5436,#5486,.T.);
#5486 = B_SPLINE_CURVE_WITH_KNOTS('',2,(#5487,#5488,#5489),
  .UNSPECIFIED.,.F.,.F.,(3,3),(0.,1.),.PIECEWISE_BEZIER_KNOTS.);
#5487 = CARTESIAN_POINT('',(13.933369328635,24.950986022949,8.E-02));
#5488 = CARTESIAN_POINT('',(14.192041203635,25.243296290806,8.E-02));
#5489 = CARTESIAN_POINT('',(14.192041203635,25.743084237235,8.E-02));
#5490 = ORIENTED_EDGE('',*,*,#5433,.F.);
#5491 = ORIENTED_EDGE('',*,*,#5492,.F.);
#5492 = EDGE_CURVE('',#5476,#5434,#5493,.T.);
#5493 = B_SPLINE_CURVE_WITH_KNOTS('',2,(#5494,#5495,#5496),
  .UNSPECIFIED.,.F.,.F.,(3,3),(0.,1.),.PIECEWISE_BEZIER_KNOTS.);
#5494 = CARTESIAN_POINT('',(13.933369328635,24.950986022949,0.));
#5495 = CARTESIAN_POINT('',(14.192041203635,25.243296290806,0.));
#5496 = CARTESIAN_POINT('',(14.192041203635,25.743084237235,0.));
#5497 = SURFACE_OF_LINEAR_EXTRUSION('',#5498,#5502);
#5498 = B_SPLINE_CURVE_WITH_KNOTS('',2,(#5499,#5500,#5501),
  .UNSPECIFIED.,.F.,.F.,(3,3),(0.,1.),.PIECEWISE_BEZIER_KNOTS.);
#5499 = CARTESIAN_POINT('',(13.933369328635,24.950986022949,0.));
#5500 = CARTESIAN_POINT('',(14.192041203635,25.243296290806,0.));
#5501 = CARTESIAN_POINT('',(14.192041203635,25.743084237235,0.));
#5502 = VECTOR('',#5503,1.);
#5503 = DIRECTION('',(-0.,-0.,-1.));
#5504 = ADVANCED_FACE('',(#5505),#5530,.F.);
#5505 = FACE_BOUND('',#5506,.F.);
#5506 = EDGE_LOOP('',(#5507,#5517,#5523,#5524));
#5507 = ORIENTED_EDGE('',*,*,#5508,.T.);
#5508 = EDGE_CURVE('',#5509,#5511,#5513,.T.);
#5509 = VERTEX_POINT('',#5510);
#5510 = CARTESIAN_POINT('',(13.238134953635,24.658798522949,0.));
#5511 = VERTEX_POINT('',#5512);
#5512 = CARTESIAN_POINT('',(13.238134953635,24.658798522949,8.E-02));
#5513 = LINE('',#5514,#5515);
#5514 = CARTESIAN_POINT('',(13.238134953635,24.658798522949,0.));
#5515 = VECTOR('',#5516,1.);
#5516 = DIRECTION('',(0.,0.,1.));
#5517 = ORIENTED_EDGE('',*,*,#5518,.T.);
#5518 = EDGE_CURVE('',#5511,#5478,#5519,.T.);
#5519 = B_SPLINE_CURVE_WITH_KNOTS('',2,(#5520,#5521,#5522),
  .UNSPECIFIED.,.F.,.F.,(3,3),(0.,1.),.PIECEWISE_BEZIER_KNOTS.);
#5520 = CARTESIAN_POINT('',(13.238134953635,24.658798522949,8.E-02));
#5521 = CARTESIAN_POINT('',(13.674574685778,24.658798522949,8.E-02));
#5522 = CARTESIAN_POINT('',(13.933369328635,24.950986022949,8.E-02));
#5523 = ORIENTED_EDGE('',*,*,#5475,.F.);
#5524 = ORIENTED_EDGE('',*,*,#5525,.F.);
#5525 = EDGE_CURVE('',#5509,#5476,#5526,.T.);
#5526 = B_SPLINE_CURVE_WITH_KNOTS('',2,(#5527,#5528,#5529),
  .UNSPECIFIED.,.F.,.F.,(3,3),(0.,1.),.PIECEWISE_BEZIER_KNOTS.);
#5527 = CARTESIAN_POINT('',(13.238134953635,24.658798522949,0.));
#5528 = CARTESIAN_POINT('',(13.674574685778,24.658798522949,0.));
#5529 = CARTESIAN_POINT('',(13.933369328635,24.950986022949,0.));
#5530 = SURFACE_OF_LINEAR_EXTRUSION('',#5531,#5535);
#5531 = B_SPLINE_CURVE_WITH_KNOTS('',2,(#5532,#5533,#5534),
  .UNSPECIFIED.,.F.,.F.,(3,3),(0.,1.),.PIECEWISE_BEZIER_KNOTS.);
#5532 = CARTESIAN_POINT('',(13.238134953635,24.658798522949,0.));
#5533 = CARTESIAN_POINT('',(13.674574685778,24.658798522949,0.));
#5534 = CARTESIAN_POINT('',(13.933369328635,24.950986022949,0.));
#5535 = VECTOR('',#5536,1.);
#5536 = DIRECTION('',(-0.,-0.,-1.));
#5537 = ADVANCED_FACE('',(#5538),#5563,.F.);
#5538 = FACE_BOUND('',#5539,.F.);
#5539 = EDGE_LOOP('',(#5540,#5550,#5556,#5557));
#5540 = ORIENTED_EDGE('',*,*,#5541,.T.);
#5541 = EDGE_CURVE('',#5542,#5544,#5546,.T.);
#5542 = VERTEX_POINT('',#5543);
#5543 = CARTESIAN_POINT('',(12.541181828635,24.950986022949,0.));
#5544 = VERTEX_POINT('',#5545);
#5545 = CARTESIAN_POINT('',(12.541181828635,24.950986022949,8.E-02));
#5546 = LINE('',#5547,#5548);
#5547 = CARTESIAN_POINT('',(12.541181828635,24.950986022949,0.));
#5548 = VECTOR('',#5549,1.);
#5549 = DIRECTION('',(0.,0.,1.));
#5550 = ORIENTED_EDGE('',*,*,#5551,.T.);
#5551 = EDGE_CURVE('',#5544,#5511,#5552,.T.);
#5552 = B_SPLINE_CURVE_WITH_KNOTS('',2,(#5553,#5554,#5555),
  .UNSPECIFIED.,.F.,.F.,(3,3),(0.,1.),.PIECEWISE_BEZIER_KNOTS.);
#5553 = CARTESIAN_POINT('',(12.541181828635,24.950986022949,8.E-02));
#5554 = CARTESIAN_POINT('',(12.799853703635,24.658798522949,8.E-02));
#5555 = CARTESIAN_POINT('',(13.238134953635,24.658798522949,8.E-02));
#5556 = ORIENTED_EDGE('',*,*,#5508,.F.);
#5557 = ORIENTED_EDGE('',*,*,#5558,.F.);
#5558 = EDGE_CURVE('',#5542,#5509,#5559,.T.);
#5559 = B_SPLINE_CURVE_WITH_KNOTS('',2,(#5560,#5561,#5562),
  .UNSPECIFIED.,.F.,.F.,(3,3),(0.,1.),.PIECEWISE_BEZIER_KNOTS.);
#5560 = CARTESIAN_POINT('',(12.541181828635,24.950986022949,0.));
#5561 = CARTESIAN_POINT('',(12.799853703635,24.658798522949,0.));
#5562 = CARTESIAN_POINT('',(13.238134953635,24.658798522949,0.));
#5563 = SURFACE_OF_LINEAR_EXTRUSION('',#5564,#5568);
#5564 = B_SPLINE_CURVE_WITH_KNOTS('',2,(#5565,#5566,#5567),
  .UNSPECIFIED.,.F.,.F.,(3,3),(0.,1.),.PIECEWISE_BEZIER_KNOTS.);
#5565 = CARTESIAN_POINT('',(12.541181828635,24.950986022949,0.));
#5566 = CARTESIAN_POINT('',(12.799853703635,24.658798522949,0.));
#5567 = CARTESIAN_POINT('',(13.238134953635,24.658798522949,0.));
#5568 = VECTOR('',#5569,1.);
#5569 = DIRECTION('',(-0.,-0.,-1.));
#5570 = ADVANCED_FACE('',(#5571),#5596,.F.);
#5571 = FACE_BOUND('',#5572,.F.);
#5572 = EDGE_LOOP('',(#5573,#5583,#5589,#5590));
#5573 = ORIENTED_EDGE('',*,*,#5574,.T.);
#5574 = EDGE_CURVE('',#5575,#5577,#5579,.T.);
#5575 = VERTEX_POINT('',#5576);
#5576 = CARTESIAN_POINT('',(12.282387185778,25.743084237235,0.));
#5577 = VERTEX_POINT('',#5578);
#5578 = CARTESIAN_POINT('',(12.282387185778,25.743084237235,8.E-02));
#5579 = LINE('',#5580,#5581);
#5580 = CARTESIAN_POINT('',(12.282387185778,25.743084237235,0.));
#5581 = VECTOR('',#5582,1.);
#5582 = DIRECTION('',(0.,0.,1.));
#5583 = ORIENTED_EDGE('',*,*,#5584,.T.);
#5584 = EDGE_CURVE('',#5577,#5544,#5585,.T.);
#5585 = B_SPLINE_CURVE_WITH_KNOTS('',2,(#5586,#5587,#5588),
  .UNSPECIFIED.,.F.,.F.,(3,3),(0.,1.),.PIECEWISE_BEZIER_KNOTS.);
#5586 = CARTESIAN_POINT('',(12.282387185778,25.743084237235,8.E-02));
#5587 = CARTESIAN_POINT('',(12.282387185778,25.243296290806,8.E-02));
#5588 = CARTESIAN_POINT('',(12.541181828635,24.950986022949,8.E-02));
#5589 = ORIENTED_EDGE('',*,*,#5541,.F.);
#5590 = ORIENTED_EDGE('',*,*,#5591,.F.);
#5591 = EDGE_CURVE('',#5575,#5542,#5592,.T.);
#5592 = B_SPLINE_CURVE_WITH_KNOTS('',2,(#5593,#5594,#5595),
  .UNSPECIFIED.,.F.,.F.,(3,3),(0.,1.),.PIECEWISE_BEZIER_KNOTS.);
#5593 = CARTESIAN_POINT('',(12.282387185778,25.743084237235,0.));
#5594 = CARTESIAN_POINT('',(12.282387185778,25.243296290806,0.));
#5595 = CARTESIAN_POINT('',(12.541181828635,24.950986022949,0.));
#5596 = SURFACE_OF_LINEAR_EXTRUSION('',#5597,#5601);
#5597 = B_SPLINE_CURVE_WITH_KNOTS('',2,(#5598,#5599,#5600),
  .UNSPECIFIED.,.F.,.F.,(3,3),(0.,1.),.PIECEWISE_BEZIER_KNOTS.);
#5598 = CARTESIAN_POINT('',(12.282387185778,25.743084237235,0.));
#5599 = CARTESIAN_POINT('',(12.282387185778,25.243296290806,0.));
#5600 = CARTESIAN_POINT('',(12.541181828635,24.950986022949,0.));
#5601 = VECTOR('',#5602,1.);
#5602 = DIRECTION('',(-0.,-0.,-1.));
#5603 = ADVANCED_FACE('',(#5604),#5629,.F.);
#5604 = FACE_BOUND('',#5605,.F.);
#5605 = EDGE_LOOP('',(#5606,#5616,#5622,#5623));
#5606 = ORIENTED_EDGE('',*,*,#5607,.T.);
#5607 = EDGE_CURVE('',#5608,#5610,#5612,.T.);
#5608 = VERTEX_POINT('',#5609);
#5609 = CARTESIAN_POINT('',(12.541181828635,26.535059683664,0.));
#5610 = VERTEX_POINT('',#5611);
#5611 = CARTESIAN_POINT('',(12.541181828635,26.535059683664,8.E-02));
#5612 = LINE('',#5613,#5614);
#5613 = CARTESIAN_POINT('',(12.541181828635,26.535059683664,0.));
#5614 = VECTOR('',#5615,1.);
#5615 = DIRECTION('',(0.,0.,1.));
#5616 = ORIENTED_EDGE('',*,*,#5617,.T.);
#5617 = EDGE_CURVE('',#5610,#5577,#5618,.T.);
#5618 = B_SPLINE_CURVE_WITH_KNOTS('',2,(#5619,#5620,#5621),
  .UNSPECIFIED.,.F.,.F.,(3,3),(0.,1.),.PIECEWISE_BEZIER_KNOTS.);
#5619 = CARTESIAN_POINT('',(12.541181828635,26.535059683664,8.E-02));
#5620 = CARTESIAN_POINT('',(12.282387185778,26.242872183664,8.E-02));
#5621 = CARTESIAN_POINT('',(12.282387185778,25.743084237235,8.E-02));
#5622 = ORIENTED_EDGE('',*,*,#5574,.F.);
#5623 = ORIENTED_EDGE('',*,*,#5624,.F.);
#5624 = EDGE_CURVE('',#5608,#5575,#5625,.T.);
#5625 = B_SPLINE_CURVE_WITH_KNOTS('',2,(#5626,#5627,#5628),
  .UNSPECIFIED.,.F.,.F.,(3,3),(0.,1.),.PIECEWISE_BEZIER_KNOTS.);
#5626 = CARTESIAN_POINT('',(12.541181828635,26.535059683664,0.));
#5627 = CARTESIAN_POINT('',(12.282387185778,26.242872183664,0.));
#5628 = CARTESIAN_POINT('',(12.282387185778,25.743084237235,0.));
#5629 = SURFACE_OF_LINEAR_EXTRUSION('',#5630,#5634);
#5630 = B_SPLINE_CURVE_WITH_KNOTS('',2,(#5631,#5632,#5633),
  .UNSPECIFIED.,.F.,.F.,(3,3),(0.,1.),.PIECEWISE_BEZIER_KNOTS.);
#5631 = CARTESIAN_POINT('',(12.541181828635,26.535059683664,0.));
#5632 = CARTESIAN_POINT('',(12.282387185778,26.242872183664,0.));
#5633 = CARTESIAN_POINT('',(12.282387185778,25.743084237235,0.));
#5634 = VECTOR('',#5635,1.);
#5635 = DIRECTION('',(-0.,-0.,-1.));
#5636 = ADVANCED_FACE('',(#5637),#5662,.F.);
#5637 = FACE_BOUND('',#5638,.F.);
#5638 = EDGE_LOOP('',(#5639,#5649,#5655,#5656));
#5639 = ORIENTED_EDGE('',*,*,#5640,.T.);
#5640 = EDGE_CURVE('',#5641,#5643,#5645,.T.);
#5641 = VERTEX_POINT('',#5642);
#5642 = CARTESIAN_POINT('',(13.238134953635,26.827369951521,0.));
#5643 = VERTEX_POINT('',#5644);
#5644 = CARTESIAN_POINT('',(13.238134953635,26.827369951521,8.E-02));
#5645 = LINE('',#5646,#5647);
#5646 = CARTESIAN_POINT('',(13.238134953635,26.827369951521,0.));
#5647 = VECTOR('',#5648,1.);
#5648 = DIRECTION('',(0.,0.,1.));
#5649 = ORIENTED_EDGE('',*,*,#5650,.T.);
#5650 = EDGE_CURVE('',#5643,#5610,#5651,.T.);
#5651 = B_SPLINE_CURVE_WITH_KNOTS('',2,(#5652,#5653,#5654),
  .UNSPECIFIED.,.F.,.F.,(3,3),(0.,1.),.PIECEWISE_BEZIER_KNOTS.);
#5652 = CARTESIAN_POINT('',(13.238134953635,26.827369951521,8.E-02));
#5653 = CARTESIAN_POINT('',(12.799853703635,26.827369951521,8.E-02));
#5654 = CARTESIAN_POINT('',(12.541181828635,26.535059683664,8.E-02));
#5655 = ORIENTED_EDGE('',*,*,#5607,.F.);
#5656 = ORIENTED_EDGE('',*,*,#5657,.F.);
#5657 = EDGE_CURVE('',#5641,#5608,#5658,.T.);
#5658 = B_SPLINE_CURVE_WITH_KNOTS('',2,(#5659,#5660,#5661),
  .UNSPECIFIED.,.F.,.F.,(3,3),(0.,1.),.PIECEWISE_BEZIER_KNOTS.);
#5659 = CARTESIAN_POINT('',(13.238134953635,26.827369951521,0.));
#5660 = CARTESIAN_POINT('',(12.799853703635,26.827369951521,0.));
#5661 = CARTESIAN_POINT('',(12.541181828635,26.535059683664,0.));
#5662 = SURFACE_OF_LINEAR_EXTRUSION('',#5663,#5667);
#5663 = B_SPLINE_CURVE_WITH_KNOTS('',2,(#5664,#5665,#5666),
  .UNSPECIFIED.,.F.,.F.,(3,3),(0.,1.),.PIECEWISE_BEZIER_KNOTS.);
#5664 = CARTESIAN_POINT('',(13.238134953635,26.827369951521,0.));
#5665 = CARTESIAN_POINT('',(12.799853703635,26.827369951521,0.));
#5666 = CARTESIAN_POINT('',(12.541181828635,26.535059683664,0.));
#5667 = VECTOR('',#5668,1.);
#5668 = DIRECTION('',(-0.,-0.,-1.));
#5669 = ADVANCED_FACE('',(#5670),#5686,.F.);
#5670 = FACE_BOUND('',#5671,.F.);
#5671 = EDGE_LOOP('',(#5672,#5673,#5679,#5680));
#5672 = ORIENTED_EDGE('',*,*,#5451,.T.);
#5673 = ORIENTED_EDGE('',*,*,#5674,.T.);
#5674 = EDGE_CURVE('',#5444,#5643,#5675,.T.);
#5675 = B_SPLINE_CURVE_WITH_KNOTS('',2,(#5676,#5677,#5678),
  .UNSPECIFIED.,.F.,.F.,(3,3),(0.,1.),.PIECEWISE_BEZIER_KNOTS.);
#5676 = CARTESIAN_POINT('',(13.933369328635,26.535059683664,8.E-02));
#5677 = CARTESIAN_POINT('',(13.674574685778,26.827369951521,8.E-02));
#5678 = CARTESIAN_POINT('',(13.238134953635,26.827369951521,8.E-02));
#5679 = ORIENTED_EDGE('',*,*,#5640,.F.);
#5680 = ORIENTED_EDGE('',*,*,#5681,.F.);
#5681 = EDGE_CURVE('',#5452,#5641,#5682,.T.);
#5682 = B_SPLINE_CURVE_WITH_KNOTS('',2,(#5683,#5684,#5685),
  .UNSPECIFIED.,.F.,.F.,(3,3),(0.,1.),.PIECEWISE_BEZIER_KNOTS.);
#5683 = CARTESIAN_POINT('',(13.933369328635,26.535059683664,0.));
#5684 = CARTESIAN_POINT('',(13.674574685778,26.827369951521,0.));
#5685 = CARTESIAN_POINT('',(13.238134953635,26.827369951521,0.));
#5686 = SURFACE_OF_LINEAR_EXTRUSION('',#5687,#5691);
#5687 = B_SPLINE_CURVE_WITH_KNOTS('',2,(#5688,#5689,#5690),
  .UNSPECIFIED.,.F.,.F.,(3,3),(0.,1.),.PIECEWISE_BEZIER_KNOTS.);
#5688 = CARTESIAN_POINT('',(13.933369328635,26.535059683664,0.));
#5689 = CARTESIAN_POINT('',(13.674574685778,26.827369951521,0.));
#5690 = CARTESIAN_POINT('',(13.238134953635,26.827369951521,0.));
#5691 = VECTOR('',#5692,1.);
#5692 = DIRECTION('',(-0.,-0.,-1.));
#5693 = ADVANCED_FACE('',(#5694),#5728,.F.);
#5694 = FACE_BOUND('',#5695,.F.);
#5695 = EDGE_LOOP('',(#5696,#5706,#5714,#5722));
#5696 = ORIENTED_EDGE('',*,*,#5697,.T.);
#5697 = EDGE_CURVE('',#5698,#5700,#5702,.T.);
#5698 = VERTEX_POINT('',#5699);
#5699 = CARTESIAN_POINT('',(13.238134953635,26.387369951521,0.));
#5700 = VERTEX_POINT('',#5701);
#5701 = CARTESIAN_POINT('',(13.238134953635,26.387369951521,8.E-02));
#5702 = LINE('',#5703,#5704);
#5703 = CARTESIAN_POINT('',(13.238134953635,26.387369951521,0.));
#5704 = VECTOR('',#5705,1.);
#5705 = DIRECTION('',(0.,0.,1.));
#5706 = ORIENTED_EDGE('',*,*,#5707,.T.);
#5707 = EDGE_CURVE('',#5700,#5708,#5710,.T.);
#5708 = VERTEX_POINT('',#5709);
#5709 = CARTESIAN_POINT('',(13.541985400064,26.217090933664,8.E-02));
#5710 = B_SPLINE_CURVE_WITH_KNOTS('',2,(#5711,#5712,#5713),
  .UNSPECIFIED.,.F.,.F.,(3,3),(0.,1.),.PIECEWISE_BEZIER_KNOTS.);
#5711 = CARTESIAN_POINT('',(13.238134953635,26.387369951521,8.E-02));
#5712 = CARTESIAN_POINT('',(13.431494328635,26.387369951521,8.E-02));
#5713 = CARTESIAN_POINT('',(13.541985400064,26.217090933664,8.E-02));
#5714 = ORIENTED_EDGE('',*,*,#5715,.F.);
#5715 = EDGE_CURVE('',#5716,#5708,#5718,.T.);
#5716 = VERTEX_POINT('',#5717);
#5717 = CARTESIAN_POINT('',(13.541985400064,26.217090933664,0.));
#5718 = LINE('',#5719,#5720);
#5719 = CARTESIAN_POINT('',(13.541985400064,26.217090933664,0.));
#5720 = VECTOR('',#5721,1.);
#5721 = DIRECTION('',(0.,0.,1.));
#5722 = ORIENTED_EDGE('',*,*,#5723,.F.);
#5723 = EDGE_CURVE('',#5698,#5716,#5724,.T.);
#5724 = B_SPLINE_CURVE_WITH_KNOTS('',2,(#5725,#5726,#5727),
  .UNSPECIFIED.,.F.,.F.,(3,3),(0.,1.),.PIECEWISE_BEZIER_KNOTS.);
#5725 = CARTESIAN_POINT('',(13.238134953635,26.387369951521,0.));
#5726 = CARTESIAN_POINT('',(13.431494328635,26.387369951521,0.));
#5727 = CARTESIAN_POINT('',(13.541985400064,26.217090933664,0.));
#5728 = SURFACE_OF_LINEAR_EXTRUSION('',#5729,#5733);
#5729 = B_SPLINE_CURVE_WITH_KNOTS('',2,(#5730,#5731,#5732),
  .UNSPECIFIED.,.F.,.F.,(3,3),(0.,1.),.PIECEWISE_BEZIER_KNOTS.);
#5730 = CARTESIAN_POINT('',(13.238134953635,26.387369951521,0.));
#5731 = CARTESIAN_POINT('',(13.431494328635,26.387369951521,0.));
#5732 = CARTESIAN_POINT('',(13.541985400064,26.217090933664,0.));
#5733 = VECTOR('',#5734,1.);
#5734 = DIRECTION('',(-0.,-0.,-1.));
#5735 = ADVANCED_FACE('',(#5736),#5761,.F.);
#5736 = FACE_BOUND('',#5737,.F.);
#5737 = EDGE_LOOP('',(#5738,#5748,#5754,#5755));
#5738 = ORIENTED_EDGE('',*,*,#5739,.T.);
#5739 = EDGE_CURVE('',#5740,#5742,#5744,.T.);
#5740 = VERTEX_POINT('',#5741);
#5741 = CARTESIAN_POINT('',(12.932442989349,26.217090933664,0.));
#5742 = VERTEX_POINT('',#5743);
#5743 = CARTESIAN_POINT('',(12.932442989349,26.217090933664,8.E-02));
#5744 = LINE('',#5745,#5746);
#5745 = CARTESIAN_POINT('',(12.932442989349,26.217090933664,0.));
#5746 = VECTOR('',#5747,1.);
#5747 = DIRECTION('',(0.,0.,1.));
#5748 = ORIENTED_EDGE('',*,*,#5749,.T.);
#5749 = EDGE_CURVE('',#5742,#5700,#5750,.T.);
#5750 = B_SPLINE_CURVE_WITH_KNOTS('',2,(#5751,#5752,#5753),
  .UNSPECIFIED.,.F.,.F.,(3,3),(0.,1.),.PIECEWISE_BEZIER_KNOTS.);
#5751 = CARTESIAN_POINT('',(12.932442989349,26.217090933664,8.E-02));
#5752 = CARTESIAN_POINT('',(13.042934060778,26.387369951521,8.E-02));
#5753 = CARTESIAN_POINT('',(13.238134953635,26.387369951521,8.E-02));
#5754 = ORIENTED_EDGE('',*,*,#5697,.F.);
#5755 = ORIENTED_EDGE('',*,*,#5756,.F.);
#5756 = EDGE_CURVE('',#5740,#5698,#5757,.T.);
#5757 = B_SPLINE_CURVE_WITH_KNOTS('',2,(#5758,#5759,#5760),
  .UNSPECIFIED.,.F.,.F.,(3,3),(0.,1.),.PIECEWISE_BEZIER_KNOTS.);
#5758 = CARTESIAN_POINT('',(12.932442989349,26.217090933664,0.));
#5759 = CARTESIAN_POINT('',(13.042934060778,26.387369951521,0.));
#5760 = CARTESIAN_POINT('',(13.238134953635,26.387369951521,0.));
#5761 = SURFACE_OF_LINEAR_EXTRUSION('',#5762,#5766);
#5762 = B_SPLINE_CURVE_WITH_KNOTS('',2,(#5763,#5764,#5765),
  .UNSPECIFIED.,.F.,.F.,(3,3),(0.,1.),.PIECEWISE_BEZIER_KNOTS.);
#5763 = CARTESIAN_POINT('',(12.932442989349,26.217090933664,0.));
#5764 = CARTESIAN_POINT('',(13.042934060778,26.387369951521,0.));
#5765 = CARTESIAN_POINT('',(13.238134953635,26.387369951521,0.));
#5766 = VECTOR('',#5767,1.);
#5767 = DIRECTION('',(-0.,-0.,-1.));
#5768 = ADVANCED_FACE('',(#5769),#5794,.F.);
#5769 = FACE_BOUND('',#5770,.F.);
#5770 = EDGE_LOOP('',(#5771,#5781,#5787,#5788));
#5771 = ORIENTED_EDGE('',*,*,#5772,.T.);
#5772 = EDGE_CURVE('',#5773,#5775,#5777,.T.);
#5773 = VERTEX_POINT('',#5774);
#5774 = CARTESIAN_POINT('',(12.821951917921,25.743084237235,0.));
#5775 = VERTEX_POINT('',#5776);
#5776 = CARTESIAN_POINT('',(12.821951917921,25.743084237235,8.E-02));
#5777 = LINE('',#5778,#5779);
#5778 = CARTESIAN_POINT('',(12.821951917921,25.743084237235,0.));
#5779 = VECTOR('',#5780,1.);
#5780 = DIRECTION('',(0.,0.,1.));
#5781 = ORIENTED_EDGE('',*,*,#5782,.T.);
#5782 = EDGE_CURVE('',#5775,#5742,#5783,.T.);
#5783 = B_SPLINE_CURVE_WITH_KNOTS('',2,(#5784,#5785,#5786),
  .UNSPECIFIED.,.F.,.F.,(3,3),(0.,1.),.PIECEWISE_BEZIER_KNOTS.);
#5784 = CARTESIAN_POINT('',(12.821951917921,25.743084237235,8.E-02));
#5785 = CARTESIAN_POINT('',(12.821951917921,26.046811915806,8.E-02));
#5786 = CARTESIAN_POINT('',(12.932442989349,26.217090933664,8.E-02));
#5787 = ORIENTED_EDGE('',*,*,#5739,.F.);
#5788 = ORIENTED_EDGE('',*,*,#5789,.F.);
#5789 = EDGE_CURVE('',#5773,#5740,#5790,.T.);
#5790 = B_SPLINE_CURVE_WITH_KNOTS('',2,(#5791,#5792,#5793),
  .UNSPECIFIED.,.F.,.F.,(3,3),(0.,1.),.PIECEWISE_BEZIER_KNOTS.);
#5791 = CARTESIAN_POINT('',(12.821951917921,25.743084237235,0.));
#5792 = CARTESIAN_POINT('',(12.821951917921,26.046811915806,0.));
#5793 = CARTESIAN_POINT('',(12.932442989349,26.217090933664,0.));
#5794 = SURFACE_OF_LINEAR_EXTRUSION('',#5795,#5799);
#5795 = B_SPLINE_CURVE_WITH_KNOTS('',2,(#5796,#5797,#5798),
  .UNSPECIFIED.,.F.,.F.,(3,3),(0.,1.),.PIECEWISE_BEZIER_KNOTS.);
#5796 = CARTESIAN_POINT('',(12.821951917921,25.743084237235,0.));
#5797 = CARTESIAN_POINT('',(12.821951917921,26.046811915806,0.));
#5798 = CARTESIAN_POINT('',(12.932442989349,26.217090933664,0.));
#5799 = VECTOR('',#5800,1.);
#5800 = DIRECTION('',(-0.,-0.,-1.));
#5801 = ADVANCED_FACE('',(#5802),#5827,.F.);
#5802 = FACE_BOUND('',#5803,.F.);
#5803 = EDGE_LOOP('',(#5804,#5814,#5820,#5821));
#5804 = ORIENTED_EDGE('',*,*,#5805,.T.);
#5805 = EDGE_CURVE('',#5806,#5808,#5810,.T.);
#5806 = VERTEX_POINT('',#5807);
#5807 = CARTESIAN_POINT('',(12.932442989349,25.269077540806,0.));
#5808 = VERTEX_POINT('',#5809);
#5809 = CARTESIAN_POINT('',(12.932442989349,25.269077540806,8.E-02));
#5810 = LINE('',#5811,#5812);
#5811 = CARTESIAN_POINT('',(12.932442989349,25.269077540806,0.));
#5812 = VECTOR('',#5813,1.);
#5813 = DIRECTION('',(0.,0.,1.));
#5814 = ORIENTED_EDGE('',*,*,#5815,.T.);
#5815 = EDGE_CURVE('',#5808,#5775,#5816,.T.);
#5816 = B_SPLINE_CURVE_WITH_KNOTS('',2,(#5817,#5818,#5819),
  .UNSPECIFIED.,.F.,.F.,(3,3),(0.,1.),.PIECEWISE_BEZIER_KNOTS.);
#5817 = CARTESIAN_POINT('',(12.932442989349,25.269077540806,8.E-02));
#5818 = CARTESIAN_POINT('',(12.821951917921,25.439356558664,8.E-02));
#5819 = CARTESIAN_POINT('',(12.821951917921,25.743084237235,8.E-02));
#5820 = ORIENTED_EDGE('',*,*,#5772,.F.);
#5821 = ORIENTED_EDGE('',*,*,#5822,.F.);
#5822 = EDGE_CURVE('',#5806,#5773,#5823,.T.);
#5823 = B_SPLINE_CURVE_WITH_KNOTS('',2,(#5824,#5825,#5826),
  .UNSPECIFIED.,.F.,.F.,(3,3),(0.,1.),.PIECEWISE_BEZIER_KNOTS.);
#5824 = CARTESIAN_POINT('',(12.932442989349,25.269077540806,0.));
#5825 = CARTESIAN_POINT('',(12.821951917921,25.439356558664,0.));
#5826 = CARTESIAN_POINT('',(12.821951917921,25.743084237235,0.));
#5827 = SURFACE_OF_LINEAR_EXTRUSION('',#5828,#5832);
#5828 = B_SPLINE_CURVE_WITH_KNOTS('',2,(#5829,#5830,#5831),
  .UNSPECIFIED.,.F.,.F.,(3,3),(0.,1.),.PIECEWISE_BEZIER_KNOTS.);
#5829 = CARTESIAN_POINT('',(12.932442989349,25.269077540806,0.));
#5830 = CARTESIAN_POINT('',(12.821951917921,25.439356558664,0.));
#5831 = CARTESIAN_POINT('',(12.821951917921,25.743084237235,0.));
#5832 = VECTOR('',#5833,1.);
#5833 = DIRECTION('',(-0.,-0.,-1.));
#5834 = ADVANCED_FACE('',(#5835),#5860,.F.);
#5835 = FACE_BOUND('',#5836,.F.);
#5836 = EDGE_LOOP('',(#5837,#5847,#5853,#5854));
#5837 = ORIENTED_EDGE('',*,*,#5838,.T.);
#5838 = EDGE_CURVE('',#5839,#5841,#5843,.T.);
#5839 = VERTEX_POINT('',#5840);
#5840 = CARTESIAN_POINT('',(13.238134953635,25.098798522949,0.));
#5841 = VERTEX_POINT('',#5842);
#5842 = CARTESIAN_POINT('',(13.238134953635,25.098798522949,8.E-02));
#5843 = LINE('',#5844,#5845);
#5844 = CARTESIAN_POINT('',(13.238134953635,25.098798522949,0.));
#5845 = VECTOR('',#5846,1.);
#5846 = DIRECTION('',(0.,0.,1.));
#5847 = ORIENTED_EDGE('',*,*,#5848,.T.);
#5848 = EDGE_CURVE('',#5841,#5808,#5849,.T.);
#5849 = B_SPLINE_CURVE_WITH_KNOTS('',2,(#5850,#5851,#5852),
  .UNSPECIFIED.,.F.,.F.,(3,3),(0.,1.),.PIECEWISE_BEZIER_KNOTS.);
#5850 = CARTESIAN_POINT('',(13.238134953635,25.098798522949,8.E-02));
#5851 = CARTESIAN_POINT('',(13.042934060778,25.098798522949,8.E-02));
#5852 = CARTESIAN_POINT('',(12.932442989349,25.269077540806,8.E-02));
#5853 = ORIENTED_EDGE('',*,*,#5805,.F.);
#5854 = ORIENTED_EDGE('',*,*,#5855,.F.);
#5855 = EDGE_CURVE('',#5839,#5806,#5856,.T.);
#5856 = B_SPLINE_CURVE_WITH_KNOTS('',2,(#5857,#5858,#5859),
  .UNSPECIFIED.,.F.,.F.,(3,3),(0.,1.),.PIECEWISE_BEZIER_KNOTS.);
#5857 = CARTESIAN_POINT('',(13.238134953635,25.098798522949,0.));
#5858 = CARTESIAN_POINT('',(13.042934060778,25.098798522949,0.));
#5859 = CARTESIAN_POINT('',(12.932442989349,25.269077540806,0.));
#5860 = SURFACE_OF_LINEAR_EXTRUSION('',#5861,#5865);
#5861 = B_SPLINE_CURVE_WITH_KNOTS('',2,(#5862,#5863,#5864),
  .UNSPECIFIED.,.F.,.F.,(3,3),(0.,1.),.PIECEWISE_BEZIER_KNOTS.);
#5862 = CARTESIAN_POINT('',(13.238134953635,25.098798522949,0.));
#5863 = CARTESIAN_POINT('',(13.042934060778,25.098798522949,0.));
#5864 = CARTESIAN_POINT('',(12.932442989349,25.269077540806,0.));
#5865 = VECTOR('',#5866,1.);
#5866 = DIRECTION('',(-0.,-0.,-1.));
#5867 = ADVANCED_FACE('',(#5868),#5893,.F.);
#5868 = FACE_BOUND('',#5869,.F.);
#5869 = EDGE_LOOP('',(#5870,#5880,#5886,#5887));
#5870 = ORIENTED_EDGE('',*,*,#5871,.T.);
#5871 = EDGE_CURVE('',#5872,#5874,#5876,.T.);
#5872 = VERTEX_POINT('',#5873);
#5873 = CARTESIAN_POINT('',(13.541985400064,25.269077540806,0.));
#5874 = VERTEX_POINT('',#5875);
#5875 = CARTESIAN_POINT('',(13.541985400064,25.269077540806,8.E-02));
#5876 = LINE('',#5877,#5878);
#5877 = CARTESIAN_POINT('',(13.541985400064,25.269077540806,0.));
#5878 = VECTOR('',#5879,1.);
#5879 = DIRECTION('',(0.,0.,1.));
#5880 = ORIENTED_EDGE('',*,*,#5881,.T.);
#5881 = EDGE_CURVE('',#5874,#5841,#5882,.T.);
#5882 = B_SPLINE_CURVE_WITH_KNOTS('',2,(#5883,#5884,#5885),
  .UNSPECIFIED.,.F.,.F.,(3,3),(0.,1.),.PIECEWISE_BEZIER_KNOTS.);
#5883 = CARTESIAN_POINT('',(13.541985400064,25.269077540806,8.E-02));
#5884 = CARTESIAN_POINT('',(13.431494328635,25.098798522949,8.E-02));
#5885 = CARTESIAN_POINT('',(13.238134953635,25.098798522949,8.E-02));
#5886 = ORIENTED_EDGE('',*,*,#5838,.F.);
#5887 = ORIENTED_EDGE('',*,*,#5888,.F.);
#5888 = EDGE_CURVE('',#5872,#5839,#5889,.T.);
#5889 = B_SPLINE_CURVE_WITH_KNOTS('',2,(#5890,#5891,#5892),
  .UNSPECIFIED.,.F.,.F.,(3,3),(0.,1.),.PIECEWISE_BEZIER_KNOTS.);
#5890 = CARTESIAN_POINT('',(13.541985400064,25.269077540806,0.));
#5891 = CARTESIAN_POINT('',(13.431494328635,25.098798522949,0.));
#5892 = CARTESIAN_POINT('',(13.238134953635,25.098798522949,0.));
#5893 = SURFACE_OF_LINEAR_EXTRUSION('',#5894,#5898);
#5894 = B_SPLINE_CURVE_WITH_KNOTS('',2,(#5895,#5896,#5897),
  .UNSPECIFIED.,.F.,.F.,(3,3),(0.,1.),.PIECEWISE_BEZIER_KNOTS.);
#5895 = CARTESIAN_POINT('',(13.541985400064,25.269077540806,0.));
#5896 = CARTESIAN_POINT('',(13.431494328635,25.098798522949,0.));
#5897 = CARTESIAN_POINT('',(13.238134953635,25.098798522949,0.));
#5898 = VECTOR('',#5899,1.);
#5899 = DIRECTION('',(-0.,-0.,-1.));
#5900 = ADVANCED_FACE('',(#5901),#5926,.F.);
#5901 = FACE_BOUND('',#5902,.F.);
#5902 = EDGE_LOOP('',(#5903,#5913,#5919,#5920));
#5903 = ORIENTED_EDGE('',*,*,#5904,.T.);
#5904 = EDGE_CURVE('',#5905,#5907,#5909,.T.);
#5905 = VERTEX_POINT('',#5906);
#5906 = CARTESIAN_POINT('',(13.652476471492,25.743084237235,0.));
#5907 = VERTEX_POINT('',#5908);
#5908 = CARTESIAN_POINT('',(13.652476471492,25.743084237235,8.E-02));
#5909 = LINE('',#5910,#5911);
#5910 = CARTESIAN_POINT('',(13.652476471492,25.743084237235,0.));
#5911 = VECTOR('',#5912,1.);
#5912 = DIRECTION('',(0.,0.,1.));
#5913 = ORIENTED_EDGE('',*,*,#5914,.T.);
#5914 = EDGE_CURVE('',#5907,#5874,#5915,.T.);
#5915 = B_SPLINE_CURVE_WITH_KNOTS('',2,(#5916,#5917,#5918),
  .UNSPECIFIED.,.F.,.F.,(3,3),(0.,1.),.PIECEWISE_BEZIER_KNOTS.);
#5916 = CARTESIAN_POINT('',(13.652476471492,25.743084237235,8.E-02));
#5917 = CARTESIAN_POINT('',(13.652476471492,25.439356558664,8.E-02));
#5918 = CARTESIAN_POINT('',(13.541985400064,25.269077540806,8.E-02));
#5919 = ORIENTED_EDGE('',*,*,#5871,.F.);
#5920 = ORIENTED_EDGE('',*,*,#5921,.F.);
#5921 = EDGE_CURVE('',#5905,#5872,#5922,.T.);
#5922 = B_SPLINE_CURVE_WITH_KNOTS('',2,(#5923,#5924,#5925),
  .UNSPECIFIED.,.F.,.F.,(3,3),(0.,1.),.PIECEWISE_BEZIER_KNOTS.);
#5923 = CARTESIAN_POINT('',(13.652476471492,25.743084237235,0.));
#5924 = CARTESIAN_POINT('',(13.652476471492,25.439356558664,0.));
#5925 = CARTESIAN_POINT('',(13.541985400064,25.269077540806,0.));
#5926 = SURFACE_OF_LINEAR_EXTRUSION('',#5927,#5931);
#5927 = B_SPLINE_CURVE_WITH_KNOTS('',2,(#5928,#5929,#5930),
  .UNSPECIFIED.,.F.,.F.,(3,3),(0.,1.),.PIECEWISE_BEZIER_KNOTS.);
#5928 = CARTESIAN_POINT('',(13.652476471492,25.743084237235,0.));
#5929 = CARTESIAN_POINT('',(13.652476471492,25.439356558664,0.));
#5930 = CARTESIAN_POINT('',(13.541985400064,25.269077540806,0.));
#5931 = VECTOR('',#5932,1.);
#5932 = DIRECTION('',(-0.,-0.,-1.));
#5933 = ADVANCED_FACE('',(#5934),#5950,.F.);
#5934 = FACE_BOUND('',#5935,.F.);
#5935 = EDGE_LOOP('',(#5936,#5937,#5943,#5944));
#5936 = ORIENTED_EDGE('',*,*,#5715,.T.);
#5937 = ORIENTED_EDGE('',*,*,#5938,.T.);
#5938 = EDGE_CURVE('',#5708,#5907,#5939,.T.);
#5939 = B_SPLINE_CURVE_WITH_KNOTS('',2,(#5940,#5941,#5942),
  .UNSPECIFIED.,.F.,.F.,(3,3),(0.,1.),.PIECEWISE_BEZIER_KNOTS.);
#5940 = CARTESIAN_POINT('',(13.541985400064,26.217090933664,8.E-02));
#5941 = CARTESIAN_POINT('',(13.652476471492,26.046811915806,8.E-02));
#5942 = CARTESIAN_POINT('',(13.652476471492,25.743084237235,8.E-02));
#5943 = ORIENTED_EDGE('',*,*,#5904,.F.);
#5944 = ORIENTED_EDGE('',*,*,#5945,.F.);
#5945 = EDGE_CURVE('',#5716,#5905,#5946,.T.);
#5946 = B_SPLINE_CURVE_WITH_KNOTS('',2,(#5947,#5948,#5949),
  .UNSPECIFIED.,.F.,.F.,(3,3),(0.,1.),.PIECEWISE_BEZIER_KNOTS.);
#5947 = CARTESIAN_POINT('',(13.541985400064,26.217090933664,0.));
#5948 = CARTESIAN_POINT('',(13.652476471492,26.046811915806,0.));
#5949 = CARTESIAN_POINT('',(13.652476471492,25.743084237235,0.));
#5950 = SURFACE_OF_LINEAR_EXTRUSION('',#5951,#5955);
#5951 = B_SPLINE_CURVE_WITH_KNOTS('',2,(#5952,#5953,#5954),
  .UNSPECIFIED.,.F.,.F.,(3,3),(0.,1.),.PIECEWISE_BEZIER_KNOTS.);
#5952 = CARTESIAN_POINT('',(13.541985400064,26.217090933664,0.));
#5953 = CARTESIAN_POINT('',(13.652476471492,26.046811915806,0.));
#5954 = CARTESIAN_POINT('',(13.652476471492,25.743084237235,0.));
#5955 = VECTOR('',#5956,1.);
#5956 = DIRECTION('',(-0.,-0.,-1.));
#5957 = ADVANCED_FACE('',(#5958,#5968),#5978,.T.);
#5958 = FACE_BOUND('',#5959,.T.);
#5959 = EDGE_LOOP('',(#5960,#5961,#5962,#5963,#5964,#5965,#5966,#5967));
#5960 = ORIENTED_EDGE('',*,*,#5459,.F.);
#5961 = ORIENTED_EDGE('',*,*,#5492,.F.);
#5962 = ORIENTED_EDGE('',*,*,#5525,.F.);
#5963 = ORIENTED_EDGE('',*,*,#5558,.F.);
#5964 = ORIENTED_EDGE('',*,*,#5591,.F.);
#5965 = ORIENTED_EDGE('',*,*,#5624,.F.);
#5966 = ORIENTED_EDGE('',*,*,#5657,.F.);
#5967 = ORIENTED_EDGE('',*,*,#5681,.F.);
#5968 = FACE_BOUND('',#5969,.T.);
#5969 = EDGE_LOOP('',(#5970,#5971,#5972,#5973,#5974,#5975,#5976,#5977));
#5970 = ORIENTED_EDGE('',*,*,#5723,.F.);
#5971 = ORIENTED_EDGE('',*,*,#5756,.F.);
#5972 = ORIENTED_EDGE('',*,*,#5789,.F.);
#5973 = ORIENTED_EDGE('',*,*,#5822,.F.);
#5974 = ORIENTED_EDGE('',*,*,#5855,.F.);
#5975 = ORIENTED_EDGE('',*,*,#5888,.F.);
#5976 = ORIENTED_EDGE('',*,*,#5921,.F.);
#5977 = ORIENTED_EDGE('',*,*,#5945,.F.);
#5978 = PLANE('',#5979);
#5979 = AXIS2_PLACEMENT_3D('',#5980,#5981,#5982);
#5980 = CARTESIAN_POINT('',(13.237256079253,25.743069258745,0.));
#5981 = DIRECTION('',(0.,0.,-1.));
#5982 = DIRECTION('',(-1.,0.,0.));
#5983 = ADVANCED_FACE('',(#5984,#5994),#6004,.F.);
#5984 = FACE_BOUND('',#5985,.F.);
#5985 = EDGE_LOOP('',(#5986,#5987,#5988,#5989,#5990,#5991,#5992,#5993));
#5986 = ORIENTED_EDGE('',*,*,#5443,.F.);
#5987 = ORIENTED_EDGE('',*,*,#5485,.F.);
#5988 = ORIENTED_EDGE('',*,*,#5518,.F.);
#5989 = ORIENTED_EDGE('',*,*,#5551,.F.);
#5990 = ORIENTED_EDGE('',*,*,#5584,.F.);
#5991 = ORIENTED_EDGE('',*,*,#5617,.F.);
#5992 = ORIENTED_EDGE('',*,*,#5650,.F.);
#5993 = ORIENTED_EDGE('',*,*,#5674,.F.);
#5994 = FACE_BOUND('',#5995,.F.);
#5995 = EDGE_LOOP('',(#5996,#5997,#5998,#5999,#6000,#6001,#6002,#6003));
#5996 = ORIENTED_EDGE('',*,*,#5707,.F.);
#5997 = ORIENTED_EDGE('',*,*,#5749,.F.);
#5998 = ORIENTED_EDGE('',*,*,#5782,.F.);
#5999 = ORIENTED_EDGE('',*,*,#5815,.F.);
#6000 = ORIENTED_EDGE('',*,*,#5848,.F.);
#6001 = ORIENTED_EDGE('',*,*,#5881,.F.);
#6002 = ORIENTED_EDGE('',*,*,#5914,.F.);
#6003 = ORIENTED_EDGE('',*,*,#5938,.F.);
#6004 = PLANE('',#6005);
#6005 = AXIS2_PLACEMENT_3D('',#6006,#6007,#6008);
#6006 = CARTESIAN_POINT('',(13.237256079253,25.743069258745,8.E-02));
#6007 = DIRECTION('',(0.,0.,-1.));
#6008 = DIRECTION('',(-1.,0.,0.));
#6009 = MANIFOLD_SOLID_BREP('',#6010);
#6010 = CLOSED_SHELL('',(#6011,#6053,#6084,#6117,#6150,#6183,#6216,#6247
    ,#6278,#6309,#6340,#6371,#6404,#6437,#6470,#6503,#6527,#6551));
#6011 = ADVANCED_FACE('',(#6012),#6046,.F.);
#6012 = FACE_BOUND('',#6013,.F.);
#6013 = EDGE_LOOP('',(#6014,#6024,#6032,#6040));
#6014 = ORIENTED_EDGE('',*,*,#6015,.T.);
#6015 = EDGE_CURVE('',#6016,#6018,#6020,.T.);
#6016 = VERTEX_POINT('',#6017);
#6017 = CARTESIAN_POINT('',(9.982208614349,26.214512808664,0.));
#6018 = VERTEX_POINT('',#6019);
#6019 = CARTESIAN_POINT('',(9.982208614349,26.214512808664,8.E-02));
#6020 = LINE('',#6021,#6022);
#6021 = CARTESIAN_POINT('',(9.982208614349,26.214512808664,0.));
#6022 = VECTOR('',#6023,1.);
#6023 = DIRECTION('',(0.,0.,1.));
#6024 = ORIENTED_EDGE('',*,*,#6025,.T.);
#6025 = EDGE_CURVE('',#6018,#6026,#6028,.T.);
#6026 = VERTEX_POINT('',#6027);
#6027 = CARTESIAN_POINT('',(10.189440757207,26.332369951521,8.E-02));
#6028 = B_SPLINE_CURVE_WITH_KNOTS('',2,(#6029,#6030,#6031),
  .UNSPECIFIED.,.F.,.F.,(3,3),(0.,1.),.PIECEWISE_BEZIER_KNOTS.);
#6029 = CARTESIAN_POINT('',(9.982208614349,26.214512808664,8.E-02));
#6030 = CARTESIAN_POINT('',(10.070601471492,26.293084237235,8.E-02));
#6031 = CARTESIAN_POINT('',(10.189440757207,26.332369951521,8.E-02));
#6032 = ORIENTED_EDGE('',*,*,#6033,.F.);
#6033 = EDGE_CURVE('',#6034,#6026,#6036,.T.);
#6034 = VERTEX_POINT('',#6035);
#6035 = CARTESIAN_POINT('',(10.189440757207,26.332369951521,0.));
#6036 = LINE('',#6037,#6038);
#6037 = CARTESIAN_POINT('',(10.189440757207,26.332369951521,0.));
#6038 = VECTOR('',#6039,1.);
#6039 = DIRECTION('',(0.,0.,1.));
#6040 = ORIENTED_EDGE('',*,*,#6041,.F.);
#6041 = EDGE_CURVE('',#6016,#6034,#6042,.T.);
#6042 = B_SPLINE_CURVE_WITH_KNOTS('',2,(#6043,#6044,#6045),
  .UNSPECIFIED.,.F.,.F.,(3,3),(0.,1.),.PIECEWISE_BEZIER_KNOTS.);
#6043 = CARTESIAN_POINT('',(9.982208614349,26.214512808664,0.));
#6044 = CARTESIAN_POINT('',(10.070601471492,26.293084237235,0.));
#6045 = CARTESIAN_POINT('',(10.189440757207,26.332369951521,0.));
#6046 = SURFACE_OF_LINEAR_EXTRUSION('',#6047,#6051);
#6047 = B_SPLINE_CURVE_WITH_KNOTS('',2,(#6048,#6049,#6050),
  .UNSPECIFIED.,.F.,.F.,(3,3),(0.,1.),.PIECEWISE_BEZIER_KNOTS.);
#6048 = CARTESIAN_POINT('',(9.982208614349,26.214512808664,0.));
#6049 = CARTESIAN_POINT('',(10.070601471492,26.293084237235,0.));
#6050 = CARTESIAN_POINT('',(10.189440757207,26.332369951521,0.));
#6051 = VECTOR('',#6052,1.);
#6052 = DIRECTION('',(-0.,-0.,-1.));
#6053 = ADVANCED_FACE('',(#6054),#6079,.F.);
#6054 = FACE_BOUND('',#6055,.F.);
#6055 = EDGE_LOOP('',(#6056,#6066,#6072,#6073));
#6056 = ORIENTED_EDGE('',*,*,#6057,.T.);
#6057 = EDGE_CURVE('',#6058,#6060,#6062,.T.);
#6058 = VERTEX_POINT('',#6059);
#6059 = CARTESIAN_POINT('',(9.982208614349,26.725227094378,0.));
#6060 = VERTEX_POINT('',#6061);
#6061 = CARTESIAN_POINT('',(9.982208614349,26.725227094378,8.E-02));
#6062 = LINE('',#6063,#6064);
#6063 = CARTESIAN_POINT('',(9.982208614349,26.725227094378,0.));
#6064 = VECTOR('',#6065,1.);
#6065 = DIRECTION('',(0.,0.,1.));
#6066 = ORIENTED_EDGE('',*,*,#6067,.T.);
#6067 = EDGE_CURVE('',#6060,#6018,#6068,.T.);
#6068 = LINE('',#6069,#6070);
#6069 = CARTESIAN_POINT('',(9.982208614349,26.725227094378,8.E-02));
#6070 = VECTOR('',#6071,1.);
#6071 = DIRECTION('',(0.,-1.,0.));
#6072 = ORIENTED_EDGE('',*,*,#6015,.F.);
#6073 = ORIENTED_EDGE('',*,*,#6074,.F.);
#6074 = EDGE_CURVE('',#6058,#6016,#6075,.T.);
#6075 = LINE('',#6076,#6077);
#6076 = CARTESIAN_POINT('',(9.982208614349,26.725227094378,0.));
#6077 = VECTOR('',#6078,1.);
#6078 = DIRECTION('',(0.,-1.,0.));
#6079 = PLANE('',#6080);
#6080 = AXIS2_PLACEMENT_3D('',#6081,#6082,#6083);
#6081 = CARTESIAN_POINT('',(9.982208614349,26.725227094378,0.));
#6082 = DIRECTION('',(1.,0.,-0.));
#6083 = DIRECTION('',(0.,-1.,0.));
#6084 = ADVANCED_FACE('',(#6085),#6110,.F.);
#6085 = FACE_BOUND('',#6086,.F.);
#6086 = EDGE_LOOP('',(#6087,#6097,#6103,#6104));
#6087 = ORIENTED_EDGE('',*,*,#6088,.T.);
#6088 = EDGE_CURVE('',#6089,#6091,#6093,.T.);
#6089 = VERTEX_POINT('',#6090);
#6090 = CARTESIAN_POINT('',(10.183916203635,26.801343165806,0.));
#6091 = VERTEX_POINT('',#6092);
#6092 = CARTESIAN_POINT('',(10.183916203635,26.801343165806,8.E-02));
#6093 = LINE('',#6094,#6095);
#6094 = CARTESIAN_POINT('',(10.183916203635,26.801343165806,0.));
#6095 = VECTOR('',#6096,1.);
#6096 = DIRECTION('',(0.,0.,1.));
#6097 = ORIENTED_EDGE('',*,*,#6098,.T.);
#6098 = EDGE_CURVE('',#6091,#6060,#6099,.T.);
#6099 = B_SPLINE_CURVE_WITH_KNOTS('',2,(#6100,#6101,#6102),
  .UNSPECIFIED.,.F.,.F.,(3,3),(0.,1.),.PIECEWISE_BEZIER_KNOTS.);
#6100 = CARTESIAN_POINT('',(10.183916203635,26.801343165806,8.E-02));
#6101 = CARTESIAN_POINT('',(10.077967542921,26.775439147949,8.E-02));
#6102 = CARTESIAN_POINT('',(9.982208614349,26.725227094378,8.E-02));
#6103 = ORIENTED_EDGE('',*,*,#6057,.F.);
#6104 = ORIENTED_EDGE('',*,*,#6105,.F.);
#6105 = EDGE_CURVE('',#6089,#6058,#6106,.T.);
#6106 = B_SPLINE_CURVE_WITH_KNOTS('',2,(#6107,#6108,#6109),
  .UNSPECIFIED.,.F.,.F.,(3,3),(0.,1.),.PIECEWISE_BEZIER_KNOTS.);
#6107 = CARTESIAN_POINT('',(10.183916203635,26.801343165806,0.));
#6108 = CARTESIAN_POINT('',(10.077967542921,26.775439147949,0.));
#6109 = CARTESIAN_POINT('',(9.982208614349,26.725227094378,0.));
#6110 = SURFACE_OF_LINEAR_EXTRUSION('',#6111,#6115);
#6111 = B_SPLINE_CURVE_WITH_KNOTS('',2,(#6112,#6113,#6114),
  .UNSPECIFIED.,.F.,.F.,(3,3),(0.,1.),.PIECEWISE_BEZIER_KNOTS.);
#6112 = CARTESIAN_POINT('',(10.183916203635,26.801343165806,0.));
#6113 = CARTESIAN_POINT('',(10.077967542921,26.775439147949,0.));
#6114 = CARTESIAN_POINT('',(9.982208614349,26.725227094378,0.));
#6115 = VECTOR('',#6116,1.);
#6116 = DIRECTION('',(-0.,-0.,-1.));
#6117 = ADVANCED_FACE('',(#6118),#6143,.F.);
#6118 = FACE_BOUND('',#6119,.F.);
#6119 = EDGE_LOOP('',(#6120,#6130,#6136,#6137));
#6120 = ORIENTED_EDGE('',*,*,#6121,.T.);
#6121 = EDGE_CURVE('',#6122,#6124,#6126,.T.);
#6122 = VERTEX_POINT('',#6123);
#6123 = CARTESIAN_POINT('',(10.400233167921,26.827369951521,0.));
#6124 = VERTEX_POINT('',#6125);
#6125 = CARTESIAN_POINT('',(10.400233167921,26.827369951521,8.E-02));
#6126 = LINE('',#6127,#6128);
#6127 = CARTESIAN_POINT('',(10.400233167921,26.827369951521,0.));
#6128 = VECTOR('',#6129,1.);
#6129 = DIRECTION('',(0.,0.,1.));
#6130 = ORIENTED_EDGE('',*,*,#6131,.T.);
#6131 = EDGE_CURVE('',#6124,#6091,#6132,.T.);
#6132 = B_SPLINE_CURVE_WITH_KNOTS('',2,(#6133,#6134,#6135),
  .UNSPECIFIED.,.F.,.F.,(3,3),(0.,1.),.PIECEWISE_BEZIER_KNOTS.);
#6133 = CARTESIAN_POINT('',(10.400233167921,26.827369951521,8.E-02));
#6134 = CARTESIAN_POINT('',(10.289742096492,26.827369951521,8.E-02));
#6135 = CARTESIAN_POINT('',(10.183916203635,26.801343165806,8.E-02));
#6136 = ORIENTED_EDGE('',*,*,#6088,.F.);
#6137 = ORIENTED_EDGE('',*,*,#6138,.F.);
#6138 = EDGE_CURVE('',#6122,#6089,#6139,.T.);
#6139 = B_SPLINE_CURVE_WITH_KNOTS('',2,(#6140,#6141,#6142),
  .UNSPECIFIED.,.F.,.F.,(3,3),(0.,1.),.PIECEWISE_BEZIER_KNOTS.);
#6140 = CARTESIAN_POINT('',(10.400233167921,26.827369951521,0.));
#6141 = CARTESIAN_POINT('',(10.289742096492,26.827369951521,0.));
#6142 = CARTESIAN_POINT('',(10.183916203635,26.801343165806,0.));
#6143 = SURFACE_OF_LINEAR_EXTRUSION('',#6144,#6148);
#6144 = B_SPLINE_CURVE_WITH_KNOTS('',2,(#6145,#6146,#6147),
  .UNSPECIFIED.,.F.,.F.,(3,3),(0.,1.),.PIECEWISE_BEZIER_KNOTS.);
#6145 = CARTESIAN_POINT('',(10.400233167921,26.827369951521,0.));
#6146 = CARTESIAN_POINT('',(10.289742096492,26.827369951521,0.));
#6147 = CARTESIAN_POINT('',(10.183916203635,26.801343165806,0.));
#6148 = VECTOR('',#6149,1.);
#6149 = DIRECTION('',(-0.,-0.,-1.));
#6150 = ADVANCED_FACE('',(#6151),#6176,.F.);
#6151 = FACE_BOUND('',#6152,.F.);
#6152 = EDGE_LOOP('',(#6153,#6163,#6169,#6170));
#6153 = ORIENTED_EDGE('',*,*,#6154,.T.);
#6154 = EDGE_CURVE('',#6155,#6157,#6159,.T.);
#6155 = VERTEX_POINT('',#6156);
#6156 = CARTESIAN_POINT('',(10.783268882207,26.730997183664,0.));
#6157 = VERTEX_POINT('',#6158);
#6158 = CARTESIAN_POINT('',(10.783268882207,26.730997183664,8.E-02));
#6159 = LINE('',#6160,#6161);
#6160 = CARTESIAN_POINT('',(10.783268882207,26.730997183664,0.));
#6161 = VECTOR('',#6162,1.);
#6162 = DIRECTION('',(0.,0.,1.));
#6163 = ORIENTED_EDGE('',*,*,#6164,.T.);
#6164 = EDGE_CURVE('',#6157,#6124,#6165,.T.);
#6165 = B_SPLINE_CURVE_WITH_KNOTS('',2,(#6166,#6167,#6168),
  .UNSPECIFIED.,.F.,.F.,(3,3),(0.,1.),.PIECEWISE_BEZIER_KNOTS.);
#6166 = CARTESIAN_POINT('',(10.783268882207,26.730997183664,8.E-02));
#6167 = CARTESIAN_POINT('',(10.619373792921,26.827369951521,8.E-02));
#6168 = CARTESIAN_POINT('',(10.400233167921,26.827369951521,8.E-02));
#6169 = ORIENTED_EDGE('',*,*,#6121,.F.);
#6170 = ORIENTED_EDGE('',*,*,#6171,.F.);
#6171 = EDGE_CURVE('',#6155,#6122,#6172,.T.);
#6172 = B_SPLINE_CURVE_WITH_KNOTS('',2,(#6173,#6174,#6175),
  .UNSPECIFIED.,.F.,.F.,(3,3),(0.,1.),.PIECEWISE_BEZIER_KNOTS.);
#6173 = CARTESIAN_POINT('',(10.783268882207,26.730997183664,0.));
#6174 = CARTESIAN_POINT('',(10.619373792921,26.827369951521,0.));
#6175 = CARTESIAN_POINT('',(10.400233167921,26.827369951521,0.));
#6176 = SURFACE_OF_LINEAR_EXTRUSION('',#6177,#6181);
#6177 = B_SPLINE_CURVE_WITH_KNOTS('',2,(#6178,#6179,#6180),
  .UNSPECIFIED.,.F.,.F.,(3,3),(0.,1.),.PIECEWISE_BEZIER_KNOTS.);
#6178 = CARTESIAN_POINT('',(10.783268882207,26.730997183664,0.));
#6179 = CARTESIAN_POINT('',(10.619373792921,26.827369951521,0.));
#6180 = CARTESIAN_POINT('',(10.400233167921,26.827369951521,0.));
#6181 = VECTOR('',#6182,1.);
#6182 = DIRECTION('',(-0.,-0.,-1.));
#6183 = ADVANCED_FACE('',(#6184),#6209,.F.);
#6184 = FACE_BOUND('',#6185,.F.);
#6185 = EDGE_LOOP('',(#6186,#6196,#6202,#6203));
#6186 = ORIENTED_EDGE('',*,*,#6187,.T.);
#6187 = EDGE_CURVE('',#6188,#6190,#6192,.T.);
#6188 = VERTEX_POINT('',#6189);
#6189 = CARTESIAN_POINT('',(11.026349239349,26.458698076521,0.));
#6190 = VERTEX_POINT('',#6191);
#6191 = CARTESIAN_POINT('',(11.026349239349,26.458698076521,8.E-02));
#6192 = LINE('',#6193,#6194);
#6193 = CARTESIAN_POINT('',(11.026349239349,26.458698076521,0.));
#6194 = VECTOR('',#6195,1.);
#6195 = DIRECTION('',(0.,0.,1.));
#6196 = ORIENTED_EDGE('',*,*,#6197,.T.);
#6197 = EDGE_CURVE('',#6190,#6157,#6198,.T.);
#6198 = B_SPLINE_CURVE_WITH_KNOTS('',2,(#6199,#6200,#6201),
  .UNSPECIFIED.,.F.,.F.,(3,3),(0.,1.),.PIECEWISE_BEZIER_KNOTS.);
#6199 = CARTESIAN_POINT('',(11.026349239349,26.458698076521,8.E-02));
#6200 = CARTESIAN_POINT('',(10.947163971492,26.634747183664,8.E-02));
#6201 = CARTESIAN_POINT('',(10.783268882207,26.730997183664,8.E-02));
#6202 = ORIENTED_EDGE('',*,*,#6154,.F.);
#6203 = ORIENTED_EDGE('',*,*,#6204,.F.);
#6204 = EDGE_CURVE('',#6188,#6155,#6205,.T.);
#6205 = B_SPLINE_CURVE_WITH_KNOTS('',2,(#6206,#6207,#6208),
  .UNSPECIFIED.,.F.,.F.,(3,3),(0.,1.),.PIECEWISE_BEZIER_KNOTS.);
#6206 = CARTESIAN_POINT('',(11.026349239349,26.458698076521,0.));
#6207 = CARTESIAN_POINT('',(10.947163971492,26.634747183664,0.));
#6208 = CARTESIAN_POINT('',(10.783268882207,26.730997183664,0.));
#6209 = SURFACE_OF_LINEAR_EXTRUSION('',#6210,#6214);
#6210 = B_SPLINE_CURVE_WITH_KNOTS('',2,(#6211,#6212,#6213),
  .UNSPECIFIED.,.F.,.F.,(3,3),(0.,1.),.PIECEWISE_BEZIER_KNOTS.);
#6211 = CARTESIAN_POINT('',(11.026349239349,26.458698076521,0.));
#6212 = CARTESIAN_POINT('',(10.947163971492,26.634747183664,0.));
#6213 = CARTESIAN_POINT('',(10.783268882207,26.730997183664,0.));
#6214 = VECTOR('',#6215,1.);
#6215 = DIRECTION('',(-0.,-0.,-1.));
#6216 = ADVANCED_FACE('',(#6217),#6242,.F.);
#6217 = FACE_BOUND('',#6218,.F.);
#6218 = EDGE_LOOP('',(#6219,#6229,#6235,#6236));
#6219 = ORIENTED_EDGE('',*,*,#6220,.T.);
#6220 = EDGE_CURVE('',#6221,#6223,#6225,.T.);
#6221 = VERTEX_POINT('',#6222);
#6222 = CARTESIAN_POINT('',(11.026349239349,26.780227094378,0.));
#6223 = VERTEX_POINT('',#6224);
#6224 = CARTESIAN_POINT('',(11.026349239349,26.780227094378,8.E-02));
#6225 = LINE('',#6226,#6227);
#6226 = CARTESIAN_POINT('',(11.026349239349,26.780227094378,0.));
#6227 = VECTOR('',#6228,1.);
#6228 = DIRECTION('',(0.,0.,1.));
#6229 = ORIENTED_EDGE('',*,*,#6230,.T.);
#6230 = EDGE_CURVE('',#6223,#6190,#6231,.T.);
#6231 = LINE('',#6232,#6233);
#6232 = CARTESIAN_POINT('',(11.026349239349,26.780227094378,8.E-02));
#6233 = VECTOR('',#6234,1.);
#6234 = DIRECTION('',(0.,-1.,0.));
#6235 = ORIENTED_EDGE('',*,*,#6187,.F.);
#6236 = ORIENTED_EDGE('',*,*,#6237,.F.);
#6237 = EDGE_CURVE('',#6221,#6188,#6238,.T.);
#6238 = LINE('',#6239,#6240);
#6239 = CARTESIAN_POINT('',(11.026349239349,26.780227094378,0.));
#6240 = VECTOR('',#6241,1.);
#6241 = DIRECTION('',(0.,-1.,0.));
#6242 = PLANE('',#6243);
#6243 = AXIS2_PLACEMENT_3D('',#6244,#6245,#6246);
#6244 = CARTESIAN_POINT('',(11.026349239349,26.780227094378,0.));
#6245 = DIRECTION('',(1.,0.,-0.));
#6246 = DIRECTION('',(0.,-1.,0.));
#6247 = ADVANCED_FACE('',(#6248),#6273,.F.);
#6248 = FACE_BOUND('',#6249,.F.);
#6249 = EDGE_LOOP('',(#6250,#6260,#6266,#6267));
#6250 = ORIENTED_EDGE('',*,*,#6251,.T.);
#6251 = EDGE_CURVE('',#6252,#6254,#6256,.T.);
#6252 = VERTEX_POINT('',#6253);
#6253 = CARTESIAN_POINT('',(11.565913971492,26.780227094378,0.));
#6254 = VERTEX_POINT('',#6255);
#6255 = CARTESIAN_POINT('',(11.565913971492,26.780227094378,8.E-02));
#6256 = LINE('',#6257,#6258);
#6257 = CARTESIAN_POINT('',(11.565913971492,26.780227094378,0.));
#6258 = VECTOR('',#6259,1.);
#6259 = DIRECTION('',(0.,0.,1.));
#6260 = ORIENTED_EDGE('',*,*,#6261,.T.);
#6261 = EDGE_CURVE('',#6254,#6223,#6262,.T.);
#6262 = LINE('',#6263,#6264);
#6263 = CARTESIAN_POINT('',(11.565913971492,26.780227094378,8.E-02));
#6264 = VECTOR('',#6265,1.);
#6265 = DIRECTION('',(-1.,0.,0.));
#6266 = ORIENTED_EDGE('',*,*,#6220,.F.);
#6267 = ORIENTED_EDGE('',*,*,#6268,.F.);
#6268 = EDGE_CURVE('',#6252,#6221,#6269,.T.);
#6269 = LINE('',#6270,#6271);
#6270 = CARTESIAN_POINT('',(11.565913971492,26.780227094378,0.));
#6271 = VECTOR('',#6272,1.);
#6272 = DIRECTION('',(-1.,0.,0.));
#6273 = PLANE('',#6274);
#6274 = AXIS2_PLACEMENT_3D('',#6275,#6276,#6277);
#6275 = CARTESIAN_POINT('',(11.565913971492,26.780227094378,0.));
#6276 = DIRECTION('',(0.,-1.,0.));
#6277 = DIRECTION('',(-1.,0.,0.));
#6278 = ADVANCED_FACE('',(#6279),#6304,.F.);
#6279 = FACE_BOUND('',#6280,.F.);
#6280 = EDGE_LOOP('',(#6281,#6291,#6297,#6298));
#6281 = ORIENTED_EDGE('',*,*,#6282,.T.);
#6282 = EDGE_CURVE('',#6283,#6285,#6287,.T.);
#6283 = VERTEX_POINT('',#6284);
#6284 = CARTESIAN_POINT('',(11.565913971492,24.713798522949,0.));
#6285 = VERTEX_POINT('',#6286);
#6286 = CARTESIAN_POINT('',(11.565913971492,24.713798522949,8.E-02));
#6287 = LINE('',#6288,#6289);
#6288 = CARTESIAN_POINT('',(11.565913971492,24.713798522949,0.));
#6289 = VECTOR('',#6290,1.);
#6290 = DIRECTION('',(0.,0.,1.));
#6291 = ORIENTED_EDGE('',*,*,#6292,.T.);
#6292 = EDGE_CURVE('',#6285,#6254,#6293,.T.);
#6293 = LINE('',#6294,#6295);
#6294 = CARTESIAN_POINT('',(11.565913971492,24.713798522949,8.E-02));
#6295 = VECTOR('',#6296,1.);
#6296 = DIRECTION('',(0.,1.,0.));
#6297 = ORIENTED_EDGE('',*,*,#6251,.F.);
#6298 = ORIENTED_EDGE('',*,*,#6299,.F.);
#6299 = EDGE_CURVE('',#6283,#6252,#6300,.T.);
#6300 = LINE('',#6301,#6302);
#6301 = CARTESIAN_POINT('',(11.565913971492,24.713798522949,0.));
#6302 = VECTOR('',#6303,1.);
#6303 = DIRECTION('',(0.,1.,0.));
#6304 = PLANE('',#6305);
#6305 = AXIS2_PLACEMENT_3D('',#6306,#6307,#6308);
#6306 = CARTESIAN_POINT('',(11.565913971492,24.713798522949,0.));
#6307 = DIRECTION('',(-1.,0.,0.));
#6308 = DIRECTION('',(0.,1.,0.));
#6309 = ADVANCED_FACE('',(#6310),#6335,.F.);
#6310 = FACE_BOUND('',#6311,.F.);
#6311 = EDGE_LOOP('',(#6312,#6322,#6328,#6329));
#6312 = ORIENTED_EDGE('',*,*,#6313,.T.);
#6313 = EDGE_CURVE('',#6314,#6316,#6318,.T.);
#6314 = VERTEX_POINT('',#6315);
#6315 = CARTESIAN_POINT('',(11.026349239349,24.713798522949,0.));
#6316 = VERTEX_POINT('',#6317);
#6317 = CARTESIAN_POINT('',(11.026349239349,24.713798522949,8.E-02));
#6318 = LINE('',#6319,#6320);
#6319 = CARTESIAN_POINT('',(11.026349239349,24.713798522949,0.));
#6320 = VECTOR('',#6321,1.);
#6321 = DIRECTION('',(0.,0.,1.));
#6322 = ORIENTED_EDGE('',*,*,#6323,.T.);
#6323 = EDGE_CURVE('',#6316,#6285,#6324,.T.);
#6324 = LINE('',#6325,#6326);
#6325 = CARTESIAN_POINT('',(11.026349239349,24.713798522949,8.E-02));
#6326 = VECTOR('',#6327,1.);
#6327 = DIRECTION('',(1.,0.,0.));
#6328 = ORIENTED_EDGE('',*,*,#6282,.F.);
#6329 = ORIENTED_EDGE('',*,*,#6330,.F.);
#6330 = EDGE_CURVE('',#6314,#6283,#6331,.T.);
#6331 = LINE('',#6332,#6333);
#6332 = CARTESIAN_POINT('',(11.026349239349,24.713798522949,0.));
#6333 = VECTOR('',#6334,1.);
#6334 = DIRECTION('',(1.,0.,0.));
#6335 = PLANE('',#6336);
#6336 = AXIS2_PLACEMENT_3D('',#6337,#6338,#6339);
#6337 = CARTESIAN_POINT('',(11.026349239349,24.713798522949,0.));
#6338 = DIRECTION('',(0.,1.,0.));
#6339 = DIRECTION('',(1.,0.,0.));
#6340 = ADVANCED_FACE('',(#6341),#6366,.F.);
#6341 = FACE_BOUND('',#6342,.F.);
#6342 = EDGE_LOOP('',(#6343,#6353,#6359,#6360));
#6343 = ORIENTED_EDGE('',*,*,#6344,.T.);
#6344 = EDGE_CURVE('',#6345,#6347,#6349,.T.);
#6345 = VERTEX_POINT('',#6346);
#6346 = CARTESIAN_POINT('',(11.026349239349,25.668686915806,0.));
#6347 = VERTEX_POINT('',#6348);
#6348 = CARTESIAN_POINT('',(11.026349239349,25.668686915806,8.E-02));
#6349 = LINE('',#6350,#6351);
#6350 = CARTESIAN_POINT('',(11.026349239349,25.668686915806,0.));
#6351 = VECTOR('',#6352,1.);
#6352 = DIRECTION('',(0.,0.,1.));
#6353 = ORIENTED_EDGE('',*,*,#6354,.T.);
#6354 = EDGE_CURVE('',#6347,#6316,#6355,.T.);
#6355 = LINE('',#6356,#6357);
#6356 = CARTESIAN_POINT('',(11.026349239349,25.668686915806,8.E-02));
#6357 = VECTOR('',#6358,1.);
#6358 = DIRECTION('',(0.,-1.,0.));
#6359 = ORIENTED_EDGE('',*,*,#6313,.F.);
#6360 = ORIENTED_EDGE('',*,*,#6361,.F.);
#6361 = EDGE_CURVE('',#6345,#6314,#6362,.T.);
#6362 = LINE('',#6363,#6364);
#6363 = CARTESIAN_POINT('',(11.026349239349,25.668686915806,0.));
#6364 = VECTOR('',#6365,1.);
#6365 = DIRECTION('',(0.,-1.,0.));
#6366 = PLANE('',#6367);
#6367 = AXIS2_PLACEMENT_3D('',#6368,#6369,#6370);
#6368 = CARTESIAN_POINT('',(11.026349239349,25.668686915806,0.));
#6369 = DIRECTION('',(1.,0.,-0.));
#6370 = DIRECTION('',(0.,-1.,0.));
#6371 = ADVANCED_FACE('',(#6372),#6397,.F.);
#6372 = FACE_BOUND('',#6373,.F.);
#6373 = EDGE_LOOP('',(#6374,#6384,#6390,#6391));
#6374 = ORIENTED_EDGE('',*,*,#6375,.T.);
#6375 = EDGE_CURVE('',#6376,#6378,#6380,.T.);
#6376 = VERTEX_POINT('',#6377);
#6377 = CARTESIAN_POINT('',(11.008916203635,25.969713701521,0.));
#6378 = VERTEX_POINT('',#6379);
#6379 = CARTESIAN_POINT('',(11.008916203635,25.969713701521,8.E-02));
#6380 = LINE('',#6381,#6382);
#6381 = CARTESIAN_POINT('',(11.008916203635,25.969713701521,0.));
#6382 = VECTOR('',#6383,1.);
#6383 = DIRECTION('',(0.,0.,1.));
#6384 = ORIENTED_EDGE('',*,*,#6385,.T.);
#6385 = EDGE_CURVE('',#6378,#6347,#6386,.T.);
#6386 = B_SPLINE_CURVE_WITH_KNOTS('',2,(#6387,#6388,#6389),
  .UNSPECIFIED.,.F.,.F.,(3,3),(0.,1.),.PIECEWISE_BEZIER_KNOTS.);
#6387 = CARTESIAN_POINT('',(11.008916203635,25.969713701521,8.E-02));
#6388 = CARTESIAN_POINT('',(11.026349239349,25.870640040806,8.E-02));
#6389 = CARTESIAN_POINT('',(11.026349239349,25.668686915806,8.E-02));
#6390 = ORIENTED_EDGE('',*,*,#6344,.F.);
#6391 = ORIENTED_EDGE('',*,*,#6392,.F.);
#6392 = EDGE_CURVE('',#6376,#6345,#6393,.T.);
#6393 = B_SPLINE_CURVE_WITH_KNOTS('',2,(#6394,#6395,#6396),
  .UNSPECIFIED.,.F.,.F.,(3,3),(0.,1.),.PIECEWISE_BEZIER_KNOTS.);
#6394 = CARTESIAN_POINT('',(11.008916203635,25.969713701521,0.));
#6395 = CARTESIAN_POINT('',(11.026349239349,25.870640040806,0.));
#6396 = CARTESIAN_POINT('',(11.026349239349,25.668686915806,0.));
#6397 = SURFACE_OF_LINEAR_EXTRUSION('',#6398,#6402);
#6398 = B_SPLINE_CURVE_WITH_KNOTS('',2,(#6399,#6400,#6401),
  .UNSPECIFIED.,.F.,.F.,(3,3),(0.,1.),.PIECEWISE_BEZIER_KNOTS.);
#6399 = CARTESIAN_POINT('',(11.008916203635,25.969713701521,0.));
#6400 = CARTESIAN_POINT('',(11.026349239349,25.870640040806,0.));
#6401 = CARTESIAN_POINT('',(11.026349239349,25.668686915806,0.));
#6402 = VECTOR('',#6403,1.);
#6403 = DIRECTION('',(-0.,-0.,-1.));
#6404 = ADVANCED_FACE('',(#6405),#6430,.F.);
#6405 = FACE_BOUND('',#6406,.F.);
#6406 = EDGE_LOOP('',(#6407,#6417,#6423,#6424));
#6407 = ORIENTED_EDGE('',*,*,#6408,.T.);
#6408 = EDGE_CURVE('',#6409,#6411,#6413,.T.);
#6409 = VERTEX_POINT('',#6410);
#6410 = CARTESIAN_POINT('',(10.947163971492,26.138519505092,0.));
#6411 = VERTEX_POINT('',#6412);
#6412 = CARTESIAN_POINT('',(10.947163971492,26.138519505092,8.E-02));
#6413 = LINE('',#6414,#6415);
#6414 = CARTESIAN_POINT('',(10.947163971492,26.138519505092,0.));
#6415 = VECTOR('',#6416,1.);
#6416 = DIRECTION('',(0.,0.,1.));
#6417 = ORIENTED_EDGE('',*,*,#6418,.T.);
#6418 = EDGE_CURVE('',#6411,#6378,#6419,.T.);
#6419 = B_SPLINE_CURVE_WITH_KNOTS('',2,(#6420,#6421,#6422),
  .UNSPECIFIED.,.F.,.F.,(3,3),(0.,1.),.PIECEWISE_BEZIER_KNOTS.);
#6420 = CARTESIAN_POINT('',(10.947163971492,26.138519505092,8.E-02));
#6421 = CARTESIAN_POINT('',(10.991360400064,26.068787362235,8.E-02));
#6422 = CARTESIAN_POINT('',(11.008916203635,25.969713701521,8.E-02));
#6423 = ORIENTED_EDGE('',*,*,#6375,.F.);
#6424 = ORIENTED_EDGE('',*,*,#6425,.F.);
#6425 = EDGE_CURVE('',#6409,#6376,#6426,.T.);
#6426 = B_SPLINE_CURVE_WITH_KNOTS('',2,(#6427,#6428,#6429),
  .UNSPECIFIED.,.F.,.F.,(3,3),(0.,1.),.PIECEWISE_BEZIER_KNOTS.);
#6427 = CARTESIAN_POINT('',(10.947163971492,26.138519505092,0.));
#6428 = CARTESIAN_POINT('',(10.991360400064,26.068787362235,0.));
#6429 = CARTESIAN_POINT('',(11.008916203635,25.969713701521,0.));
#6430 = SURFACE_OF_LINEAR_EXTRUSION('',#6431,#6435);
#6431 = B_SPLINE_CURVE_WITH_KNOTS('',2,(#6432,#6433,#6434),
  .UNSPECIFIED.,.F.,.F.,(3,3),(0.,1.),.PIECEWISE_BEZIER_KNOTS.);
#6432 = CARTESIAN_POINT('',(10.947163971492,26.138519505092,0.));
#6433 = CARTESIAN_POINT('',(10.991360400064,26.068787362235,0.));
#6434 = CARTESIAN_POINT('',(11.008916203635,25.969713701521,0.));
#6435 = VECTOR('',#6436,1.);
#6436 = DIRECTION('',(-0.,-0.,-1.));
#6437 = ADVANCED_FACE('',(#6438),#6463,.F.);
#6438 = FACE_BOUND('',#6439,.F.);
#6439 = EDGE_LOOP('',(#6440,#6450,#6456,#6457));
#6440 = ORIENTED_EDGE('',*,*,#6441,.T.);
#6441 = EDGE_CURVE('',#6442,#6444,#6446,.T.);
#6442 = VERTEX_POINT('',#6443);
#6443 = CARTESIAN_POINT('',(10.749262185778,26.311990487235,0.));
#6444 = VERTEX_POINT('',#6445);
#6445 = CARTESIAN_POINT('',(10.749262185778,26.311990487235,8.E-02));
#6446 = LINE('',#6447,#6448);
#6447 = CARTESIAN_POINT('',(10.749262185778,26.311990487235,0.));
#6448 = VECTOR('',#6449,1.);
#6449 = DIRECTION('',(0.,0.,1.));
#6450 = ORIENTED_EDGE('',*,*,#6451,.T.);
#6451 = EDGE_CURVE('',#6444,#6411,#6452,.T.);
#6452 = B_SPLINE_CURVE_WITH_KNOTS('',2,(#6453,#6454,#6455),
  .UNSPECIFIED.,.F.,.F.,(3,3),(0.,1.),.PIECEWISE_BEZIER_KNOTS.);
#6453 = CARTESIAN_POINT('',(10.749262185778,26.311990487235,8.E-02));
#6454 = CARTESIAN_POINT('',(10.877186292921,26.252325308664,8.E-02));
#6455 = CARTESIAN_POINT('',(10.947163971492,26.138519505092,8.E-02));
#6456 = ORIENTED_EDGE('',*,*,#6408,.F.);
#6457 = ORIENTED_EDGE('',*,*,#6458,.F.);
#6458 = EDGE_CURVE('',#6442,#6409,#6459,.T.);
#6459 = B_SPLINE_CURVE_WITH_KNOTS('',2,(#6460,#6461,#6462),
  .UNSPECIFIED.,.F.,.F.,(3,3),(0.,1.),.PIECEWISE_BEZIER_KNOTS.);
#6460 = CARTESIAN_POINT('',(10.749262185778,26.311990487235,0.));
#6461 = CARTESIAN_POINT('',(10.877186292921,26.252325308664,0.));
#6462 = CARTESIAN_POINT('',(10.947163971492,26.138519505092,0.));
#6463 = SURFACE_OF_LINEAR_EXTRUSION('',#6464,#6468);
#6464 = B_SPLINE_CURVE_WITH_KNOTS('',2,(#6465,#6466,#6467),
  .UNSPECIFIED.,.F.,.F.,(3,3),(0.,1.),.PIECEWISE_BEZIER_KNOTS.);
#6465 = CARTESIAN_POINT('',(10.749262185778,26.311990487235,0.));
#6466 = CARTESIAN_POINT('',(10.877186292921,26.252325308664,0.));
#6467 = CARTESIAN_POINT('',(10.947163971492,26.138519505092,0.));
#6468 = VECTOR('',#6469,1.);
#6469 = DIRECTION('',(-0.,-0.,-1.));
#6470 = ADVANCED_FACE('',(#6471),#6496,.F.);
#6471 = FACE_BOUND('',#6472,.F.);
#6472 = EDGE_LOOP('',(#6473,#6483,#6489,#6490));
#6473 = ORIENTED_EDGE('',*,*,#6474,.T.);
#6474 = EDGE_CURVE('',#6475,#6477,#6479,.T.);
#6475 = VERTEX_POINT('',#6476);
#6476 = CARTESIAN_POINT('',(10.449954150064,26.371655665806,0.));
#6477 = VERTEX_POINT('',#6478);
#6478 = CARTESIAN_POINT('',(10.449954150064,26.371655665806,8.E-02));
#6479 = LINE('',#6480,#6481);
#6480 = CARTESIAN_POINT('',(10.449954150064,26.371655665806,0.));
#6481 = VECTOR('',#6482,1.);
#6482 = DIRECTION('',(0.,0.,1.));
#6483 = ORIENTED_EDGE('',*,*,#6484,.T.);
#6484 = EDGE_CURVE('',#6477,#6444,#6485,.T.);
#6485 = B_SPLINE_CURVE_WITH_KNOTS('',2,(#6486,#6487,#6488),
  .UNSPECIFIED.,.F.,.F.,(3,3),(0.,1.),.PIECEWISE_BEZIER_KNOTS.);
#6486 = CARTESIAN_POINT('',(10.449954150064,26.371655665806,8.E-02));
#6487 = CARTESIAN_POINT('',(10.621215310778,26.371655665806,8.E-02));
#6488 = CARTESIAN_POINT('',(10.749262185778,26.311990487235,8.E-02));
#6489 = ORIENTED_EDGE('',*,*,#6441,.F.);
#6490 = ORIENTED_EDGE('',*,*,#6491,.F.);
#6491 = EDGE_CURVE('',#6475,#6442,#6492,.T.);
#6492 = B_SPLINE_CURVE_WITH_KNOTS('',2,(#6493,#6494,#6495),
  .UNSPECIFIED.,.F.,.F.,(3,3),(0.,1.),.PIECEWISE_BEZIER_KNOTS.);
#6493 = CARTESIAN_POINT('',(10.449954150064,26.371655665806,0.));
#6494 = CARTESIAN_POINT('',(10.621215310778,26.371655665806,0.));
#6495 = CARTESIAN_POINT('',(10.749262185778,26.311990487235,0.));
#6496 = SURFACE_OF_LINEAR_EXTRUSION('',#6497,#6501);
#6497 = B_SPLINE_CURVE_WITH_KNOTS('',2,(#6498,#6499,#6500),
  .UNSPECIFIED.,.F.,.F.,(3,3),(0.,1.),.PIECEWISE_BEZIER_KNOTS.);
#6498 = CARTESIAN_POINT('',(10.449954150064,26.371655665806,0.));
#6499 = CARTESIAN_POINT('',(10.621215310778,26.371655665806,0.));
#6500 = CARTESIAN_POINT('',(10.749262185778,26.311990487235,0.));
#6501 = VECTOR('',#6502,1.);
#6502 = DIRECTION('',(-0.,-0.,-1.));
#6503 = ADVANCED_FACE('',(#6504),#6520,.F.);
#6504 = FACE_BOUND('',#6505,.F.);
#6505 = EDGE_LOOP('',(#6506,#6507,#6513,#6514));
#6506 = ORIENTED_EDGE('',*,*,#6033,.T.);
#6507 = ORIENTED_EDGE('',*,*,#6508,.T.);
#6508 = EDGE_CURVE('',#6026,#6477,#6509,.T.);
#6509 = B_SPLINE_CURVE_WITH_KNOTS('',2,(#6510,#6511,#6512),
  .UNSPECIFIED.,.F.,.F.,(3,3),(0.,1.),.PIECEWISE_BEZIER_KNOTS.);
#6510 = CARTESIAN_POINT('',(10.189440757207,26.332369951521,8.E-02));
#6511 = CARTESIAN_POINT('',(10.308157275064,26.371655665806,8.E-02));
#6512 = CARTESIAN_POINT('',(10.449954150064,26.371655665806,8.E-02));
#6513 = ORIENTED_EDGE('',*,*,#6474,.F.);
#6514 = ORIENTED_EDGE('',*,*,#6515,.F.);
#6515 = EDGE_CURVE('',#6034,#6475,#6516,.T.);
#6516 = B_SPLINE_CURVE_WITH_KNOTS('',2,(#6517,#6518,#6519),
  .UNSPECIFIED.,.F.,.F.,(3,3),(0.,1.),.PIECEWISE_BEZIER_KNOTS.);
#6517 = CARTESIAN_POINT('',(10.189440757207,26.332369951521,0.));
#6518 = CARTESIAN_POINT('',(10.308157275064,26.371655665806,0.));
#6519 = CARTESIAN_POINT('',(10.449954150064,26.371655665806,0.));
#6520 = SURFACE_OF_LINEAR_EXTRUSION('',#6521,#6525);
#6521 = B_SPLINE_CURVE_WITH_KNOTS('',2,(#6522,#6523,#6524),
  .UNSPECIFIED.,.F.,.F.,(3,3),(0.,1.),.PIECEWISE_BEZIER_KNOTS.);
#6522 = CARTESIAN_POINT('',(10.189440757207,26.332369951521,0.));
#6523 = CARTESIAN_POINT('',(10.308157275064,26.371655665806,0.));
#6524 = CARTESIAN_POINT('',(10.449954150064,26.371655665806,0.));
#6525 = VECTOR('',#6526,1.);
#6526 = DIRECTION('',(-0.,-0.,-1.));
#6527 = ADVANCED_FACE('',(#6528),#6546,.T.);
#6528 = FACE_BOUND('',#6529,.T.);
#6529 = EDGE_LOOP('',(#6530,#6531,#6532,#6533,#6534,#6535,#6536,#6537,
    #6538,#6539,#6540,#6541,#6542,#6543,#6544,#6545));
#6530 = ORIENTED_EDGE('',*,*,#6041,.F.);
#6531 = ORIENTED_EDGE('',*,*,#6074,.F.);
#6532 = ORIENTED_EDGE('',*,*,#6105,.F.);
#6533 = ORIENTED_EDGE('',*,*,#6138,.F.);
#6534 = ORIENTED_EDGE('',*,*,#6171,.F.);
#6535 = ORIENTED_EDGE('',*,*,#6204,.F.);
#6536 = ORIENTED_EDGE('',*,*,#6237,.F.);
#6537 = ORIENTED_EDGE('',*,*,#6268,.F.);
#6538 = ORIENTED_EDGE('',*,*,#6299,.F.);
#6539 = ORIENTED_EDGE('',*,*,#6330,.F.);
#6540 = ORIENTED_EDGE('',*,*,#6361,.F.);
#6541 = ORIENTED_EDGE('',*,*,#6392,.F.);
#6542 = ORIENTED_EDGE('',*,*,#6425,.F.);
#6543 = ORIENTED_EDGE('',*,*,#6458,.F.);
#6544 = ORIENTED_EDGE('',*,*,#6491,.F.);
#6545 = ORIENTED_EDGE('',*,*,#6515,.F.);
#6546 = PLANE('',#6547);
#6547 = AXIS2_PLACEMENT_3D('',#6548,#6549,#6550);
#6548 = CARTESIAN_POINT('',(10.98692403543,26.005253979363,0.));
#6549 = DIRECTION('',(0.,0.,-1.));
#6550 = DIRECTION('',(-1.,0.,0.));
#6551 = ADVANCED_FACE('',(#6552),#6570,.F.);
#6552 = FACE_BOUND('',#6553,.F.);
#6553 = EDGE_LOOP('',(#6554,#6555,#6556,#6557,#6558,#6559,#6560,#6561,
    #6562,#6563,#6564,#6565,#6566,#6567,#6568,#6569));
#6554 = ORIENTED_EDGE('',*,*,#6025,.F.);
#6555 = ORIENTED_EDGE('',*,*,#6067,.F.);
#6556 = ORIENTED_EDGE('',*,*,#6098,.F.);
#6557 = ORIENTED_EDGE('',*,*,#6131,.F.);
#6558 = ORIENTED_EDGE('',*,*,#6164,.F.);
#6559 = ORIENTED_EDGE('',*,*,#6197,.F.);
#6560 = ORIENTED_EDGE('',*,*,#6230,.F.);
#6561 = ORIENTED_EDGE('',*,*,#6261,.F.);
#6562 = ORIENTED_EDGE('',*,*,#6292,.F.);
#6563 = ORIENTED_EDGE('',*,*,#6323,.F.);
#6564 = ORIENTED_EDGE('',*,*,#6354,.F.);
#6565 = ORIENTED_EDGE('',*,*,#6385,.F.);
#6566 = ORIENTED_EDGE('',*,*,#6418,.F.);
#6567 = ORIENTED_EDGE('',*,*,#6451,.F.);
#6568 = ORIENTED_EDGE('',*,*,#6484,.F.);
#6569 = ORIENTED_EDGE('',*,*,#6508,.F.);
#6570 = PLANE('',#6571);
#6571 = AXIS2_PLACEMENT_3D('',#6572,#6573,#6574);
#6572 = CARTESIAN_POINT('',(10.98692403543,26.005253979363,8.E-02));
#6573 = DIRECTION('',(0.,0.,-1.));
#6574 = DIRECTION('',(-1.,0.,0.));
#6575 = MANIFOLD_SOLID_BREP('',#6576);
#6576 = CLOSED_SHELL('',(#6577,#6617,#6650,#6683,#6716,#6749,#6782,#6815
    ,#6848,#6881,#6912,#6943,#6974,#6996,#7038,#7071,#7104,#7137,#7170,
    #7203,#7236,#7260,#7291));
#6577 = ADVANCED_FACE('',(#6578),#6612,.F.);
#6578 = FACE_BOUND('',#6579,.F.);
#6579 = EDGE_LOOP('',(#6580,#6590,#6598,#6606));
#6580 = ORIENTED_EDGE('',*,*,#6581,.T.);
#6581 = EDGE_CURVE('',#6582,#6584,#6586,.T.);
#6582 = VERTEX_POINT('',#6583);
#6583 = CARTESIAN_POINT('',(8.374440757207,26.485952540806,0.));
#6584 = VERTEX_POINT('',#6585);
#6585 = CARTESIAN_POINT('',(8.374440757207,26.485952540806,8.E-02));
#6586 = LINE('',#6587,#6588);
#6587 = CARTESIAN_POINT('',(8.374440757207,26.485952540806,0.));
#6588 = VECTOR('',#6589,1.);
#6589 = DIRECTION('',(0.,0.,1.));
#6590 = ORIENTED_EDGE('',*,*,#6591,.T.);
#6591 = EDGE_CURVE('',#6584,#6592,#6594,.T.);
#6592 = VERTEX_POINT('',#6593);
#6593 = CARTESIAN_POINT('',(8.374440757207,27.581655665806,8.E-02));
#6594 = LINE('',#6595,#6596);
#6595 = CARTESIAN_POINT('',(8.374440757207,26.485952540806,8.E-02));
#6596 = VECTOR('',#6597,1.);
#6597 = DIRECTION('',(0.,1.,0.));
#6598 = ORIENTED_EDGE('',*,*,#6599,.F.);
#6599 = EDGE_CURVE('',#6600,#6592,#6602,.T.);
#6600 = VERTEX_POINT('',#6601);
#6601 = CARTESIAN_POINT('',(8.374440757207,27.581655665806,0.));
#6602 = LINE('',#6603,#6604);
#6603 = CARTESIAN_POINT('',(8.374440757207,27.581655665806,0.));
#6604 = VECTOR('',#6605,1.);
#6605 = DIRECTION('',(0.,0.,1.));
#6606 = ORIENTED_EDGE('',*,*,#6607,.F.);
#6607 = EDGE_CURVE('',#6582,#6600,#6608,.T.);
#6608 = LINE('',#6609,#6610);
#6609 = CARTESIAN_POINT('',(8.374440757207,26.485952540806,0.));
#6610 = VECTOR('',#6611,1.);
#6611 = DIRECTION('',(0.,1.,0.));
#6612 = PLANE('',#6613);
#6613 = AXIS2_PLACEMENT_3D('',#6614,#6615,#6616);
#6614 = CARTESIAN_POINT('',(8.374440757207,26.485952540806,0.));
#6615 = DIRECTION('',(-1.,0.,0.));
#6616 = DIRECTION('',(0.,1.,0.));
#6617 = ADVANCED_FACE('',(#6618),#6643,.F.);
#6618 = FACE_BOUND('',#6619,.F.);
#6619 = EDGE_LOOP('',(#6620,#6630,#6636,#6637));
#6620 = ORIENTED_EDGE('',*,*,#6621,.T.);
#6621 = EDGE_CURVE('',#6622,#6624,#6626,.T.);
#6622 = VERTEX_POINT('',#6623);
#6623 = CARTESIAN_POINT('',(8.605612632207,26.742046290806,0.));
#6624 = VERTEX_POINT('',#6625);
#6625 = CARTESIAN_POINT('',(8.605612632207,26.742046290806,8.E-02));
#6626 = LINE('',#6627,#6628);
#6627 = CARTESIAN_POINT('',(8.605612632207,26.742046290806,0.));
#6628 = VECTOR('',#6629,1.);
#6629 = DIRECTION('',(0.,0.,1.));
#6630 = ORIENTED_EDGE('',*,*,#6631,.T.);
#6631 = EDGE_CURVE('',#6624,#6584,#6632,.T.);
#6632 = B_SPLINE_CURVE_WITH_KNOTS('',2,(#6633,#6634,#6635),
  .UNSPECIFIED.,.F.,.F.,(3,3),(0.,1.),.PIECEWISE_BEZIER_KNOTS.);
#6633 = CARTESIAN_POINT('',(8.605612632207,26.742046290806,8.E-02));
#6634 = CARTESIAN_POINT('',(8.473882721492,26.656722630092,8.E-02));
#6635 = CARTESIAN_POINT('',(8.374440757207,26.485952540806,8.E-02));
#6636 = ORIENTED_EDGE('',*,*,#6581,.F.);
#6637 = ORIENTED_EDGE('',*,*,#6638,.F.);
#6638 = EDGE_CURVE('',#6622,#6582,#6639,.T.);
#6639 = B_SPLINE_CURVE_WITH_KNOTS('',2,(#6640,#6641,#6642),
  .UNSPECIFIED.,.F.,.F.,(3,3),(0.,1.),.PIECEWISE_BEZIER_KNOTS.);
#6640 = CARTESIAN_POINT('',(8.605612632207,26.742046290806,0.));
#6641 = CARTESIAN_POINT('',(8.473882721492,26.656722630092,0.));
#6642 = CARTESIAN_POINT('',(8.374440757207,26.485952540806,0.));
#6643 = SURFACE_OF_LINEAR_EXTRUSION('',#6644,#6648);
#6644 = B_SPLINE_CURVE_WITH_KNOTS('',2,(#6645,#6646,#6647),
  .UNSPECIFIED.,.F.,.F.,(3,3),(0.,1.),.PIECEWISE_BEZIER_KNOTS.);
#6645 = CARTESIAN_POINT('',(8.605612632207,26.742046290806,0.));
#6646 = CARTESIAN_POINT('',(8.473882721492,26.656722630092,0.));
#6647 = CARTESIAN_POINT('',(8.374440757207,26.485952540806,0.));
#6648 = VECTOR('',#6649,1.);
#6649 = DIRECTION('',(-0.,-0.,-1.));
#6650 = ADVANCED_FACE('',(#6651),#6676,.F.);
#6651 = FACE_BOUND('',#6652,.F.);
#6652 = EDGE_LOOP('',(#6653,#6663,#6669,#6670));
#6653 = ORIENTED_EDGE('',*,*,#6654,.T.);
#6654 = EDGE_CURVE('',#6655,#6657,#6659,.T.);
#6655 = VERTEX_POINT('',#6656);
#6656 = CARTESIAN_POINT('',(8.902956382207,26.827369951521,0.));
#6657 = VERTEX_POINT('',#6658);
#6658 = CARTESIAN_POINT('',(8.902956382207,26.827369951521,8.E-02));
#6659 = LINE('',#6660,#6661);
#6660 = CARTESIAN_POINT('',(8.902956382207,26.827369951521,0.));
#6661 = VECTOR('',#6662,1.);
#6662 = DIRECTION('',(0.,0.,1.));
#6663 = ORIENTED_EDGE('',*,*,#6664,.T.);
#6664 = EDGE_CURVE('',#6657,#6624,#6665,.T.);
#6665 = B_SPLINE_CURVE_WITH_KNOTS('',2,(#6666,#6667,#6668),
  .UNSPECIFIED.,.F.,.F.,(3,3),(0.,1.),.PIECEWISE_BEZIER_KNOTS.);
#6666 = CARTESIAN_POINT('',(8.902956382207,26.827369951521,8.E-02));
#6667 = CARTESIAN_POINT('',(8.737219775064,26.827369951521,8.E-02));
#6668 = CARTESIAN_POINT('',(8.605612632207,26.742046290806,8.E-02));
#6669 = ORIENTED_EDGE('',*,*,#6621,.F.);
#6670 = ORIENTED_EDGE('',*,*,#6671,.F.);
#6671 = EDGE_CURVE('',#6655,#6622,#6672,.T.);
#6672 = B_SPLINE_CURVE_WITH_KNOTS('',2,(#6673,#6674,#6675),
  .UNSPECIFIED.,.F.,.F.,(3,3),(0.,1.),.PIECEWISE_BEZIER_KNOTS.);
#6673 = CARTESIAN_POINT('',(8.902956382207,26.827369951521,0.));
#6674 = CARTESIAN_POINT('',(8.737219775064,26.827369951521,0.));
#6675 = CARTESIAN_POINT('',(8.605612632207,26.742046290806,0.));
#6676 = SURFACE_OF_LINEAR_EXTRUSION('',#6677,#6681);
#6677 = B_SPLINE_CURVE_WITH_KNOTS('',2,(#6678,#6679,#6680),
  .UNSPECIFIED.,.F.,.F.,(3,3),(0.,1.),.PIECEWISE_BEZIER_KNOTS.);
#6678 = CARTESIAN_POINT('',(8.902956382207,26.827369951521,0.));
#6679 = CARTESIAN_POINT('',(8.737219775064,26.827369951521,0.));
#6680 = CARTESIAN_POINT('',(8.605612632207,26.742046290806,0.));
#6681 = VECTOR('',#6682,1.);
#6682 = DIRECTION('',(-0.,-0.,-1.));
#6683 = ADVANCED_FACE('',(#6684),#6709,.F.);
#6684 = FACE_BOUND('',#6685,.F.);
#6685 = EDGE_LOOP('',(#6686,#6696,#6702,#6703));
#6686 = ORIENTED_EDGE('',*,*,#6687,.T.);
#6687 = EDGE_CURVE('',#6688,#6690,#6692,.T.);
#6688 = VERTEX_POINT('',#6689);
#6689 = CARTESIAN_POINT('',(9.467442989349,26.547090933664,0.));
#6690 = VERTEX_POINT('',#6691);
#6691 = CARTESIAN_POINT('',(9.467442989349,26.547090933664,8.E-02));
#6692 = LINE('',#6693,#6694);
#6693 = CARTESIAN_POINT('',(9.467442989349,26.547090933664,0.));
#6694 = VECTOR('',#6695,1.);
#6695 = DIRECTION('',(0.,0.,1.));
#6696 = ORIENTED_EDGE('',*,*,#6697,.T.);
#6697 = EDGE_CURVE('',#6690,#6657,#6698,.T.);
#6698 = B_SPLINE_CURVE_WITH_KNOTS('',2,(#6699,#6700,#6701),
  .UNSPECIFIED.,.F.,.F.,(3,3),(0.,1.),.PIECEWISE_BEZIER_KNOTS.);
#6699 = CARTESIAN_POINT('',(9.467442989349,26.547090933664,8.E-02));
#6700 = CARTESIAN_POINT('',(9.269418435778,26.827369951521,8.E-02));
#6701 = CARTESIAN_POINT('',(8.902956382207,26.827369951521,8.E-02));
#6702 = ORIENTED_EDGE('',*,*,#6654,.F.);
#6703 = ORIENTED_EDGE('',*,*,#6704,.F.);
#6704 = EDGE_CURVE('',#6688,#6655,#6705,.T.);
#6705 = B_SPLINE_CURVE_WITH_KNOTS('',2,(#6706,#6707,#6708),
  .UNSPECIFIED.,.F.,.F.,(3,3),(0.,1.),.PIECEWISE_BEZIER_KNOTS.);
#6706 = CARTESIAN_POINT('',(9.467442989349,26.547090933664,0.));
#6707 = CARTESIAN_POINT('',(9.269418435778,26.827369951521,0.));
#6708 = CARTESIAN_POINT('',(8.902956382207,26.827369951521,0.));
#6709 = SURFACE_OF_LINEAR_EXTRUSION('',#6710,#6714);
#6710 = B_SPLINE_CURVE_WITH_KNOTS('',2,(#6711,#6712,#6713),
  .UNSPECIFIED.,.F.,.F.,(3,3),(0.,1.),.PIECEWISE_BEZIER_KNOTS.);
#6711 = CARTESIAN_POINT('',(9.467442989349,26.547090933664,0.));
#6712 = CARTESIAN_POINT('',(9.269418435778,26.827369951521,0.));
#6713 = CARTESIAN_POINT('',(8.902956382207,26.827369951521,0.));
#6714 = VECTOR('',#6715,1.);
#6715 = DIRECTION('',(-0.,-0.,-1.));
#6716 = ADVANCED_FACE('',(#6717),#6742,.F.);
#6717 = FACE_BOUND('',#6718,.F.);
#6718 = EDGE_LOOP('',(#6719,#6729,#6735,#6736));
#6719 = ORIENTED_EDGE('',*,*,#6720,.T.);
#6720 = EDGE_CURVE('',#6721,#6723,#6725,.T.);
#6721 = VERTEX_POINT('',#6722);
#6722 = CARTESIAN_POINT('',(9.665344775064,25.743084237235,0.));
#6723 = VERTEX_POINT('',#6724);
#6724 = CARTESIAN_POINT('',(9.665344775064,25.743084237235,8.E-02));
#6725 = LINE('',#6726,#6727);
#6726 = CARTESIAN_POINT('',(9.665344775064,25.743084237235,0.));
#6727 = VECTOR('',#6728,1.);
#6728 = DIRECTION('',(0.,0.,1.));
#6729 = ORIENTED_EDGE('',*,*,#6730,.T.);
#6730 = EDGE_CURVE('',#6723,#6690,#6731,.T.);
#6731 = B_SPLINE_CURVE_WITH_KNOTS('',2,(#6732,#6733,#6734),
  .UNSPECIFIED.,.F.,.F.,(3,3),(0.,1.),.PIECEWISE_BEZIER_KNOTS.);
#6732 = CARTESIAN_POINT('',(9.665344775064,25.743084237235,8.E-02));
#6733 = CARTESIAN_POINT('',(9.665344775064,26.266811915806,8.E-02));
#6734 = CARTESIAN_POINT('',(9.467442989349,26.547090933664,8.E-02));
#6735 = ORIENTED_EDGE('',*,*,#6687,.F.);
#6736 = ORIENTED_EDGE('',*,*,#6737,.F.);
#6737 = EDGE_CURVE('',#6721,#6688,#6738,.T.);
#6738 = B_SPLINE_CURVE_WITH_KNOTS('',2,(#6739,#6740,#6741),
  .UNSPECIFIED.,.F.,.F.,(3,3),(0.,1.),.PIECEWISE_BEZIER_KNOTS.);
#6739 = CARTESIAN_POINT('',(9.665344775064,25.743084237235,0.));
#6740 = CARTESIAN_POINT('',(9.665344775064,26.266811915806,0.));
#6741 = CARTESIAN_POINT('',(9.467442989349,26.547090933664,0.));
#6742 = SURFACE_OF_LINEAR_EXTRUSION('',#6743,#6747);
#6743 = B_SPLINE_CURVE_WITH_KNOTS('',2,(#6744,#6745,#6746),
  .UNSPECIFIED.,.F.,.F.,(3,3),(0.,1.),.PIECEWISE_BEZIER_KNOTS.);
#6744 = CARTESIAN_POINT('',(9.665344775064,25.743084237235,0.));
#6745 = CARTESIAN_POINT('',(9.665344775064,26.266811915806,0.));
#6746 = CARTESIAN_POINT('',(9.467442989349,26.547090933664,0.));
#6747 = VECTOR('',#6748,1.);
#6748 = DIRECTION('',(-0.,-0.,-1.));
#6749 = ADVANCED_FACE('',(#6750),#6775,.F.);
#6750 = FACE_BOUND('',#6751,.F.);
#6751 = EDGE_LOOP('',(#6752,#6762,#6768,#6769));
#6752 = ORIENTED_EDGE('',*,*,#6753,.T.);
#6753 = EDGE_CURVE('',#6754,#6756,#6758,.T.);
#6754 = VERTEX_POINT('',#6755);
#6755 = CARTESIAN_POINT('',(9.470143882207,24.942760576521,0.));
#6756 = VERTEX_POINT('',#6757);
#6757 = CARTESIAN_POINT('',(9.470143882207,24.942760576521,8.E-02));
#6758 = LINE('',#6759,#6760);
#6759 = CARTESIAN_POINT('',(9.470143882207,24.942760576521,0.));
#6760 = VECTOR('',#6761,1.);
#6761 = DIRECTION('',(0.,0.,1.));
#6762 = ORIENTED_EDGE('',*,*,#6763,.T.);
#6763 = EDGE_CURVE('',#6756,#6723,#6764,.T.);
#6764 = B_SPLINE_CURVE_WITH_KNOTS('',2,(#6765,#6766,#6767),
  .UNSPECIFIED.,.F.,.F.,(3,3),(0.,1.),.PIECEWISE_BEZIER_KNOTS.);
#6765 = CARTESIAN_POINT('',(9.470143882207,24.942760576521,8.E-02));
#6766 = CARTESIAN_POINT('',(9.665344775064,25.226722630092,8.E-02));
#6767 = CARTESIAN_POINT('',(9.665344775064,25.743084237235,8.E-02));
#6768 = ORIENTED_EDGE('',*,*,#6720,.F.);
#6769 = ORIENTED_EDGE('',*,*,#6770,.F.);
#6770 = EDGE_CURVE('',#6754,#6721,#6771,.T.);
#6771 = B_SPLINE_CURVE_WITH_KNOTS('',2,(#6772,#6773,#6774),
  .UNSPECIFIED.,.F.,.F.,(3,3),(0.,1.),.PIECEWISE_BEZIER_KNOTS.);
#6772 = CARTESIAN_POINT('',(9.470143882207,24.942760576521,0.));
#6773 = CARTESIAN_POINT('',(9.665344775064,25.226722630092,0.));
#6774 = CARTESIAN_POINT('',(9.665344775064,25.743084237235,0.));
#6775 = SURFACE_OF_LINEAR_EXTRUSION('',#6776,#6780);
#6776 = B_SPLINE_CURVE_WITH_KNOTS('',2,(#6777,#6778,#6779),
  .UNSPECIFIED.,.F.,.F.,(3,3),(0.,1.),.PIECEWISE_BEZIER_KNOTS.);
#6777 = CARTESIAN_POINT('',(9.470143882207,24.942760576521,0.));
#6778 = CARTESIAN_POINT('',(9.665344775064,25.226722630092,0.));
#6779 = CARTESIAN_POINT('',(9.665344775064,25.743084237235,0.));
#6780 = VECTOR('',#6781,1.);
#6781 = DIRECTION('',(-0.,-0.,-1.));
#6782 = ADVANCED_FACE('',(#6783),#6808,.F.);
#6783 = FACE_BOUND('',#6784,.F.);
#6784 = EDGE_LOOP('',(#6785,#6795,#6801,#6802));
#6785 = ORIENTED_EDGE('',*,*,#6786,.T.);
#6786 = EDGE_CURVE('',#6787,#6789,#6791,.T.);
#6787 = VERTEX_POINT('',#6788);
#6788 = CARTESIAN_POINT('',(8.921371560778,24.658798522949,0.));
#6789 = VERTEX_POINT('',#6790);
#6790 = CARTESIAN_POINT('',(8.921371560778,24.658798522949,8.E-02));
#6791 = LINE('',#6792,#6793);
#6792 = CARTESIAN_POINT('',(8.921371560778,24.658798522949,0.));
#6793 = VECTOR('',#6794,1.);
#6794 = DIRECTION('',(0.,0.,1.));
#6795 = ORIENTED_EDGE('',*,*,#6796,.T.);
#6796 = EDGE_CURVE('',#6789,#6756,#6797,.T.);
#6797 = B_SPLINE_CURVE_WITH_KNOTS('',2,(#6798,#6799,#6800),
  .UNSPECIFIED.,.F.,.F.,(3,3),(0.,1.),.PIECEWISE_BEZIER_KNOTS.);
#6798 = CARTESIAN_POINT('',(8.921371560778,24.658798522949,8.E-02));
#6799 = CARTESIAN_POINT('',(9.274942989349,24.658798522949,8.E-02));
#6800 = CARTESIAN_POINT('',(9.470143882207,24.942760576521,8.E-02));
#6801 = ORIENTED_EDGE('',*,*,#6753,.F.);
#6802 = ORIENTED_EDGE('',*,*,#6803,.F.);
#6803 = EDGE_CURVE('',#6787,#6754,#6804,.T.);
#6804 = B_SPLINE_CURVE_WITH_KNOTS('',2,(#6805,#6806,#6807),
  .UNSPECIFIED.,.F.,.F.,(3,3),(0.,1.),.PIECEWISE_BEZIER_KNOTS.);
#6805 = CARTESIAN_POINT('',(8.921371560778,24.658798522949,0.));
#6806 = CARTESIAN_POINT('',(9.274942989349,24.658798522949,0.));
#6807 = CARTESIAN_POINT('',(9.470143882207,24.942760576521,0.));
#6808 = SURFACE_OF_LINEAR_EXTRUSION('',#6809,#6813);
#6809 = B_SPLINE_CURVE_WITH_KNOTS('',2,(#6810,#6811,#6812),
  .UNSPECIFIED.,.F.,.F.,(3,3),(0.,1.),.PIECEWISE_BEZIER_KNOTS.);
#6810 = CARTESIAN_POINT('',(8.921371560778,24.658798522949,0.));
#6811 = CARTESIAN_POINT('',(9.274942989349,24.658798522949,0.));
#6812 = CARTESIAN_POINT('',(9.470143882207,24.942760576521,0.));
#6813 = VECTOR('',#6814,1.);
#6814 = DIRECTION('',(-0.,-0.,-1.));
#6815 = ADVANCED_FACE('',(#6816),#6841,.F.);
#6816 = FACE_BOUND('',#6817,.F.);
#6817 = EDGE_LOOP('',(#6818,#6828,#6834,#6835));
#6818 = ORIENTED_EDGE('',*,*,#6819,.T.);
#6819 = EDGE_CURVE('',#6820,#6822,#6824,.T.);
#6820 = VERTEX_POINT('',#6821);
#6821 = CARTESIAN_POINT('',(8.598246560778,24.748664594378,0.));
#6822 = VERTEX_POINT('',#6823);
#6823 = CARTESIAN_POINT('',(8.598246560778,24.748664594378,8.E-02));
#6824 = LINE('',#6825,#6826);
#6825 = CARTESIAN_POINT('',(8.598246560778,24.748664594378,0.));
#6826 = VECTOR('',#6827,1.);
#6827 = DIRECTION('',(0.,0.,1.));
#6828 = ORIENTED_EDGE('',*,*,#6829,.T.);
#6829 = EDGE_CURVE('',#6822,#6789,#6830,.T.);
#6830 = B_SPLINE_CURVE_WITH_KNOTS('',2,(#6831,#6832,#6833),
  .UNSPECIFIED.,.F.,.F.,(3,3),(0.,1.),.PIECEWISE_BEZIER_KNOTS.);
#6831 = CARTESIAN_POINT('',(8.598246560778,24.748664594378,8.E-02));
#6832 = CARTESIAN_POINT('',(8.735378257207,24.658798522949,8.E-02));
#6833 = CARTESIAN_POINT('',(8.921371560778,24.658798522949,8.E-02));
#6834 = ORIENTED_EDGE('',*,*,#6786,.F.);
#6835 = ORIENTED_EDGE('',*,*,#6836,.F.);
#6836 = EDGE_CURVE('',#6820,#6787,#6837,.T.);
#6837 = B_SPLINE_CURVE_WITH_KNOTS('',2,(#6838,#6839,#6840),
  .UNSPECIFIED.,.F.,.F.,(3,3),(0.,1.),.PIECEWISE_BEZIER_KNOTS.);
#6838 = CARTESIAN_POINT('',(8.598246560778,24.748664594378,0.));
#6839 = CARTESIAN_POINT('',(8.735378257207,24.658798522949,0.));
#6840 = CARTESIAN_POINT('',(8.921371560778,24.658798522949,0.));
#6841 = SURFACE_OF_LINEAR_EXTRUSION('',#6842,#6846);
#6842 = B_SPLINE_CURVE_WITH_KNOTS('',2,(#6843,#6844,#6845),
  .UNSPECIFIED.,.F.,.F.,(3,3),(0.,1.),.PIECEWISE_BEZIER_KNOTS.);
#6843 = CARTESIAN_POINT('',(8.598246560778,24.748664594378,0.));
#6844 = CARTESIAN_POINT('',(8.735378257207,24.658798522949,0.));
#6845 = CARTESIAN_POINT('',(8.921371560778,24.658798522949,0.));
#6846 = VECTOR('',#6847,1.);
#6847 = DIRECTION('',(-0.,-0.,-1.));
#6848 = ADVANCED_FACE('',(#6849),#6874,.F.);
#6849 = FACE_BOUND('',#6850,.F.);
#6850 = EDGE_LOOP('',(#6851,#6861,#6867,#6868));
#6851 = ORIENTED_EDGE('',*,*,#6852,.T.);
#6852 = EDGE_CURVE('',#6853,#6855,#6857,.T.);
#6853 = VERTEX_POINT('',#6854);
#6854 = CARTESIAN_POINT('',(8.374440757207,25.016666826521,0.));
#6855 = VERTEX_POINT('',#6856);
#6856 = CARTESIAN_POINT('',(8.374440757207,25.016666826521,8.E-02));
#6857 = LINE('',#6858,#6859);
#6858 = CARTESIAN_POINT('',(8.374440757207,25.016666826521,0.));
#6859 = VECTOR('',#6860,1.);
#6860 = DIRECTION('',(0.,0.,1.));
#6861 = ORIENTED_EDGE('',*,*,#6862,.T.);
#6862 = EDGE_CURVE('',#6855,#6822,#6863,.T.);
#6863 = B_SPLINE_CURVE_WITH_KNOTS('',2,(#6864,#6865,#6866),
  .UNSPECIFIED.,.F.,.F.,(3,3),(0.,1.),.PIECEWISE_BEZIER_KNOTS.);
#6864 = CARTESIAN_POINT('',(8.374440757207,25.016666826521,8.E-02));
#6865 = CARTESIAN_POINT('',(8.460992096492,24.838653433664,8.E-02));
#6866 = CARTESIAN_POINT('',(8.598246560778,24.748664594378,8.E-02));
#6867 = ORIENTED_EDGE('',*,*,#6819,.F.);
#6868 = ORIENTED_EDGE('',*,*,#6869,.F.);
#6869 = EDGE_CURVE('',#6853,#6820,#6870,.T.);
#6870 = B_SPLINE_CURVE_WITH_KNOTS('',2,(#6871,#6872,#6873),
  .UNSPECIFIED.,.F.,.F.,(3,3),(0.,1.),.PIECEWISE_BEZIER_KNOTS.);
#6871 = CARTESIAN_POINT('',(8.374440757207,25.016666826521,0.));
#6872 = CARTESIAN_POINT('',(8.460992096492,24.838653433664,0.));
#6873 = CARTESIAN_POINT('',(8.598246560778,24.748664594378,0.));
#6874 = SURFACE_OF_LINEAR_EXTRUSION('',#6875,#6879);
#6875 = B_SPLINE_CURVE_WITH_KNOTS('',2,(#6876,#6877,#6878),
  .UNSPECIFIED.,.F.,.F.,(3,3),(0.,1.),.PIECEWISE_BEZIER_KNOTS.);
#6876 = CARTESIAN_POINT('',(8.374440757207,25.016666826521,0.));
#6877 = CARTESIAN_POINT('',(8.460992096492,24.838653433664,0.));
#6878 = CARTESIAN_POINT('',(8.598246560778,24.748664594378,0.));
#6879 = VECTOR('',#6880,1.);
#6880 = DIRECTION('',(-0.,-0.,-1.));
#6881 = ADVANCED_FACE('',(#6882),#6907,.F.);
#6882 = FACE_BOUND('',#6883,.F.);
#6883 = EDGE_LOOP('',(#6884,#6894,#6900,#6901));
#6884 = ORIENTED_EDGE('',*,*,#6885,.T.);
#6885 = EDGE_CURVE('',#6886,#6888,#6890,.T.);
#6886 = VERTEX_POINT('',#6887);
#6887 = CARTESIAN_POINT('',(8.374440757207,24.713798522949,0.));
#6888 = VERTEX_POINT('',#6889);
#6889 = CARTESIAN_POINT('',(8.374440757207,24.713798522949,8.E-02));
#6890 = LINE('',#6891,#6892);
#6891 = CARTESIAN_POINT('',(8.374440757207,24.713798522949,0.));
#6892 = VECTOR('',#6893,1.);
#6893 = DIRECTION('',(0.,0.,1.));
#6894 = ORIENTED_EDGE('',*,*,#6895,.T.);
#6895 = EDGE_CURVE('',#6888,#6855,#6896,.T.);
#6896 = LINE('',#6897,#6898);
#6897 = CARTESIAN_POINT('',(8.374440757207,24.713798522949,8.E-02));
#6898 = VECTOR('',#6899,1.);
#6899 = DIRECTION('',(0.,1.,0.));
#6900 = ORIENTED_EDGE('',*,*,#6852,.F.);
#6901 = ORIENTED_EDGE('',*,*,#6902,.F.);
#6902 = EDGE_CURVE('',#6886,#6853,#6903,.T.);
#6903 = LINE('',#6904,#6905);
#6904 = CARTESIAN_POINT('',(8.374440757207,24.713798522949,0.));
#6905 = VECTOR('',#6906,1.);
#6906 = DIRECTION('',(0.,1.,0.));
#6907 = PLANE('',#6908);
#6908 = AXIS2_PLACEMENT_3D('',#6909,#6910,#6911);
#6909 = CARTESIAN_POINT('',(8.374440757207,24.713798522949,0.));
#6910 = DIRECTION('',(-1.,0.,0.));
#6911 = DIRECTION('',(0.,1.,0.));
#6912 = ADVANCED_FACE('',(#6913),#6938,.F.);
#6913 = FACE_BOUND('',#6914,.F.);
#6914 = EDGE_LOOP('',(#6915,#6925,#6931,#6932));
#6915 = ORIENTED_EDGE('',*,*,#6916,.T.);
#6916 = EDGE_CURVE('',#6917,#6919,#6921,.T.);
#6917 = VERTEX_POINT('',#6918);
#6918 = CARTESIAN_POINT('',(7.836717542921,24.713798522949,0.));
#6919 = VERTEX_POINT('',#6920);
#6920 = CARTESIAN_POINT('',(7.836717542921,24.713798522949,8.E-02));
#6921 = LINE('',#6922,#6923);
#6922 = CARTESIAN_POINT('',(7.836717542921,24.713798522949,0.));
#6923 = VECTOR('',#6924,1.);
#6924 = DIRECTION('',(0.,0.,1.));
#6925 = ORIENTED_EDGE('',*,*,#6926,.T.);
#6926 = EDGE_CURVE('',#6919,#6888,#6927,.T.);
#6927 = LINE('',#6928,#6929);
#6928 = CARTESIAN_POINT('',(7.836717542921,24.713798522949,8.E-02));
#6929 = VECTOR('',#6930,1.);
#6930 = DIRECTION('',(1.,0.,0.));
#6931 = ORIENTED_EDGE('',*,*,#6885,.F.);
#6932 = ORIENTED_EDGE('',*,*,#6933,.F.);
#6933 = EDGE_CURVE('',#6917,#6886,#6934,.T.);
#6934 = LINE('',#6935,#6936);
#6935 = CARTESIAN_POINT('',(7.836717542921,24.713798522949,0.));
#6936 = VECTOR('',#6937,1.);
#6937 = DIRECTION('',(1.,0.,0.));
#6938 = PLANE('',#6939);
#6939 = AXIS2_PLACEMENT_3D('',#6940,#6941,#6942);
#6940 = CARTESIAN_POINT('',(7.836717542921,24.713798522949,0.));
#6941 = DIRECTION('',(0.,1.,0.));
#6942 = DIRECTION('',(1.,0.,0.));
#6943 = ADVANCED_FACE('',(#6944),#6969,.F.);
#6944 = FACE_BOUND('',#6945,.F.);
#6945 = EDGE_LOOP('',(#6946,#6956,#6962,#6963));
#6946 = ORIENTED_EDGE('',*,*,#6947,.T.);
#6947 = EDGE_CURVE('',#6948,#6950,#6952,.T.);
#6948 = VERTEX_POINT('',#6949);
#6949 = CARTESIAN_POINT('',(7.836717542921,27.581655665806,0.));
#6950 = VERTEX_POINT('',#6951);
#6951 = CARTESIAN_POINT('',(7.836717542921,27.581655665806,8.E-02));
#6952 = LINE('',#6953,#6954);
#6953 = CARTESIAN_POINT('',(7.836717542921,27.581655665806,0.));
#6954 = VECTOR('',#6955,1.);
#6955 = DIRECTION('',(0.,0.,1.));
#6956 = ORIENTED_EDGE('',*,*,#6957,.T.);
#6957 = EDGE_CURVE('',#6950,#6919,#6958,.T.);
#6958 = LINE('',#6959,#6960);
#6959 = CARTESIAN_POINT('',(7.836717542921,27.581655665806,8.E-02));
#6960 = VECTOR('',#6961,1.);
#6961 = DIRECTION('',(0.,-1.,0.));
#6962 = ORIENTED_EDGE('',*,*,#6916,.F.);
#6963 = ORIENTED_EDGE('',*,*,#6964,.F.);
#6964 = EDGE_CURVE('',#6948,#6917,#6965,.T.);
#6965 = LINE('',#6966,#6967);
#6966 = CARTESIAN_POINT('',(7.836717542921,27.581655665806,0.));
#6967 = VECTOR('',#6968,1.);
#6968 = DIRECTION('',(0.,-1.,0.));
#6969 = PLANE('',#6970);
#6970 = AXIS2_PLACEMENT_3D('',#6971,#6972,#6973);
#6971 = CARTESIAN_POINT('',(7.836717542921,27.581655665806,0.));
#6972 = DIRECTION('',(1.,0.,-0.));
#6973 = DIRECTION('',(0.,-1.,0.));
#6974 = ADVANCED_FACE('',(#6975),#6991,.F.);
#6975 = FACE_BOUND('',#6976,.F.);
#6976 = EDGE_LOOP('',(#6977,#6978,#6984,#6985));
#6977 = ORIENTED_EDGE('',*,*,#6599,.T.);
#6978 = ORIENTED_EDGE('',*,*,#6979,.T.);
#6979 = EDGE_CURVE('',#6592,#6950,#6980,.T.);
#6980 = LINE('',#6981,#6982);
#6981 = CARTESIAN_POINT('',(8.374440757207,27.581655665806,8.E-02));
#6982 = VECTOR('',#6983,1.);
#6983 = DIRECTION('',(-1.,0.,0.));
#6984 = ORIENTED_EDGE('',*,*,#6947,.F.);
#6985 = ORIENTED_EDGE('',*,*,#6986,.F.);
#6986 = EDGE_CURVE('',#6600,#6948,#6987,.T.);
#6987 = LINE('',#6988,#6989);
#6988 = CARTESIAN_POINT('',(8.374440757207,27.581655665806,0.));
#6989 = VECTOR('',#6990,1.);
#6990 = DIRECTION('',(-1.,0.,0.));
#6991 = PLANE('',#6992);
#6992 = AXIS2_PLACEMENT_3D('',#6993,#6994,#6995);
#6993 = CARTESIAN_POINT('',(8.374440757207,27.581655665806,0.));
#6994 = DIRECTION('',(0.,-1.,0.));
#6995 = DIRECTION('',(-1.,0.,0.));
#6996 = ADVANCED_FACE('',(#6997),#7031,.F.);
#6997 = FACE_BOUND('',#6998,.F.);
#6998 = EDGE_LOOP('',(#6999,#7009,#7017,#7025));
#6999 = ORIENTED_EDGE('',*,*,#7000,.T.);
#7000 = EDGE_CURVE('',#7001,#7003,#7005,.T.);
#7001 = VERTEX_POINT('',#7002);
#7002 = CARTESIAN_POINT('',(9.125780042921,25.739155665806,0.));
#7003 = VERTEX_POINT('',#7004);
#7004 = CARTESIAN_POINT('',(9.125780042921,25.739155665806,8.E-02));
#7005 = LINE('',#7006,#7007);
#7006 = CARTESIAN_POINT('',(9.125780042921,25.739155665806,0.));
#7007 = VECTOR('',#7008,1.);
#7008 = DIRECTION('',(0.,0.,1.));
#7009 = ORIENTED_EDGE('',*,*,#7010,.T.);
#7010 = EDGE_CURVE('',#7003,#7011,#7013,.T.);
#7011 = VERTEX_POINT('',#7012);
#7012 = CARTESIAN_POINT('',(9.026338078635,25.269077540806,8.E-02));
#7013 = B_SPLINE_CURVE_WITH_KNOTS('',2,(#7014,#7015,#7016),
  .UNSPECIFIED.,.F.,.F.,(3,3),(0.,1.),.PIECEWISE_BEZIER_KNOTS.);
#7014 = CARTESIAN_POINT('',(9.125780042921,25.739155665806,8.E-02));
#7015 = CARTESIAN_POINT('',(9.125780042921,25.439356558664,8.E-02));
#7016 = CARTESIAN_POINT('',(9.026338078635,25.269077540806,8.E-02));
#7017 = ORIENTED_EDGE('',*,*,#7018,.F.);
#7018 = EDGE_CURVE('',#7019,#7011,#7021,.T.);
#7019 = VERTEX_POINT('',#7020);
#7020 = CARTESIAN_POINT('',(9.026338078635,25.269077540806,0.));
#7021 = LINE('',#7022,#7023);
#7022 = CARTESIAN_POINT('',(9.026338078635,25.269077540806,0.));
#7023 = VECTOR('',#7024,1.);
#7024 = DIRECTION('',(0.,0.,1.));
#7025 = ORIENTED_EDGE('',*,*,#7026,.F.);
#7026 = EDGE_CURVE('',#7001,#7019,#7027,.T.);
#7027 = B_SPLINE_CURVE_WITH_KNOTS('',2,(#7028,#7029,#7030),
  .UNSPECIFIED.,.F.,.F.,(3,3),(0.,1.),.PIECEWISE_BEZIER_KNOTS.);
#7028 = CARTESIAN_POINT('',(9.125780042921,25.739155665806,0.));
#7029 = CARTESIAN_POINT('',(9.125780042921,25.439356558664,0.));
#7030 = CARTESIAN_POINT('',(9.026338078635,25.269077540806,0.));
#7031 = SURFACE_OF_LINEAR_EXTRUSION('',#7032,#7036);
#7032 = B_SPLINE_CURVE_WITH_KNOTS('',2,(#7033,#7034,#7035),
  .UNSPECIFIED.,.F.,.F.,(3,3),(0.,1.),.PIECEWISE_BEZIER_KNOTS.);
#7033 = CARTESIAN_POINT('',(9.125780042921,25.739155665806,0.));
#7034 = CARTESIAN_POINT('',(9.125780042921,25.439356558664,0.));
#7035 = CARTESIAN_POINT('',(9.026338078635,25.269077540806,0.));
#7036 = VECTOR('',#7037,1.);
#7037 = DIRECTION('',(-0.,-0.,-1.));
#7038 = ADVANCED_FACE('',(#7039),#7064,.F.);
#7039 = FACE_BOUND('',#7040,.F.);
#7040 = EDGE_LOOP('',(#7041,#7051,#7057,#7058));
#7041 = ORIENTED_EDGE('',*,*,#7042,.T.);
#7042 = EDGE_CURVE('',#7043,#7045,#7047,.T.);
#7043 = VERTEX_POINT('',#7044);
#7044 = CARTESIAN_POINT('',(9.026338078635,26.209233790806,0.));
#7045 = VERTEX_POINT('',#7046);
#7046 = CARTESIAN_POINT('',(9.026338078635,26.209233790806,8.E-02));
#7047 = LINE('',#7048,#7049);
#7048 = CARTESIAN_POINT('',(9.026338078635,26.209233790806,0.));
#7049 = VECTOR('',#7050,1.);
#7050 = DIRECTION('',(0.,0.,1.));
#7051 = ORIENTED_EDGE('',*,*,#7052,.T.);
#7052 = EDGE_CURVE('',#7045,#7003,#7053,.T.);
#7053 = B_SPLINE_CURVE_WITH_KNOTS('',2,(#7054,#7055,#7056),
  .UNSPECIFIED.,.F.,.F.,(3,3),(0.,1.),.PIECEWISE_BEZIER_KNOTS.);
#7054 = CARTESIAN_POINT('',(9.026338078635,26.209233790806,8.E-02));
#7055 = CARTESIAN_POINT('',(9.125780042921,26.038954772949,8.E-02));
#7056 = CARTESIAN_POINT('',(9.125780042921,25.739155665806,8.E-02));
#7057 = ORIENTED_EDGE('',*,*,#7000,.F.);
#7058 = ORIENTED_EDGE('',*,*,#7059,.F.);
#7059 = EDGE_CURVE('',#7043,#7001,#7060,.T.);
#7060 = B_SPLINE_CURVE_WITH_KNOTS('',2,(#7061,#7062,#7063),
  .UNSPECIFIED.,.F.,.F.,(3,3),(0.,1.),.PIECEWISE_BEZIER_KNOTS.);
#7061 = CARTESIAN_POINT('',(9.026338078635,26.209233790806,0.));
#7062 = CARTESIAN_POINT('',(9.125780042921,26.038954772949,0.));
#7063 = CARTESIAN_POINT('',(9.125780042921,25.739155665806,0.));
#7064 = SURFACE_OF_LINEAR_EXTRUSION('',#7065,#7069);
#7065 = B_SPLINE_CURVE_WITH_KNOTS('',2,(#7066,#7067,#7068),
  .UNSPECIFIED.,.F.,.F.,(3,3),(0.,1.),.PIECEWISE_BEZIER_KNOTS.);
#7066 = CARTESIAN_POINT('',(9.026338078635,26.209233790806,0.));
#7067 = CARTESIAN_POINT('',(9.125780042921,26.038954772949,0.));
#7068 = CARTESIAN_POINT('',(9.125780042921,25.739155665806,0.));
#7069 = VECTOR('',#7070,1.);
#7070 = DIRECTION('',(-0.,-0.,-1.));
#7071 = ADVANCED_FACE('',(#7072),#7097,.F.);
#7072 = FACE_BOUND('',#7073,.F.);
#7073 = EDGE_LOOP('',(#7074,#7084,#7090,#7091));
#7074 = ORIENTED_EDGE('',*,*,#7075,.T.);
#7075 = EDGE_CURVE('',#7076,#7078,#7080,.T.);
#7076 = VERTEX_POINT('',#7077);
#7077 = CARTESIAN_POINT('',(8.751951917921,26.379512808664,0.));
#7078 = VERTEX_POINT('',#7079);
#7079 = CARTESIAN_POINT('',(8.751951917921,26.379512808664,8.E-02));
#7080 = LINE('',#7081,#7082);
#7081 = CARTESIAN_POINT('',(8.751951917921,26.379512808664,0.));
#7082 = VECTOR('',#7083,1.);
#7083 = DIRECTION('',(0.,0.,1.));
#7084 = ORIENTED_EDGE('',*,*,#7085,.T.);
#7085 = EDGE_CURVE('',#7078,#7045,#7086,.T.);
#7086 = B_SPLINE_CURVE_WITH_KNOTS('',2,(#7087,#7088,#7089),
  .UNSPECIFIED.,.F.,.F.,(3,3),(0.,1.),.PIECEWISE_BEZIER_KNOTS.);
#7087 = CARTESIAN_POINT('',(8.751951917921,26.379512808664,8.E-02));
#7088 = CARTESIAN_POINT('',(8.926896114349,26.379512808664,8.E-02));
#7089 = CARTESIAN_POINT('',(9.026338078635,26.209233790806,8.E-02));
#7090 = ORIENTED_EDGE('',*,*,#7042,.F.);
#7091 = ORIENTED_EDGE('',*,*,#7092,.F.);
#7092 = EDGE_CURVE('',#7076,#7043,#7093,.T.);
#7093 = B_SPLINE_CURVE_WITH_KNOTS('',2,(#7094,#7095,#7096),
  .UNSPECIFIED.,.F.,.F.,(3,3),(0.,1.),.PIECEWISE_BEZIER_KNOTS.);
#7094 = CARTESIAN_POINT('',(8.751951917921,26.379512808664,0.));
#7095 = CARTESIAN_POINT('',(8.926896114349,26.379512808664,0.));
#7096 = CARTESIAN_POINT('',(9.026338078635,26.209233790806,0.));
#7097 = SURFACE_OF_LINEAR_EXTRUSION('',#7098,#7102);
#7098 = B_SPLINE_CURVE_WITH_KNOTS('',2,(#7099,#7100,#7101),
  .UNSPECIFIED.,.F.,.F.,(3,3),(0.,1.),.PIECEWISE_BEZIER_KNOTS.);
#7099 = CARTESIAN_POINT('',(8.751951917921,26.379512808664,0.));
#7100 = CARTESIAN_POINT('',(8.926896114349,26.379512808664,0.));
#7101 = CARTESIAN_POINT('',(9.026338078635,26.209233790806,0.));
#7102 = VECTOR('',#7103,1.);
#7103 = DIRECTION('',(-0.,-0.,-1.));
#7104 = ADVANCED_FACE('',(#7105),#7130,.F.);
#7105 = FACE_BOUND('',#7106,.F.);
#7106 = EDGE_LOOP('',(#7107,#7117,#7123,#7124));
#7107 = ORIENTED_EDGE('',*,*,#7108,.T.);
#7108 = EDGE_CURVE('',#7109,#7111,#7113,.T.);
#7109 = VERTEX_POINT('',#7110);
#7110 = CARTESIAN_POINT('',(8.475724239349,26.209233790806,0.));
#7111 = VERTEX_POINT('',#7112);
#7112 = CARTESIAN_POINT('',(8.475724239349,26.209233790806,8.E-02));
#7113 = LINE('',#7114,#7115);
#7114 = CARTESIAN_POINT('',(8.475724239349,26.209233790806,0.));
#7115 = VECTOR('',#7116,1.);
#7116 = DIRECTION('',(0.,0.,1.));
#7117 = ORIENTED_EDGE('',*,*,#7118,.T.);
#7118 = EDGE_CURVE('',#7111,#7078,#7119,.T.);
#7119 = B_SPLINE_CURVE_WITH_KNOTS('',2,(#7120,#7121,#7122),
  .UNSPECIFIED.,.F.,.F.,(3,3),(0.,1.),.PIECEWISE_BEZIER_KNOTS.);
#7120 = CARTESIAN_POINT('',(8.475724239349,26.209233790806,8.E-02));
#7121 = CARTESIAN_POINT('',(8.577007721492,26.379512808664,8.E-02));
#7122 = CARTESIAN_POINT('',(8.751951917921,26.379512808664,8.E-02));
#7123 = ORIENTED_EDGE('',*,*,#7075,.F.);
#7124 = ORIENTED_EDGE('',*,*,#7125,.F.);
#7125 = EDGE_CURVE('',#7109,#7076,#7126,.T.);
#7126 = B_SPLINE_CURVE_WITH_KNOTS('',2,(#7127,#7128,#7129),
  .UNSPECIFIED.,.F.,.F.,(3,3),(0.,1.),.PIECEWISE_BEZIER_KNOTS.);
#7127 = CARTESIAN_POINT('',(8.475724239349,26.209233790806,0.));
#7128 = CARTESIAN_POINT('',(8.577007721492,26.379512808664,0.));
#7129 = CARTESIAN_POINT('',(8.751951917921,26.379512808664,0.));
#7130 = SURFACE_OF_LINEAR_EXTRUSION('',#7131,#7135);
#7131 = B_SPLINE_CURVE_WITH_KNOTS('',2,(#7132,#7133,#7134),
  .UNSPECIFIED.,.F.,.F.,(3,3),(0.,1.),.PIECEWISE_BEZIER_KNOTS.);
#7132 = CARTESIAN_POINT('',(8.475724239349,26.209233790806,0.));
#7133 = CARTESIAN_POINT('',(8.577007721492,26.379512808664,0.));
#7134 = CARTESIAN_POINT('',(8.751951917921,26.379512808664,0.));
#7135 = VECTOR('',#7136,1.);
#7136 = DIRECTION('',(-0.,-0.,-1.));
#7137 = ADVANCED_FACE('',(#7138),#7163,.F.);
#7138 = FACE_BOUND('',#7139,.F.);
#7139 = EDGE_LOOP('',(#7140,#7150,#7156,#7157));
#7140 = ORIENTED_EDGE('',*,*,#7141,.T.);
#7141 = EDGE_CURVE('',#7142,#7144,#7146,.T.);
#7142 = VERTEX_POINT('',#7143);
#7143 = CARTESIAN_POINT('',(8.374440757207,25.739155665806,0.));
#7144 = VERTEX_POINT('',#7145);
#7145 = CARTESIAN_POINT('',(8.374440757207,25.739155665806,8.E-02));
#7146 = LINE('',#7147,#7148);
#7147 = CARTESIAN_POINT('',(8.374440757207,25.739155665806,0.));
#7148 = VECTOR('',#7149,1.);
#7149 = DIRECTION('',(0.,0.,1.));
#7150 = ORIENTED_EDGE('',*,*,#7151,.T.);
#7151 = EDGE_CURVE('',#7144,#7111,#7152,.T.);
#7152 = B_SPLINE_CURVE_WITH_KNOTS('',2,(#7153,#7154,#7155),
  .UNSPECIFIED.,.F.,.F.,(3,3),(0.,1.),.PIECEWISE_BEZIER_KNOTS.);
#7153 = CARTESIAN_POINT('',(8.374440757207,25.739155665806,8.E-02));
#7154 = CARTESIAN_POINT('',(8.374440757207,26.038954772949,8.E-02));
#7155 = CARTESIAN_POINT('',(8.475724239349,26.209233790806,8.E-02));
#7156 = ORIENTED_EDGE('',*,*,#7108,.F.);
#7157 = ORIENTED_EDGE('',*,*,#7158,.F.);
#7158 = EDGE_CURVE('',#7142,#7109,#7159,.T.);
#7159 = B_SPLINE_CURVE_WITH_KNOTS('',2,(#7160,#7161,#7162),
  .UNSPECIFIED.,.F.,.F.,(3,3),(0.,1.),.PIECEWISE_BEZIER_KNOTS.);
#7160 = CARTESIAN_POINT('',(8.374440757207,25.739155665806,0.));
#7161 = CARTESIAN_POINT('',(8.374440757207,26.038954772949,0.));
#7162 = CARTESIAN_POINT('',(8.475724239349,26.209233790806,0.));
#7163 = SURFACE_OF_LINEAR_EXTRUSION('',#7164,#7168);
#7164 = B_SPLINE_CURVE_WITH_KNOTS('',2,(#7165,#7166,#7167),
  .UNSPECIFIED.,.F.,.F.,(3,3),(0.,1.),.PIECEWISE_BEZIER_KNOTS.);
#7165 = CARTESIAN_POINT('',(8.374440757207,25.739155665806,0.));
#7166 = CARTESIAN_POINT('',(8.374440757207,26.038954772949,0.));
#7167 = CARTESIAN_POINT('',(8.475724239349,26.209233790806,0.));
#7168 = VECTOR('',#7169,1.);
#7169 = DIRECTION('',(-0.,-0.,-1.));
#7170 = ADVANCED_FACE('',(#7171),#7196,.F.);
#7171 = FACE_BOUND('',#7172,.F.);
#7172 = EDGE_LOOP('',(#7173,#7183,#7189,#7190));
#7173 = ORIENTED_EDGE('',*,*,#7174,.T.);
#7174 = EDGE_CURVE('',#7175,#7177,#7179,.T.);
#7175 = VERTEX_POINT('',#7176);
#7176 = CARTESIAN_POINT('',(8.475724239349,25.269077540806,0.));
#7177 = VERTEX_POINT('',#7178);
#7178 = CARTESIAN_POINT('',(8.475724239349,25.269077540806,8.E-02));
#7179 = LINE('',#7180,#7181);
#7180 = CARTESIAN_POINT('',(8.475724239349,25.269077540806,0.));
#7181 = VECTOR('',#7182,1.);
#7182 = DIRECTION('',(0.,0.,1.));
#7183 = ORIENTED_EDGE('',*,*,#7184,.T.);
#7184 = EDGE_CURVE('',#7177,#7144,#7185,.T.);
#7185 = B_SPLINE_CURVE_WITH_KNOTS('',2,(#7186,#7187,#7188),
  .UNSPECIFIED.,.F.,.F.,(3,3),(0.,1.),.PIECEWISE_BEZIER_KNOTS.);
#7186 = CARTESIAN_POINT('',(8.475724239349,25.269077540806,8.E-02));
#7187 = CARTESIAN_POINT('',(8.374440757207,25.439356558664,8.E-02));
#7188 = CARTESIAN_POINT('',(8.374440757207,25.739155665806,8.E-02));
#7189 = ORIENTED_EDGE('',*,*,#7141,.F.);
#7190 = ORIENTED_EDGE('',*,*,#7191,.F.);
#7191 = EDGE_CURVE('',#7175,#7142,#7192,.T.);
#7192 = B_SPLINE_CURVE_WITH_KNOTS('',2,(#7193,#7194,#7195),
  .UNSPECIFIED.,.F.,.F.,(3,3),(0.,1.),.PIECEWISE_BEZIER_KNOTS.);
#7193 = CARTESIAN_POINT('',(8.475724239349,25.269077540806,0.));
#7194 = CARTESIAN_POINT('',(8.374440757207,25.439356558664,0.));
#7195 = CARTESIAN_POINT('',(8.374440757207,25.739155665806,0.));
#7196 = SURFACE_OF_LINEAR_EXTRUSION('',#7197,#7201);
#7197 = B_SPLINE_CURVE_WITH_KNOTS('',2,(#7198,#7199,#7200),
  .UNSPECIFIED.,.F.,.F.,(3,3),(0.,1.),.PIECEWISE_BEZIER_KNOTS.);
#7198 = CARTESIAN_POINT('',(8.475724239349,25.269077540806,0.));
#7199 = CARTESIAN_POINT('',(8.374440757207,25.439356558664,0.));
#7200 = CARTESIAN_POINT('',(8.374440757207,25.739155665806,0.));
#7201 = VECTOR('',#7202,1.);
#7202 = DIRECTION('',(-0.,-0.,-1.));
#7203 = ADVANCED_FACE('',(#7204),#7229,.F.);
#7204 = FACE_BOUND('',#7205,.F.);
#7205 = EDGE_LOOP('',(#7206,#7216,#7222,#7223));
#7206 = ORIENTED_EDGE('',*,*,#7207,.T.);
#7207 = EDGE_CURVE('',#7208,#7210,#7212,.T.);
#7208 = VERTEX_POINT('',#7209);
#7209 = CARTESIAN_POINT('',(8.751951917921,25.098798522949,0.));
#7210 = VERTEX_POINT('',#7211);
#7211 = CARTESIAN_POINT('',(8.751951917921,25.098798522949,8.E-02));
#7212 = LINE('',#7213,#7214);
#7213 = CARTESIAN_POINT('',(8.751951917921,25.098798522949,0.));
#7214 = VECTOR('',#7215,1.);
#7215 = DIRECTION('',(0.,0.,1.));
#7216 = ORIENTED_EDGE('',*,*,#7217,.T.);
#7217 = EDGE_CURVE('',#7210,#7177,#7218,.T.);
#7218 = B_SPLINE_CURVE_WITH_KNOTS('',2,(#7219,#7220,#7221),
  .UNSPECIFIED.,.F.,.F.,(3,3),(0.,1.),.PIECEWISE_BEZIER_KNOTS.);
#7219 = CARTESIAN_POINT('',(8.751951917921,25.098798522949,8.E-02));
#7220 = CARTESIAN_POINT('',(8.577007721492,25.098798522949,8.E-02));
#7221 = CARTESIAN_POINT('',(8.475724239349,25.269077540806,8.E-02));
#7222 = ORIENTED_EDGE('',*,*,#7174,.F.);
#7223 = ORIENTED_EDGE('',*,*,#7224,.F.);
#7224 = EDGE_CURVE('',#7208,#7175,#7225,.T.);
#7225 = B_SPLINE_CURVE_WITH_KNOTS('',2,(#7226,#7227,#7228),
  .UNSPECIFIED.,.F.,.F.,(3,3),(0.,1.),.PIECEWISE_BEZIER_KNOTS.);
#7226 = CARTESIAN_POINT('',(8.751951917921,25.098798522949,0.));
#7227 = CARTESIAN_POINT('',(8.577007721492,25.098798522949,0.));
#7228 = CARTESIAN_POINT('',(8.475724239349,25.269077540806,0.));
#7229 = SURFACE_OF_LINEAR_EXTRUSION('',#7230,#7234);
#7230 = B_SPLINE_CURVE_WITH_KNOTS('',2,(#7231,#7232,#7233),
  .UNSPECIFIED.,.F.,.F.,(3,3),(0.,1.),.PIECEWISE_BEZIER_KNOTS.);
#7231 = CARTESIAN_POINT('',(8.751951917921,25.098798522949,0.));
#7232 = CARTESIAN_POINT('',(8.577007721492,25.098798522949,0.));
#7233 = CARTESIAN_POINT('',(8.475724239349,25.269077540806,0.));
#7234 = VECTOR('',#7235,1.);
#7235 = DIRECTION('',(-0.,-0.,-1.));
#7236 = ADVANCED_FACE('',(#7237),#7253,.F.);
#7237 = FACE_BOUND('',#7238,.F.);
#7238 = EDGE_LOOP('',(#7239,#7240,#7246,#7247));
#7239 = ORIENTED_EDGE('',*,*,#7018,.T.);
#7240 = ORIENTED_EDGE('',*,*,#7241,.T.);
#7241 = EDGE_CURVE('',#7011,#7210,#7242,.T.);
#7242 = B_SPLINE_CURVE_WITH_KNOTS('',2,(#7243,#7244,#7245),
  .UNSPECIFIED.,.F.,.F.,(3,3),(0.,1.),.PIECEWISE_BEZIER_KNOTS.);
#7243 = CARTESIAN_POINT('',(9.026338078635,25.269077540806,8.E-02));
#7244 = CARTESIAN_POINT('',(8.926896114349,25.098798522949,8.E-02));
#7245 = CARTESIAN_POINT('',(8.751951917921,25.098798522949,8.E-02));
#7246 = ORIENTED_EDGE('',*,*,#7207,.F.);
#7247 = ORIENTED_EDGE('',*,*,#7248,.F.);
#7248 = EDGE_CURVE('',#7019,#7208,#7249,.T.);
#7249 = B_SPLINE_CURVE_WITH_KNOTS('',2,(#7250,#7251,#7252),
  .UNSPECIFIED.,.F.,.F.,(3,3),(0.,1.),.PIECEWISE_BEZIER_KNOTS.);
#7250 = CARTESIAN_POINT('',(9.026338078635,25.269077540806,0.));
#7251 = CARTESIAN_POINT('',(8.926896114349,25.098798522949,0.));
#7252 = CARTESIAN_POINT('',(8.751951917921,25.098798522949,0.));
#7253 = SURFACE_OF_LINEAR_EXTRUSION('',#7254,#7258);
#7254 = B_SPLINE_CURVE_WITH_KNOTS('',2,(#7255,#7256,#7257),
  .UNSPECIFIED.,.F.,.F.,(3,3),(0.,1.),.PIECEWISE_BEZIER_KNOTS.);
#7255 = CARTESIAN_POINT('',(9.026338078635,25.269077540806,0.));
#7256 = CARTESIAN_POINT('',(8.926896114349,25.098798522949,0.));
#7257 = CARTESIAN_POINT('',(8.751951917921,25.098798522949,0.));
#7258 = VECTOR('',#7259,1.);
#7259 = DIRECTION('',(-0.,-0.,-1.));
#7260 = ADVANCED_FACE('',(#7261,#7276),#7286,.T.);
#7261 = FACE_BOUND('',#7262,.T.);
#7262 = EDGE_LOOP('',(#7263,#7264,#7265,#7266,#7267,#7268,#7269,#7270,
    #7271,#7272,#7273,#7274,#7275));
#7263 = ORIENTED_EDGE('',*,*,#6607,.F.);
#7264 = ORIENTED_EDGE('',*,*,#6638,.F.);
#7265 = ORIENTED_EDGE('',*,*,#6671,.F.);
#7266 = ORIENTED_EDGE('',*,*,#6704,.F.);
#7267 = ORIENTED_EDGE('',*,*,#6737,.F.);
#7268 = ORIENTED_EDGE('',*,*,#6770,.F.);
#7269 = ORIENTED_EDGE('',*,*,#6803,.F.);
#7270 = ORIENTED_EDGE('',*,*,#6836,.F.);
#7271 = ORIENTED_EDGE('',*,*,#6869,.F.);
#7272 = ORIENTED_EDGE('',*,*,#6902,.F.);
#7273 = ORIENTED_EDGE('',*,*,#6933,.F.);
#7274 = ORIENTED_EDGE('',*,*,#6964,.F.);
#7275 = ORIENTED_EDGE('',*,*,#6986,.F.);
#7276 = FACE_BOUND('',#7277,.T.);
#7277 = EDGE_LOOP('',(#7278,#7279,#7280,#7281,#7282,#7283,#7284,#7285));
#7278 = ORIENTED_EDGE('',*,*,#7026,.F.);
#7279 = ORIENTED_EDGE('',*,*,#7059,.F.);
#7280 = ORIENTED_EDGE('',*,*,#7092,.F.);
#7281 = ORIENTED_EDGE('',*,*,#7125,.F.);
#7282 = ORIENTED_EDGE('',*,*,#7158,.F.);
#7283 = ORIENTED_EDGE('',*,*,#7191,.F.);
#7284 = ORIENTED_EDGE('',*,*,#7224,.F.);
#7285 = ORIENTED_EDGE('',*,*,#7248,.F.);
#7286 = PLANE('',#7287);
#7287 = AXIS2_PLACEMENT_3D('',#7288,#7289,#7290);
#7288 = CARTESIAN_POINT('',(8.594277284053,25.953273074129,0.));
#7289 = DIRECTION('',(0.,0.,-1.));
#7290 = DIRECTION('',(-1.,0.,0.));
#7291 = ADVANCED_FACE('',(#7292,#7307),#7317,.F.);
#7292 = FACE_BOUND('',#7293,.F.);
#7293 = EDGE_LOOP('',(#7294,#7295,#7296,#7297,#7298,#7299,#7300,#7301,
    #7302,#7303,#7304,#7305,#7306));
#7294 = ORIENTED_EDGE('',*,*,#6591,.F.);
#7295 = ORIENTED_EDGE('',*,*,#6631,.F.);
#7296 = ORIENTED_EDGE('',*,*,#6664,.F.);
#7297 = ORIENTED_EDGE('',*,*,#6697,.F.);
#7298 = ORIENTED_EDGE('',*,*,#6730,.F.);
#7299 = ORIENTED_EDGE('',*,*,#6763,.F.);
#7300 = ORIENTED_EDGE('',*,*,#6796,.F.);
#7301 = ORIENTED_EDGE('',*,*,#6829,.F.);
#7302 = ORIENTED_EDGE('',*,*,#6862,.F.);
#7303 = ORIENTED_EDGE('',*,*,#6895,.F.);
#7304 = ORIENTED_EDGE('',*,*,#6926,.F.);
#7305 = ORIENTED_EDGE('',*,*,#6957,.F.);
#7306 = ORIENTED_EDGE('',*,*,#6979,.F.);
#7307 = FACE_BOUND('',#7308,.F.);
#7308 = EDGE_LOOP('',(#7309,#7310,#7311,#7312,#7313,#7314,#7315,#7316));
#7309 = ORIENTED_EDGE('',*,*,#7010,.F.);
#7310 = ORIENTED_EDGE('',*,*,#7052,.F.);
#7311 = ORIENTED_EDGE('',*,*,#7085,.F.);
#7312 = ORIENTED_EDGE('',*,*,#7118,.F.);
#7313 = ORIENTED_EDGE('',*,*,#7151,.F.);
#7314 = ORIENTED_EDGE('',*,*,#7184,.F.);
#7315 = ORIENTED_EDGE('',*,*,#7217,.F.);
#7316 = ORIENTED_EDGE('',*,*,#7241,.F.);
#7317 = PLANE('',#7318);
#7318 = AXIS2_PLACEMENT_3D('',#7319,#7320,#7321);
#7319 = CARTESIAN_POINT('',(8.594277284053,25.953273074129,8.E-02));
#7320 = DIRECTION('',(0.,0.,-1.));
#7321 = DIRECTION('',(-1.,0.,0.));
#7322 = ( GEOMETRIC_REPRESENTATION_CONTEXT(3) 
GLOBAL_UNCERTAINTY_ASSIGNED_CONTEXT((#7326)) 
GLOBAL_UNIT_ASSIGNED_CONTEXT((#7323,#7324,#7325)) REPRESENTATION_CONTEXT
('Context #1','3D Context with UNIT and UNCERTAINTY') );
#7323 = ( LENGTH_UNIT() NAMED_UNIT(*) SI_UNIT(.MILLI.,.METRE.) );
#7324 = ( NAMED_UNIT(*) PLANE_ANGLE_UNIT() SI_UNIT($,.RADIAN.) );
#7325 = ( NAMED_UNIT(*) SI_UNIT($,.STERADIAN.) SOLID_ANGLE_UNIT() );
#7326 = UNCERTAINTY_MEASURE_WITH_UNIT(LENGTH_MEASURE(1.E-07),#7323,
  'distance_accuracy_value','confusion accuracy');
#7327 = CONTEXT_DEPENDENT_SHAPE_REPRESENTATION(#7328,#7330);
#7328 = ( REPRESENTATION_RELATIONSHIP('','',#4979,#10) 
REPRESENTATION_RELATIONSHIP_WITH_TRANSFORMATION(#7329) 
SHAPE_REPRESENTATION_RELATIONSHIP() );
#7329 = ITEM_DEFINED_TRANSFORMATION('','',#11,#19);
#7330 = PRODUCT_DEFINITION_SHAPE('Placement','Placement of an item',
  #7331);
#7331 = NEXT_ASSEMBLY_USAGE_OCCURRENCE('2','Extrude','',#5,#4974,$);
#7332 = PRODUCT_RELATED_PRODUCT_CATEGORY('part',$,(#4976));
#7333 = MECHANICAL_DESIGN_GEOMETRIC_PRESENTATION_REPRESENTATION('',(
    #7334),#4961);
#7334 = STYLED_ITEM('color',(#7335),#37);
#7335 = PRESENTATION_STYLE_ASSIGNMENT((#7336,#7342));
#7336 = SURFACE_STYLE_USAGE(.BOTH.,#7337);
#7337 = SURFACE_SIDE_STYLE('',(#7338));
#7338 = SURFACE_STYLE_FILL_AREA(#7339);
#7339 = FILL_AREA_STYLE('',(#7340));
#7340 = FILL_AREA_STYLE_COLOUR('',#7341);
#7341 = COLOUR_RGB('',0.447058818107,0.474509808674,0.501960817233);
#7342 = CURVE_STYLE('',#7343,POSITIVE_LENGTH_MEASURE(0.1),#7344);
#7343 = DRAUGHTING_PRE_DEFINED_CURVE_FONT('continuous');
#7344 = COLOUR_RGB('',9.803921802644E-02,9.803921802644E-02,
  9.803921802644E-02);
#7345 = MECHANICAL_DESIGN_GEOMETRIC_PRESENTATION_REPRESENTATION('',(
    #7346,#7356,#7365,#7374),#7322);
#7346 = STYLED_ITEM('color',(#7347),#4980);
#7347 = PRESENTATION_STYLE_ASSIGNMENT((#7348,#7354));
#7348 = SURFACE_STYLE_USAGE(.BOTH.,#7349);
#7349 = SURFACE_SIDE_STYLE('',(#7350));
#7350 = SURFACE_STYLE_FILL_AREA(#7351);
#7351 = FILL_AREA_STYLE('',(#7352));
#7352 = FILL_AREA_STYLE_COLOUR('',#7353);
#7353 = COLOUR_RGB('',0.800000010877,0.800000010877,0.901960800373);
#7354 = CURVE_STYLE('',#7355,POSITIVE_LENGTH_MEASURE(0.1),#7344);
#7355 = DRAUGHTING_PRE_DEFINED_CURVE_FONT('continuous');
#7356 = STYLED_ITEM('color',(#7357),#5427);
#7357 = PRESENTATION_STYLE_ASSIGNMENT((#7358,#7363));
#7358 = SURFACE_STYLE_USAGE(.BOTH.,#7359);
#7359 = SURFACE_SIDE_STYLE('',(#7360));
#7360 = SURFACE_STYLE_FILL_AREA(#7361);
#7361 = FILL_AREA_STYLE('',(#7362));
#7362 = FILL_AREA_STYLE_COLOUR('',#7353);
#7363 = CURVE_STYLE('',#7364,POSITIVE_LENGTH_MEASURE(0.1),#7344);
#7364 = DRAUGHTING_PRE_DEFINED_CURVE_FONT('continuous');
#7365 = STYLED_ITEM('color',(#7366),#6009);
#7366 = PRESENTATION_STYLE_ASSIGNMENT((#7367,#7372));
#7367 = SURFACE_STYLE_USAGE(.BOTH.,#7368);
#7368 = SURFACE_SIDE_STYLE('',(#7369));
#7369 = SURFACE_STYLE_FILL_AREA(#7370);
#7370 = FILL_AREA_STYLE('',(#7371));
#7371 = FILL_AREA_STYLE_COLOUR('',#7353);
#7372 = CURVE_STYLE('',#7373,POSITIVE_LENGTH_MEASURE(0.1),#7344);
#7373 = DRAUGHTING_PRE_DEFINED_CURVE_FONT('continuous');
#7374 = STYLED_ITEM('color',(#7375),#6575);
#7375 = PRESENTATION_STYLE_ASSIGNMENT((#7376,#7381));
#7376 = SURFACE_STYLE_USAGE(.BOTH.,#7377);
#7377 = SURFACE_SIDE_STYLE('',(#7378));
#7378 = SURFACE_STYLE_FILL_AREA(#7379);
#7379 = FILL_AREA_STYLE('',(#7380));
#7380 = FILL_AREA_STYLE_COLOUR('',#7353);
#7381 = CURVE_STYLE('',#7382,POSITIVE_LENGTH_MEASURE(0.1),#7344);
#7382 = DRAUGHTING_PRE_DEFINED_CURVE_FONT('continuous');
ENDSEC;
END-ISO-10303-21;
